

===== 2026-08-18T00:09:54 START C:\Users\sasit\AppData\Local\Programs\Python\Python310\python.exe D:\kabu\main\1-スクリーニング自動化プログラム\main\fetch_all.py =====
=== fetch_all: TDnetデータ収集開始 ===
[backfill][DOC CACHE HIT] 482A 2026-08-17 1,051文字 「2026年8月期業績予想の修正に関するお知らせ」の再掲載について
[backfill][DOC CACHE HIT] 4019 2026-08-17 26,197文字 2026年12月期 第2四半期決算説明会書き起こし
[backfill][SOURCE 1/3] 2026-08-17 2026年8月期業績予想の修正に関するお知らせ
[backfill][TRY 1/3] 2026-08-17 2026年8月期業績予想の修正に関するお知らせ https://webapi.yanoshin.jp/rd.php?https://www.release.tdnet.info/inbs/140120260817521628.pdf
[backfill][UNUSABLE] 2026-08-17 2026年8月期業績予想の修正に関するお知らせ ctype=application/pdf bytes=100,551
[backfill][TRY 2/3] 2026-08-17 2026年8月期業績予想の修正に関するお知らせ http://webapi.yanoshin.jp/rd.php?https://www.release.tdnet.info/inbs/140120260817521628.pdf
[backfill][UNUSABLE] 2026-08-17 2026年8月期業績予想の修正に関するお知らせ ctype=application/pdf bytes=100,551
[backfill][TRY 3/3] 2026-08-17 2026年8月期業績予想の修正に関するお知らせ https://www.release.tdnet.info/inbs/140120260817521628.pdf
[backfill][UNUSABLE] 2026-08-17 2026年8月期業績予想の修正に関するお知らせ ctype=application/pdf bytes=100,551
[backfill][JPX FAST 2/3] 2026-08-17 2026年8月期業績予想の修正に関するお知らせ https://www2.jpx.co.jp/disc/482A0/140120260817521628.pdf
[backfill][TRY 1/1] 2026-08-17 2026年8月期業績予想の修正に関するお知らせ https://www2.jpx.co.jp/disc/482A0/140120260817521628.pdf
[backfill][HTTP 404] 2026-08-17 2026年8月期業績予想の修正に関するお知らせ
[backfill][SOURCE 3/3] 2026-08-17 2026年8月期業績予想の修正に関するお知らせ
[backfill][SKIP FAILCACHE] 2026-08-17 2026年8月期業績予想の修正に関するお知らせ https://www.release.tdnet.info/inbs/140120260817521628.pdf
[backfill][TRY 2/2] 2026-08-17 2026年8月期業績予想の修正に関するお知らせ http://www.release.tdnet.info/inbs/140120260817521628.pdf
[backfill][TIMEOUT 5s] 2026-08-17 2026年8月期業績予想の修正に関するお知らせ
[backfill][DOC EMPTY] 482A 2026-08-17 17:00:00 2026年8月期業績予想の修正に関するお知らせ raw=https://webapi.yanoshin.jp/rd.php?https://www.release.tdnet.info/inbs/140120260817521
[backfill][DOC CACHE HIT] 5534 2026-08-17 1,123文字 通期連結業績予想の修正に関するお知らせ
[backfill][DOC CACHE HIT] 6036 2026-08-17 28,949文字 （訂正）「2026年6月期第2四半期 決算説明会資料」の一部訂正について
[backfill][DOC CACHE HIT] 7044 2026-08-17 696文字 （訂正）「2026年12月期第２四半期（中間期）決算補足資料」の一部訂正について
[backfill][DOC CACHE HIT] 9439 2026-08-17 1,576文字 通期連結業績予想値と実績値との差異に関するお知らせ
[backfill][DOC CACHE HIT] 9439 2026-08-17 25,306文字 2026年6月期　決算短信〔日本基準〕（連結）
[backfill][DOC CACHE HIT] 9439 2026-08-17 1,166文字 剰余金の配当（無配）に関するお知らせ
[backfill][DOC CACHE HIT] 5251 2026-08-17 2,468文字 （再登録）「中間決算説明資料の開示に関するお知らせ」の再登録について
[backfill][DOC CACHE HIT] 6195 2026-08-17 31,592文字 （訂正・数値データ訂正）「2026年３月期　決算短信〔日本基準〕（連結）」の一部
[backfill][DOC CACHE HIT] 7042 2026-08-17 4,066文字 2027年３月期第１四半期決算説明資料
[backfill][DOC CACHE HIT] 8964 2026-08-17 37,819文字 2026年6月期　決算短信（ＲＥＩＴ）
[backfill][DOC CACHE HIT] 7177 2026-08-17 3,192文字 2026年７月の月次業績（速報）に関するお知らせ
[backfill][DOC CACHE HIT] 3168 2026-08-17 1,149文字 特別配当および期末配当予想の修正に関するお知らせ
[backfill][DOC CACHE HIT] 367A 2026-08-17 500文字 連結子会社からの剰余金の配当受領に関するお知らせ
[backfill][DOC CACHE HIT] 4484 2026-08-17 6,345文字 2027年３月期 第１四半期決算説明会レポート（書き起こし）
[backfill][DOC CACHE HIT] 4651 2026-08-17 9,960文字 2027年３月期　第１四半期決算短信〔日本基準〕（連結）
[backfill][DOC CACHE HIT] 4651 2026-08-17 21,202文字 2027年３月期　第１四半期決算説明資料
[backfill][DOC CACHE HIT] 5242 2026-08-17 1,063文字 2026年12月期第２四半期決算説明会 質疑応答（要旨）
[backfill][DOC CACHE HIT] 7069 2026-08-17 675文字 （訂正）「2026年9月期 第3四半期決算説明資料」の一部訂正について
[backfill][DOC CACHE HIT] 8951 2026-08-17 39,641文字 2026年６月期　決算短信（ＲＥＩＴ）
[backfill][DOC CACHE HIT] 8951 2026-08-17 9,069文字 2026年６月期_決算概要
[backfill][DOC CACHE HIT] 8955 2026-08-17 42,496文字 2026年6月期　決算短信（ＲＥＩＴ）
[backfill][DOC CACHE HIT] 8955 2026-08-17 48,751文字 2026年6月期（第49期）決算説明資料
[backfill][DOC CACHE HIT] 9284 2026-08-17 50,474文字 2026年６月期 決算短信（インフラファンド）
[backfill][DOC CACHE HIT] 2461 2026-08-17 3,208文字 2026年12月期7月度 月次業績速報のお知らせ
[backfill][DOC CACHE HIT] 264A 2026-08-17 891文字 （訂正）「2026年９月期第３四半期決算説明資料」の一部訂正について
[backfill][DOC CACHE HIT] 5632 2026-08-17 559文字 連結子会社からの配当金受領に関するお知らせ
[backfill][DOC CACHE HIT] 2927 2026-08-17 733文字 2026年8月期 期末配当予想の増配に関するお知らせ
[backfill][DOC CACHE HIT] 6061 2026-08-17 1,101文字 （訂正・数値データ訂正）「令和８年６月期　決算短信〔日本基準〕(連結)」の一部訂
[backfill][DOC CACHE HIT] 2991 2026-08-17 1,105文字 2026年７月度　月次業績速報
[backfill][DOC CACHE HIT] 4574 2026-08-17 11,096文字 2026年12月期(FY2026)第２四半期(中間期)連結決算報告
[backfill][DOC CACHE HIT] 4018 2026-08-17 510文字 （訂正）「2026年6月期　決算短信〔日本基準〕（非連結）」の一部訂正に関するお
[backfill][DOC CACHE HIT] 8705 2026-08-17 2,394文字 2026年７月の月次業績等（速報）に関するお知らせ
[backfill][DOC CACHE HIT] 8798 2026-08-17 18,713文字 （訂正・数値データ訂正）「2025年9月期 第1四半期決算短信〔日本基準〕（連結
[backfill][DOC CACHE HIT] 9162 2026-08-17 606文字 （訂正）「2026年６月期 通期連結決算説明資料」の一部訂正について
[backfill][DOC CACHE HIT] 3445 2026-08-17 15,223文字 2026年12月期第２四半期 決算説明会 書き起こし公開のお知らせ
[backfill][DOC CACHE HIT] 319A 2026-08-17 4,923文字 Q&A 2026年12月期第2四半期決算説明
[backfill][XBRL TRY] 9284 https://www.release.tdnet.info/inbs/081220260817521739.zip
[backfill][XBRL TRY] 9284 https://www.release.tdnet.info/inbs/091220260817521739.zip
[backfill][XBRL TRY] 9284 https://www2.jpx.co.jp/disc/92840/081220260817521739.zip
[backfill][XBRL TRY] 9284 https://www2.jpx.co.jp/disc/92840/091220260817521739.zip
[backfill][XBRL TRY] 482A https://www.release.tdnet.info/inbs/081220260817521628.zip
[backfill][XBRL TRY] 482A https://www.release.tdnet.info/inbs/091220260817521628.zip
[backfill][XBRL TRY] 482A https://www2.jpx.co.jp/disc/482A0/081220260817521628.zip
[backfill][XBRL TRY] 482A https://www2.jpx.co.jp/disc/482A0/091220260817521628.zip
[backfill][XBRL TRY] 5534 https://www.release.tdnet.info/inbs/081220260817521941.zip
[backfill][XBRL TRY] 5534 https://www.release.tdnet.info/inbs/091220260817521941.zip
[backfill][XBRL TRY] 5534 https://www2.jpx.co.jp/disc/55340/081220260817521941.zip
[backfill][XBRL TRY] 5534 https://www2.jpx.co.jp/disc/55340/091220260817521941.zip
[backfill][XBRL TRY] 482A https://www.release.tdnet.info/inbs/081220260817522088.zip
[backfill][XBRL TRY] 482A https://www.release.tdnet.info/inbs/091220260817522088.zip
[backfill][XBRL TRY] 482A https://www2.jpx.co.jp/disc/482A0/081220260817522088.zip
[backfill][XBRL TRY] 482A https://www2.jpx.co.jp/disc/482A0/091220260817522088.zip
[forecast_history] 対象=8 initial=4 revision=0 achievement=0 unresolved=6
[OK] 決算:21件, 増資:8件, TOB:1件, 本文:38件, 予想初期:4件, 予想修正:0件, 達成履歴更新:0件 をDBに保存しました。
=== fetch_all: 完全成功 ===
===== 2026-08-18T00:10:43 END status=success rc=0 =====


===== 2026-08-18T09:00:00 START C:\Users\sasit\AppData\Local\Programs\Python\Python310\pythonw.exe D:\kabu\main\1-スクリーニング自動化プログラム\main\fetch_all.py =====
=== fetch_all: TDnetデータ収集開始 ===
[backfill][SOURCE 1/3] 2026-08-18 2026年６月期（第50期）決算説明会資料
[backfill][TRY 1/3] 2026-08-18 2026年６月期（第50期）決算説明会資料 https://webapi.yanoshin.jp/rd.php?https://www.release.tdnet.info/inbs/140120260817521860.pdf
[backfill][URL OK] 2026-08-18 2026年６月期（第50期）決算説明会資料 pdf 31,497文字
[backfill][DOC OK] 8951 2026-08-18 pdf 31,497文字 2026年６月期（第50期）決算説明会資料
[backfill][SOURCE 1/3] 2026-08-18 2026年６月期通期 決算説明会における質疑応答
[backfill][TRY 1/3] 2026-08-18 2026年６月期通期 決算説明会における質疑応答 https://webapi.yanoshin.jp/rd.php?https://www.release.tdnet.info/inbs/140120260818522105.pdf
[backfill][URL OK] 2026-08-18 2026年６月期通期 決算説明会における質疑応答 pdf 5,402文字
[backfill][DOC OK] 3660 2026-08-18 pdf 5,402文字 2026年６月期通期 決算説明会における質疑応答
[backfill][DOC CACHE HIT] 482A 2026-08-17 1,051文字 「2026年8月期業績予想の修正に関するお知らせ」の再掲載について
[backfill][DOC CACHE HIT] 4019 2026-08-17 26,197文字 2026年12月期 第2四半期決算説明会書き起こし
[backfill][SOURCE 1/3] 2026-08-17 2026年8月期業績予想の修正に関するお知らせ
[backfill][TRY 1/3] 2026-08-17 2026年8月期業績予想の修正に関するお知らせ https://webapi.yanoshin.jp/rd.php?https://www.release.tdnet.info/inbs/140120260817521628.pdf
[backfill][UNUSABLE] 2026-08-17 2026年8月期業績予想の修正に関するお知らせ ctype=application/pdf bytes=100,551
[backfill][TRY 2/3] 2026-08-17 2026年8月期業績予想の修正に関するお知らせ http://webapi.yanoshin.jp/rd.php?https://www.release.tdnet.info/inbs/140120260817521628.pdf
[backfill][UNUSABLE] 2026-08-17 2026年8月期業績予想の修正に関するお知らせ ctype=application/pdf bytes=100,551
[backfill][TRY 3/3] 2026-08-17 2026年8月期業績予想の修正に関するお知らせ https://www.release.tdnet.info/inbs/140120260817521628.pdf
[backfill][UNUSABLE] 2026-08-17 2026年8月期業績予想の修正に関するお知らせ ctype=application/pdf bytes=100,551
[backfill][JPX FAST 2/3] 2026-08-17 2026年8月期業績予想の修正に関するお知らせ https://www2.jpx.co.jp/disc/482A0/140120260817521628.pdf
[backfill][TRY 1/1] 2026-08-17 2026年8月期業績予想の修正に関するお知らせ https://www2.jpx.co.jp/disc/482A0/140120260817521628.pdf
[backfill][HTTP 404] 2026-08-17 2026年8月期業績予想の修正に関するお知らせ
[backfill][SOURCE 3/3] 2026-08-17 2026年8月期業績予想の修正に関するお知らせ
[backfill][SKIP FAILCACHE] 2026-08-17 2026年8月期業績予想の修正に関するお知らせ https://www.release.tdnet.info/inbs/140120260817521628.pdf
[backfill][TRY 2/2] 2026-08-17 2026年8月期業績予想の修正に関するお知らせ http://www.release.tdnet.info/inbs/140120260817521628.pdf
[backfill][TIMEOUT 5s] 2026-08-17 2026年8月期業績予想の修正に関するお知らせ
[backfill][DOC EMPTY] 482A 2026-08-17 17:00:00 2026年8月期業績予想の修正に関するお知らせ raw=https://webapi.yanoshin.jp/rd.php?https://www.release.tdnet.info/inbs/140120260817521
[backfill][DOC CACHE HIT] 5534 2026-08-17 1,123文字 通期連結業績予想の修正に関するお知らせ
[backfill][DOC CACHE HIT] 6036 2026-08-17 28,949文字 （訂正）「2026年6月期第2四半期 決算説明会資料」の一部訂正について
[backfill][DOC CACHE HIT] 7044 2026-08-17 696文字 （訂正）「2026年12月期第２四半期（中間期）決算補足資料」の一部訂正について
[backfill][DOC CACHE HIT] 9439 2026-08-17 1,576文字 通期連結業績予想値と実績値との差異に関するお知らせ
[backfill][DOC CACHE HIT] 9439 2026-08-17 25,306文字 2026年6月期　決算短信〔日本基準〕（連結）
[backfill][DOC CACHE HIT] 9439 2026-08-17 1,166文字 剰余金の配当（無配）に関するお知らせ
[backfill][DOC CACHE HIT] 5251 2026-08-17 2,468文字 （再登録）「中間決算説明資料の開示に関するお知らせ」の再登録について
[backfill][DOC CACHE HIT] 6195 2026-08-17 31,592文字 （訂正・数値データ訂正）「2026年３月期　決算短信〔日本基準〕（連結）」の一部
[backfill][DOC CACHE HIT] 7042 2026-08-17 4,066文字 2027年３月期第１四半期決算説明資料
[backfill][DOC CACHE HIT] 8964 2026-08-17 37,819文字 2026年6月期　決算短信（ＲＥＩＴ）
[backfill][DOC CACHE HIT] 7177 2026-08-17 3,192文字 2026年７月の月次業績（速報）に関するお知らせ
[backfill][DOC CACHE HIT] 3168 2026-08-17 1,149文字 特別配当および期末配当予想の修正に関するお知らせ
[backfill][DOC CACHE HIT] 367A 2026-08-17 500文字 連結子会社からの剰余金の配当受領に関するお知らせ
[backfill][DOC CACHE HIT] 4484 2026-08-17 6,345文字 2027年３月期 第１四半期決算説明会レポート（書き起こし）
[backfill][DOC CACHE HIT] 4651 2026-08-17 9,960文字 2027年３月期　第１四半期決算短信〔日本基準〕（連結）
[backfill][DOC CACHE HIT] 4651 2026-08-17 21,202文字 2027年３月期　第１四半期決算説明資料
[backfill][DOC CACHE HIT] 5242 2026-08-17 1,063文字 2026年12月期第２四半期決算説明会 質疑応答（要旨）
[backfill][DOC CACHE HIT] 7069 2026-08-17 675文字 （訂正）「2026年9月期 第3四半期決算説明資料」の一部訂正について
[backfill][DOC CACHE HIT] 8951 2026-08-17 39,641文字 2026年６月期　決算短信（ＲＥＩＴ）
[backfill][DOC CACHE HIT] 8951 2026-08-17 9,069文字 2026年６月期_決算概要
[backfill][DOC CACHE HIT] 8955 2026-08-17 42,496文字 2026年6月期　決算短信（ＲＥＩＴ）
[backfill][DOC CACHE HIT] 8955 2026-08-17 48,751文字 2026年6月期（第49期）決算説明資料
[backfill][DOC CACHE HIT] 9284 2026-08-17 50,474文字 2026年６月期 決算短信（インフラファンド）
[backfill][DOC CACHE HIT] 2461 2026-08-17 3,208文字 2026年12月期7月度 月次業績速報のお知らせ
[backfill][DOC CACHE HIT] 264A 2026-08-17 891文字 （訂正）「2026年９月期第３四半期決算説明資料」の一部訂正について
[backfill][DOC CACHE HIT] 5632 2026-08-17 559文字 連結子会社からの配当金受領に関するお知らせ
[backfill][DOC CACHE HIT] 2927 2026-08-17 733文字 2026年8月期 期末配当予想の増配に関するお知らせ
[backfill][DOC CACHE HIT] 6061 2026-08-17 1,101文字 （訂正・数値データ訂正）「令和８年６月期　決算短信〔日本基準〕(連結)」の一部訂
[backfill][DOC CACHE HIT] 2991 2026-08-17 1,105文字 2026年７月度　月次業績速報
[backfill][DOC CACHE HIT] 4574 2026-08-17 11,096文字 2026年12月期(FY2026)第２四半期(中間期)連結決算報告
[backfill][DOC CACHE HIT] 4018 2026-08-17 510文字 （訂正）「2026年6月期　決算短信〔日本基準〕（非連結）」の一部訂正に関するお
[backfill][DOC CACHE HIT] 8705 2026-08-17 2,394文字 2026年７月の月次業績等（速報）に関するお知らせ
[backfill][DOC CACHE HIT] 8798 2026-08-17 18,713文字 （訂正・数値データ訂正）「2025年9月期 第1四半期決算短信〔日本基準〕（連結
[backfill][DOC CACHE HIT] 9162 2026-08-17 606文字 （訂正）「2026年６月期 通期連結決算説明資料」の一部訂正について
[backfill][DOC CACHE HIT] 3445 2026-08-17 15,223文字 2026年12月期第２四半期 決算説明会 書き起こし公開のお知らせ
[backfill][DOC CACHE HIT] 319A 2026-08-17 4,923文字 Q&A 2026年12月期第2四半期決算説明
[backfill][XBRL TRY] 9284 https://www.release.tdnet.info/inbs/081220260817521739.zip
[backfill][XBRL TRY] 9284 https://www.release.tdnet.info/inbs/091220260817521739.zip
[backfill][XBRL TRY] 9284 https://www2.jpx.co.jp/disc/92840/081220260817521739.zip
[backfill][XBRL TRY] 9284 https://www2.jpx.co.jp/disc/92840/091220260817521739.zip
[backfill][XBRL TRY] 482A https://www.release.tdnet.info/inbs/081220260817521628.zip
[backfill][XBRL TRY] 482A https://www.release.tdnet.info/inbs/091220260817521628.zip
[backfill][XBRL TRY] 482A https://www2.jpx.co.jp/disc/482A0/081220260817521628.zip
[backfill][XBRL TRY] 482A https://www2.jpx.co.jp/disc/482A0/091220260817521628.zip
[backfill][XBRL TRY] 5534 https://www.release.tdnet.info/inbs/081220260817521941.zip
[backfill][XBRL TRY] 5534 https://www.release.tdnet.info/inbs/091220260817521941.zip
[backfill][XBRL TRY] 5534 https://www2.jpx.co.jp/disc/55340/081220260817521941.zip
[backfill][XBRL TRY] 5534 https://www2.jpx.co.jp/disc/55340/091220260817521941.zip
[backfill][XBRL TRY] 482A https://www.release.tdnet.info/inbs/081220260817522088.zip
[backfill][XBRL TRY] 482A https://www.release.tdnet.info/inbs/091220260817522088.zip
[backfill][XBRL TRY] 482A https://www2.jpx.co.jp/disc/482A0/081220260817522088.zip
[backfill][XBRL TRY] 482A https://www2.jpx.co.jp/disc/482A0/091220260817522088.zip
[forecast_history] 対象=8 initial=4 revision=0 achievement=0 unresolved=6
[OK] 決算:23件, 増資:8件, TOB:1件, 本文:40件, 予想初期:4件, 予想修正:0件, 達成履歴更新:0件 をDBに保存しました。
=== fetch_all: 完全成功 ===
===== 2026-08-18T09:01:22 END status=success rc=0 =====


===== 2026-08-18T09:10:00 START C:\Users\sasit\AppData\Local\Programs\Python\Python310\pythonw.exe D:\kabu\main\1-スクリーニング自動化プログラム\main\fetch_all.py =====
=== fetch_all: TDnetデータ収集開始 ===
[backfill][DOC CACHE HIT] 8951 2026-08-18 31,497文字 2026年６月期（第50期）決算説明会資料
[backfill][DOC CACHE HIT] 3660 2026-08-18 5,402文字 2026年６月期通期 決算説明会における質疑応答
[backfill][DOC CACHE HIT] 482A 2026-08-17 1,051文字 「2026年8月期業績予想の修正に関するお知らせ」の再掲載について
[backfill][DOC CACHE HIT] 4019 2026-08-17 26,197文字 2026年12月期 第2四半期決算説明会書き起こし
[backfill][SOURCE 1/3] 2026-08-17 2026年8月期業績予想の修正に関するお知らせ
[backfill][TRY 1/3] 2026-08-17 2026年8月期業績予想の修正に関するお知らせ https://webapi.yanoshin.jp/rd.php?https://www.release.tdnet.info/inbs/140120260817521628.pdf
[backfill][UNUSABLE] 2026-08-17 2026年8月期業績予想の修正に関するお知らせ ctype=application/pdf bytes=100,551
[backfill][TRY 2/3] 2026-08-17 2026年8月期業績予想の修正に関するお知らせ http://webapi.yanoshin.jp/rd.php?https://www.release.tdnet.info/inbs/140120260817521628.pdf
[backfill][UNUSABLE] 2026-08-17 2026年8月期業績予想の修正に関するお知らせ ctype=application/pdf bytes=100,551
[backfill][TRY 3/3] 2026-08-17 2026年8月期業績予想の修正に関するお知らせ https://www.release.tdnet.info/inbs/140120260817521628.pdf
[backfill][UNUSABLE] 2026-08-17 2026年8月期業績予想の修正に関するお知らせ ctype=application/pdf bytes=100,551
[backfill][JPX FAST 2/3] 2026-08-17 2026年8月期業績予想の修正に関するお知らせ https://www2.jpx.co.jp/disc/482A0/140120260817521628.pdf
[backfill][TRY 1/1] 2026-08-17 2026年8月期業績予想の修正に関するお知らせ https://www2.jpx.co.jp/disc/482A0/140120260817521628.pdf
[backfill][HTTP 404] 2026-08-17 2026年8月期業績予想の修正に関するお知らせ
[backfill][SOURCE 3/3] 2026-08-17 2026年8月期業績予想の修正に関するお知らせ
[backfill][SKIP FAILCACHE] 2026-08-17 2026年8月期業績予想の修正に関するお知らせ https://www.release.tdnet.info/inbs/140120260817521628.pdf
[backfill][TRY 2/2] 2026-08-17 2026年8月期業績予想の修正に関するお知らせ http://www.release.tdnet.info/inbs/140120260817521628.pdf
[backfill][TIMEOUT 5s] 2026-08-17 2026年8月期業績予想の修正に関するお知らせ
[backfill][DOC EMPTY] 482A 2026-08-17 17:00:00 2026年8月期業績予想の修正に関するお知らせ raw=https://webapi.yanoshin.jp/rd.php?https://www.release.tdnet.info/inbs/140120260817521
[backfill][DOC CACHE HIT] 5534 2026-08-17 1,123文字 通期連結業績予想の修正に関するお知らせ
[backfill][DOC CACHE HIT] 6036 2026-08-17 28,949文字 （訂正）「2026年6月期第2四半期 決算説明会資料」の一部訂正について
[backfill][DOC CACHE HIT] 7044 2026-08-17 696文字 （訂正）「2026年12月期第２四半期（中間期）決算補足資料」の一部訂正について
[backfill][DOC CACHE HIT] 9439 2026-08-17 1,576文字 通期連結業績予想値と実績値との差異に関するお知らせ
[backfill][DOC CACHE HIT] 9439 2026-08-17 25,306文字 2026年6月期　決算短信〔日本基準〕（連結）
[backfill][DOC CACHE HIT] 9439 2026-08-17 1,166文字 剰余金の配当（無配）に関するお知らせ
[backfill][DOC CACHE HIT] 5251 2026-08-17 2,468文字 （再登録）「中間決算説明資料の開示に関するお知らせ」の再登録について
[backfill][DOC CACHE HIT] 6195 2026-08-17 31,592文字 （訂正・数値データ訂正）「2026年３月期　決算短信〔日本基準〕（連結）」の一部
[backfill][DOC CACHE HIT] 7042 2026-08-17 4,066文字 2027年３月期第１四半期決算説明資料
[backfill][DOC CACHE HIT] 8964 2026-08-17 37,819文字 2026年6月期　決算短信（ＲＥＩＴ）
[backfill][DOC CACHE HIT] 7177 2026-08-17 3,192文字 2026年７月の月次業績（速報）に関するお知らせ
[backfill][DOC CACHE HIT] 3168 2026-08-17 1,149文字 特別配当および期末配当予想の修正に関するお知らせ
[backfill][DOC CACHE HIT] 367A 2026-08-17 500文字 連結子会社からの剰余金の配当受領に関するお知らせ
[backfill][DOC CACHE HIT] 4484 2026-08-17 6,345文字 2027年３月期 第１四半期決算説明会レポート（書き起こし）
[backfill][DOC CACHE HIT] 4651 2026-08-17 9,960文字 2027年３月期　第１四半期決算短信〔日本基準〕（連結）
[backfill][DOC CACHE HIT] 4651 2026-08-17 21,202文字 2027年３月期　第１四半期決算説明資料
[backfill][DOC CACHE HIT] 5242 2026-08-17 1,063文字 2026年12月期第２四半期決算説明会 質疑応答（要旨）
[backfill][DOC CACHE HIT] 7069 2026-08-17 675文字 （訂正）「2026年9月期 第3四半期決算説明資料」の一部訂正について
[backfill][DOC CACHE HIT] 8951 2026-08-17 39,641文字 2026年６月期　決算短信（ＲＥＩＴ）
[backfill][DOC CACHE HIT] 8951 2026-08-17 9,069文字 2026年６月期_決算概要
[backfill][DOC CACHE HIT] 8955 2026-08-17 42,496文字 2026年6月期　決算短信（ＲＥＩＴ）
[backfill][DOC CACHE HIT] 8955 2026-08-17 48,751文字 2026年6月期（第49期）決算説明資料
[backfill][DOC CACHE HIT] 9284 2026-08-17 50,474文字 2026年６月期 決算短信（インフラファンド）
[backfill][DOC CACHE HIT] 2461 2026-08-17 3,208文字 2026年12月期7月度 月次業績速報のお知らせ
[backfill][DOC CACHE HIT] 264A 2026-08-17 891文字 （訂正）「2026年９月期第３四半期決算説明資料」の一部訂正について
[backfill][DOC CACHE HIT] 5632 2026-08-17 559文字 連結子会社からの配当金受領に関するお知らせ
[backfill][DOC CACHE HIT] 2927 2026-08-17 733文字 2026年8月期 期末配当予想の増配に関するお知らせ
[backfill][DOC CACHE HIT] 6061 2026-08-17 1,101文字 （訂正・数値データ訂正）「令和８年６月期　決算短信〔日本基準〕(連結)」の一部訂
[backfill][DOC CACHE HIT] 2991 2026-08-17 1,105文字 2026年７月度　月次業績速報
[backfill][DOC CACHE HIT] 4574 2026-08-17 11,096文字 2026年12月期(FY2026)第２四半期(中間期)連結決算報告
[backfill][DOC CACHE HIT] 4018 2026-08-17 510文字 （訂正）「2026年6月期　決算短信〔日本基準〕（非連結）」の一部訂正に関するお
[backfill][DOC CACHE HIT] 8705 2026-08-17 2,394文字 2026年７月の月次業績等（速報）に関するお知らせ
[backfill][DOC CACHE HIT] 8798 2026-08-17 18,713文字 （訂正・数値データ訂正）「2025年9月期 第1四半期決算短信〔日本基準〕（連結
[backfill][DOC CACHE HIT] 9162 2026-08-17 606文字 （訂正）「2026年６月期 通期連結決算説明資料」の一部訂正について
[backfill][DOC CACHE HIT] 3445 2026-08-17 15,223文字 2026年12月期第２四半期 決算説明会 書き起こし公開のお知らせ
[backfill][DOC CACHE HIT] 319A 2026-08-17 4,923文字 Q&A 2026年12月期第2四半期決算説明
[backfill][XBRL TRY] 9284 https://www.release.tdnet.info/inbs/081220260817521739.zip
[backfill][XBRL TRY] 9284 https://www.release.tdnet.info/inbs/091220260817521739.zip
[backfill][XBRL TRY] 9284 https://www2.jpx.co.jp/disc/92840/081220260817521739.zip
[backfill][XBRL TRY] 9284 https://www2.jpx.co.jp/disc/92840/091220260817521739.zip
[backfill][XBRL TRY] 482A https://www.release.tdnet.info/inbs/081220260817521628.zip
[backfill][XBRL TRY] 482A https://www.release.tdnet.info/inbs/091220260817521628.zip
[backfill][XBRL TRY] 482A https://www2.jpx.co.jp/disc/482A0/081220260817521628.zip
[backfill][XBRL TRY] 482A https://www2.jpx.co.jp/disc/482A0/091220260817521628.zip
[backfill][XBRL TRY] 5534 https://www.release.tdnet.info/inbs/081220260817521941.zip
[backfill][XBRL TRY] 5534 https://www.release.tdnet.info/inbs/091220260817521941.zip
[backfill][XBRL TRY] 5534 https://www2.jpx.co.jp/disc/55340/081220260817521941.zip
[backfill][XBRL TRY] 5534 https://www2.jpx.co.jp/disc/55340/091220260817521941.zip
[backfill][XBRL TRY] 482A https://www.release.tdnet.info/inbs/081220260817522088.zip
[backfill][XBRL TRY] 482A https://www.release.tdnet.info/inbs/091220260817522088.zip
[backfill][XBRL TRY] 482A https://www2.jpx.co.jp/disc/482A0/081220260817522088.zip
[backfill][XBRL TRY] 482A https://www2.jpx.co.jp/disc/482A0/091220260817522088.zip
[forecast_history] 対象=8 initial=4 revision=0 achievement=0 unresolved=6
[OK] 決算:23件, 増資:8件, TOB:1件, 本文:40件, 予想初期:4件, 予想修正:0件, 達成履歴更新:0件 をDBに保存しました。
=== fetch_all: 完全成功 ===
===== 2026-08-18T09:11:02 END status=success rc=0 =====


===== 2026-08-18T09:20:00 START C:\Users\sasit\AppData\Local\Programs\Python\Python310\pythonw.exe D:\kabu\main\1-スクリーニング自動化プログラム\main\fetch_all.py =====
=== fetch_all: TDnetデータ収集開始 ===
[backfill][DOC CACHE HIT] 8951 2026-08-18 31,497文字 2026年６月期（第50期）決算説明会資料
[backfill][DOC CACHE HIT] 3660 2026-08-18 5,402文字 2026年６月期通期 決算説明会における質疑応答
[backfill][DOC CACHE HIT] 482A 2026-08-17 1,051文字 「2026年8月期業績予想の修正に関するお知らせ」の再掲載について
[backfill][DOC CACHE HIT] 4019 2026-08-17 26,197文字 2026年12月期 第2四半期決算説明会書き起こし
[backfill][SOURCE 1/3] 2026-08-17 2026年8月期業績予想の修正に関するお知らせ
[backfill][TRY 1/3] 2026-08-17 2026年8月期業績予想の修正に関するお知らせ https://webapi.yanoshin.jp/rd.php?https://www.release.tdnet.info/inbs/140120260817521628.pdf
[backfill][UNUSABLE] 2026-08-17 2026年8月期業績予想の修正に関するお知らせ ctype=application/pdf bytes=100,551
[backfill][TRY 2/3] 2026-08-17 2026年8月期業績予想の修正に関するお知らせ http://webapi.yanoshin.jp/rd.php?https://www.release.tdnet.info/inbs/140120260817521628.pdf
[backfill][UNUSABLE] 2026-08-17 2026年8月期業績予想の修正に関するお知らせ ctype=application/pdf bytes=100,551
[backfill][TRY 3/3] 2026-08-17 2026年8月期業績予想の修正に関するお知らせ https://www.release.tdnet.info/inbs/140120260817521628.pdf
[backfill][UNUSABLE] 2026-08-17 2026年8月期業績予想の修正に関するお知らせ ctype=application/pdf bytes=100,551
[backfill][JPX FAST 2/3] 2026-08-17 2026年8月期業績予想の修正に関するお知らせ https://www2.jpx.co.jp/disc/482A0/140120260817521628.pdf
[backfill][TRY 1/1] 2026-08-17 2026年8月期業績予想の修正に関するお知らせ https://www2.jpx.co.jp/disc/482A0/140120260817521628.pdf
[backfill][HTTP 404] 2026-08-17 2026年8月期業績予想の修正に関するお知らせ
[backfill][SOURCE 3/3] 2026-08-17 2026年8月期業績予想の修正に関するお知らせ
[backfill][SKIP FAILCACHE] 2026-08-17 2026年8月期業績予想の修正に関するお知らせ https://www.release.tdnet.info/inbs/140120260817521628.pdf
[backfill][TRY 2/2] 2026-08-17 2026年8月期業績予想の修正に関するお知らせ http://www.release.tdnet.info/inbs/140120260817521628.pdf
[backfill][TIMEOUT 5s] 2026-08-17 2026年8月期業績予想の修正に関するお知らせ
[backfill][DOC EMPTY] 482A 2026-08-17 17:00:00 2026年8月期業績予想の修正に関するお知らせ raw=https://webapi.yanoshin.jp/rd.php?https://www.release.tdnet.info/inbs/140120260817521
[backfill][DOC CACHE HIT] 5534 2026-08-17 1,123文字 通期連結業績予想の修正に関するお知らせ
[backfill][DOC CACHE HIT] 6036 2026-08-17 28,949文字 （訂正）「2026年6月期第2四半期 決算説明会資料」の一部訂正について
[backfill][DOC CACHE HIT] 7044 2026-08-17 696文字 （訂正）「2026年12月期第２四半期（中間期）決算補足資料」の一部訂正について
[backfill][DOC CACHE HIT] 9439 2026-08-17 1,576文字 通期連結業績予想値と実績値との差異に関するお知らせ
[backfill][DOC CACHE HIT] 9439 2026-08-17 25,306文字 2026年6月期　決算短信〔日本基準〕（連結）
[backfill][DOC CACHE HIT] 9439 2026-08-17 1,166文字 剰余金の配当（無配）に関するお知らせ
[backfill][DOC CACHE HIT] 5251 2026-08-17 2,468文字 （再登録）「中間決算説明資料の開示に関するお知らせ」の再登録について
[backfill][DOC CACHE HIT] 6195 2026-08-17 31,592文字 （訂正・数値データ訂正）「2026年３月期　決算短信〔日本基準〕（連結）」の一部
[backfill][DOC CACHE HIT] 7042 2026-08-17 4,066文字 2027年３月期第１四半期決算説明資料
[backfill][DOC CACHE HIT] 8964 2026-08-17 37,819文字 2026年6月期　決算短信（ＲＥＩＴ）
[backfill][DOC CACHE HIT] 7177 2026-08-17 3,192文字 2026年７月の月次業績（速報）に関するお知らせ
[backfill][DOC CACHE HIT] 3168 2026-08-17 1,149文字 特別配当および期末配当予想の修正に関するお知らせ
[backfill][DOC CACHE HIT] 367A 2026-08-17 500文字 連結子会社からの剰余金の配当受領に関するお知らせ
[backfill][DOC CACHE HIT] 4484 2026-08-17 6,345文字 2027年３月期 第１四半期決算説明会レポート（書き起こし）
[backfill][DOC CACHE HIT] 4651 2026-08-17 9,960文字 2027年３月期　第１四半期決算短信〔日本基準〕（連結）
[backfill][DOC CACHE HIT] 4651 2026-08-17 21,202文字 2027年３月期　第１四半期決算説明資料
[backfill][DOC CACHE HIT] 5242 2026-08-17 1,063文字 2026年12月期第２四半期決算説明会 質疑応答（要旨）
[backfill][DOC CACHE HIT] 7069 2026-08-17 675文字 （訂正）「2026年9月期 第3四半期決算説明資料」の一部訂正について
[backfill][DOC CACHE HIT] 8951 2026-08-17 39,641文字 2026年６月期　決算短信（ＲＥＩＴ）
[backfill][DOC CACHE HIT] 8951 2026-08-17 9,069文字 2026年６月期_決算概要
[backfill][DOC CACHE HIT] 8955 2026-08-17 42,496文字 2026年6月期　決算短信（ＲＥＩＴ）
[backfill][DOC CACHE HIT] 8955 2026-08-17 48,751文字 2026年6月期（第49期）決算説明資料
[backfill][DOC CACHE HIT] 9284 2026-08-17 50,474文字 2026年６月期 決算短信（インフラファンド）
[backfill][DOC CACHE HIT] 2461 2026-08-17 3,208文字 2026年12月期7月度 月次業績速報のお知らせ
[backfill][DOC CACHE HIT] 264A 2026-08-17 891文字 （訂正）「2026年９月期第３四半期決算説明資料」の一部訂正について
[backfill][DOC CACHE HIT] 5632 2026-08-17 559文字 連結子会社からの配当金受領に関するお知らせ
[backfill][DOC CACHE HIT] 2927 2026-08-17 733文字 2026年8月期 期末配当予想の増配に関するお知らせ
[backfill][DOC CACHE HIT] 6061 2026-08-17 1,101文字 （訂正・数値データ訂正）「令和８年６月期　決算短信〔日本基準〕(連結)」の一部訂
[backfill][DOC CACHE HIT] 2991 2026-08-17 1,105文字 2026年７月度　月次業績速報
[backfill][DOC CACHE HIT] 4574 2026-08-17 11,096文字 2026年12月期(FY2026)第２四半期(中間期)連結決算報告
[backfill][DOC CACHE HIT] 4018 2026-08-17 510文字 （訂正）「2026年6月期　決算短信〔日本基準〕（非連結）」の一部訂正に関するお
[backfill][DOC CACHE HIT] 8705 2026-08-17 2,394文字 2026年７月の月次業績等（速報）に関するお知らせ
[backfill][DOC CACHE HIT] 8798 2026-08-17 18,713文字 （訂正・数値データ訂正）「2025年9月期 第1四半期決算短信〔日本基準〕（連結
[backfill][DOC CACHE HIT] 9162 2026-08-17 606文字 （訂正）「2026年６月期 通期連結決算説明資料」の一部訂正について
[backfill][DOC CACHE HIT] 3445 2026-08-17 15,223文字 2026年12月期第２四半期 決算説明会 書き起こし公開のお知らせ
[backfill][DOC CACHE HIT] 319A 2026-08-17 4,923文字 Q&A 2026年12月期第2四半期決算説明
[backfill][XBRL TRY] 9284 https://www.release.tdnet.info/inbs/081220260817521739.zip
[backfill][XBRL TRY] 9284 https://www.release.tdnet.info/inbs/091220260817521739.zip
[backfill][XBRL TRY] 9284 https://www2.jpx.co.jp/disc/92840/081220260817521739.zip
[backfill][XBRL TRY] 9284 https://www2.jpx.co.jp/disc/92840/091220260817521739.zip
[backfill][XBRL TRY] 482A https://www.release.tdnet.info/inbs/081220260817521628.zip
[backfill][XBRL TRY] 482A https://www.release.tdnet.info/inbs/091220260817521628.zip
[backfill][XBRL TRY] 482A https://www2.jpx.co.jp/disc/482A0/081220260817521628.zip
[backfill][XBRL TRY] 482A https://www2.jpx.co.jp/disc/482A0/091220260817521628.zip
[backfill][XBRL TRY] 5534 https://www.release.tdnet.info/inbs/081220260817521941.zip
[backfill][XBRL TRY] 5534 https://www.release.tdnet.info/inbs/091220260817521941.zip
[backfill][XBRL TRY] 5534 https://www2.jpx.co.jp/disc/55340/081220260817521941.zip
[backfill][XBRL TRY] 5534 https://www2.jpx.co.jp/disc/55340/091220260817521941.zip
[backfill][XBRL TRY] 482A https://www.release.tdnet.info/inbs/081220260817522088.zip
[backfill][XBRL TRY] 482A https://www.release.tdnet.info/inbs/091220260817522088.zip
[backfill][XBRL TRY] 482A https://www2.jpx.co.jp/disc/482A0/081220260817522088.zip
[backfill][XBRL TRY] 482A https://www2.jpx.co.jp/disc/482A0/091220260817522088.zip
[forecast_history] 対象=8 initial=4 revision=0 achievement=0 unresolved=6
[OK] 決算:23件, 増資:8件, TOB:1件, 本文:40件, 予想初期:4件, 予想修正:0件, 達成履歴更新:0件 をDBに保存しました。
=== fetch_all: 完全成功 ===
===== 2026-08-18T09:21:15 END status=success rc=0 =====


===== 2026-08-18T09:30:00 START C:\Users\sasit\AppData\Local\Programs\Python\Python310\pythonw.exe D:\kabu\main\1-スクリーニング自動化プログラム\main\fetch_all.py =====
=== fetch_all: TDnetデータ収集開始 ===
[backfill][DOC CACHE HIT] 8951 2026-08-18 31,497文字 2026年６月期（第50期）決算説明会資料
[backfill][DOC CACHE HIT] 3660 2026-08-18 5,402文字 2026年６月期通期 決算説明会における質疑応答
[backfill][DOC CACHE HIT] 482A 2026-08-17 1,051文字 「2026年8月期業績予想の修正に関するお知らせ」の再掲載について
[backfill][DOC CACHE HIT] 4019 2026-08-17 26,197文字 2026年12月期 第2四半期決算説明会書き起こし
[backfill][SOURCE 1/3] 2026-08-17 2026年8月期業績予想の修正に関するお知らせ
[backfill][TRY 1/3] 2026-08-17 2026年8月期業績予想の修正に関するお知らせ https://webapi.yanoshin.jp/rd.php?https://www.release.tdnet.info/inbs/140120260817521628.pdf
[backfill][UNUSABLE] 2026-08-17 2026年8月期業績予想の修正に関するお知らせ ctype=application/pdf bytes=100,551
[backfill][TRY 2/3] 2026-08-17 2026年8月期業績予想の修正に関するお知らせ http://webapi.yanoshin.jp/rd.php?https://www.release.tdnet.info/inbs/140120260817521628.pdf
[backfill][UNUSABLE] 2026-08-17 2026年8月期業績予想の修正に関するお知らせ ctype=application/pdf bytes=100,551
[backfill][TRY 3/3] 2026-08-17 2026年8月期業績予想の修正に関するお知らせ https://www.release.tdnet.info/inbs/140120260817521628.pdf
[backfill][UNUSABLE] 2026-08-17 2026年8月期業績予想の修正に関するお知らせ ctype=application/pdf bytes=100,551
[backfill][JPX FAST 2/3] 2026-08-17 2026年8月期業績予想の修正に関するお知らせ https://www2.jpx.co.jp/disc/482A0/140120260817521628.pdf
[backfill][TRY 1/1] 2026-08-17 2026年8月期業績予想の修正に関するお知らせ https://www2.jpx.co.jp/disc/482A0/140120260817521628.pdf
[backfill][HTTP 404] 2026-08-17 2026年8月期業績予想の修正に関するお知らせ
[backfill][SOURCE 3/3] 2026-08-17 2026年8月期業績予想の修正に関するお知らせ
[backfill][SKIP FAILCACHE] 2026-08-17 2026年8月期業績予想の修正に関するお知らせ https://www.release.tdnet.info/inbs/140120260817521628.pdf
[backfill][TRY 2/2] 2026-08-17 2026年8月期業績予想の修正に関するお知らせ http://www.release.tdnet.info/inbs/140120260817521628.pdf
[backfill][TIMEOUT 5s] 2026-08-17 2026年8月期業績予想の修正に関するお知らせ
[backfill][DOC EMPTY] 482A 2026-08-17 17:00:00 2026年8月期業績予想の修正に関するお知らせ raw=https://webapi.yanoshin.jp/rd.php?https://www.release.tdnet.info/inbs/140120260817521
[backfill][DOC CACHE HIT] 5534 2026-08-17 1,123文字 通期連結業績予想の修正に関するお知らせ
[backfill][DOC CACHE HIT] 6036 2026-08-17 28,949文字 （訂正）「2026年6月期第2四半期 決算説明会資料」の一部訂正について
[backfill][DOC CACHE HIT] 7044 2026-08-17 696文字 （訂正）「2026年12月期第２四半期（中間期）決算補足資料」の一部訂正について
[backfill][DOC CACHE HIT] 9439 2026-08-17 1,576文字 通期連結業績予想値と実績値との差異に関するお知らせ
[backfill][DOC CACHE HIT] 9439 2026-08-17 25,306文字 2026年6月期　決算短信〔日本基準〕（連結）
[backfill][DOC CACHE HIT] 9439 2026-08-17 1,166文字 剰余金の配当（無配）に関するお知らせ
[backfill][DOC CACHE HIT] 5251 2026-08-17 2,468文字 （再登録）「中間決算説明資料の開示に関するお知らせ」の再登録について
[backfill][DOC CACHE HIT] 6195 2026-08-17 31,592文字 （訂正・数値データ訂正）「2026年３月期　決算短信〔日本基準〕（連結）」の一部
[backfill][DOC CACHE HIT] 7042 2026-08-17 4,066文字 2027年３月期第１四半期決算説明資料
[backfill][DOC CACHE HIT] 8964 2026-08-17 37,819文字 2026年6月期　決算短信（ＲＥＩＴ）
[backfill][DOC CACHE HIT] 7177 2026-08-17 3,192文字 2026年７月の月次業績（速報）に関するお知らせ
[backfill][DOC CACHE HIT] 3168 2026-08-17 1,149文字 特別配当および期末配当予想の修正に関するお知らせ
[backfill][DOC CACHE HIT] 367A 2026-08-17 500文字 連結子会社からの剰余金の配当受領に関するお知らせ
[backfill][DOC CACHE HIT] 4484 2026-08-17 6,345文字 2027年３月期 第１四半期決算説明会レポート（書き起こし）
[backfill][DOC CACHE HIT] 4651 2026-08-17 9,960文字 2027年３月期　第１四半期決算短信〔日本基準〕（連結）
[backfill][DOC CACHE HIT] 4651 2026-08-17 21,202文字 2027年３月期　第１四半期決算説明資料
[backfill][DOC CACHE HIT] 5242 2026-08-17 1,063文字 2026年12月期第２四半期決算説明会 質疑応答（要旨）
[backfill][DOC CACHE HIT] 7069 2026-08-17 675文字 （訂正）「2026年9月期 第3四半期決算説明資料」の一部訂正について
[backfill][DOC CACHE HIT] 8951 2026-08-17 39,641文字 2026年６月期　決算短信（ＲＥＩＴ）
[backfill][DOC CACHE HIT] 8951 2026-08-17 9,069文字 2026年６月期_決算概要
[backfill][DOC CACHE HIT] 8955 2026-08-17 42,496文字 2026年6月期　決算短信（ＲＥＩＴ）
[backfill][DOC CACHE HIT] 8955 2026-08-17 48,751文字 2026年6月期（第49期）決算説明資料
[backfill][DOC CACHE HIT] 9284 2026-08-17 50,474文字 2026年６月期 決算短信（インフラファンド）
[backfill][DOC CACHE HIT] 2461 2026-08-17 3,208文字 2026年12月期7月度 月次業績速報のお知らせ
[backfill][DOC CACHE HIT] 264A 2026-08-17 891文字 （訂正）「2026年９月期第３四半期決算説明資料」の一部訂正について
[backfill][DOC CACHE HIT] 5632 2026-08-17 559文字 連結子会社からの配当金受領に関するお知らせ
[backfill][DOC CACHE HIT] 2927 2026-08-17 733文字 2026年8月期 期末配当予想の増配に関するお知らせ
[backfill][DOC CACHE HIT] 6061 2026-08-17 1,101文字 （訂正・数値データ訂正）「令和８年６月期　決算短信〔日本基準〕(連結)」の一部訂
[backfill][DOC CACHE HIT] 2991 2026-08-17 1,105文字 2026年７月度　月次業績速報
[backfill][DOC CACHE HIT] 4574 2026-08-17 11,096文字 2026年12月期(FY2026)第２四半期(中間期)連結決算報告
[backfill][DOC CACHE HIT] 4018 2026-08-17 510文字 （訂正）「2026年6月期　決算短信〔日本基準〕（非連結）」の一部訂正に関するお
[backfill][DOC CACHE HIT] 8705 2026-08-17 2,394文字 2026年７月の月次業績等（速報）に関するお知らせ
[backfill][DOC CACHE HIT] 8798 2026-08-17 18,713文字 （訂正・数値データ訂正）「2025年9月期 第1四半期決算短信〔日本基準〕（連結
[backfill][DOC CACHE HIT] 9162 2026-08-17 606文字 （訂正）「2026年６月期 通期連結決算説明資料」の一部訂正について
[backfill][DOC CACHE HIT] 3445 2026-08-17 15,223文字 2026年12月期第２四半期 決算説明会 書き起こし公開のお知らせ
[backfill][DOC CACHE HIT] 319A 2026-08-17 4,923文字 Q&A 2026年12月期第2四半期決算説明
[backfill][XBRL TRY] 9284 https://www.release.tdnet.info/inbs/081220260817521739.zip
[backfill][XBRL TRY] 9284 https://www.release.tdnet.info/inbs/091220260817521739.zip
[backfill][XBRL TRY] 9284 https://www2.jpx.co.jp/disc/92840/081220260817521739.zip
[backfill][XBRL TRY] 9284 https://www2.jpx.co.jp/disc/92840/091220260817521739.zip
[backfill][XBRL TRY] 482A https://www.release.tdnet.info/inbs/081220260817521628.zip
[backfill][XBRL TRY] 482A https://www.release.tdnet.info/inbs/091220260817521628.zip
[backfill][XBRL TRY] 482A https://www2.jpx.co.jp/disc/482A0/081220260817521628.zip
[backfill][XBRL TRY] 482A https://www2.jpx.co.jp/disc/482A0/091220260817521628.zip
[backfill][XBRL TRY] 5534 https://www.release.tdnet.info/inbs/081220260817521941.zip
[backfill][XBRL TRY] 5534 https://www.release.tdnet.info/inbs/091220260817521941.zip
[backfill][XBRL TRY] 5534 https://www2.jpx.co.jp/disc/55340/081220260817521941.zip
[backfill][XBRL TRY] 5534 https://www2.jpx.co.jp/disc/55340/091220260817521941.zip
[backfill][XBRL TRY] 482A https://www.release.tdnet.info/inbs/081220260817522088.zip
[backfill][XBRL TRY] 482A https://www.release.tdnet.info/inbs/091220260817522088.zip
[backfill][XBRL TRY] 482A https://www2.jpx.co.jp/disc/482A0/081220260817522088.zip
[backfill][XBRL TRY] 482A https://www2.jpx.co.jp/disc/482A0/091220260817522088.zip
[forecast_history] 対象=8 initial=4 revision=0 achievement=0 unresolved=6
[OK] 決算:23件, 増資:8件, TOB:1件, 本文:40件, 予想初期:4件, 予想修正:0件, 達成履歴更新:0件 をDBに保存しました。
=== fetch_all: 完全成功 ===
===== 2026-08-18T09:31:17 END status=success rc=0 =====


===== 2026-08-18T09:40:00 START C:\Users\sasit\AppData\Local\Programs\Python\Python310\pythonw.exe D:\kabu\main\1-スクリーニング自動化プログラム\main\fetch_all.py =====
=== fetch_all: TDnetデータ収集開始 ===
[backfill][DOC CACHE HIT] 8951 2026-08-18 31,497文字 2026年６月期（第50期）決算説明会資料
[backfill][DOC CACHE HIT] 3660 2026-08-18 5,402文字 2026年６月期通期 決算説明会における質疑応答
[backfill][DOC CACHE HIT] 482A 2026-08-17 1,051文字 「2026年8月期業績予想の修正に関するお知らせ」の再掲載について
[backfill][DOC CACHE HIT] 4019 2026-08-17 26,197文字 2026年12月期 第2四半期決算説明会書き起こし
[backfill][SOURCE 1/3] 2026-08-17 2026年8月期業績予想の修正に関するお知らせ
[backfill][TRY 1/3] 2026-08-17 2026年8月期業績予想の修正に関するお知らせ https://webapi.yanoshin.jp/rd.php?https://www.release.tdnet.info/inbs/140120260817521628.pdf
[backfill][UNUSABLE] 2026-08-17 2026年8月期業績予想の修正に関するお知らせ ctype=application/pdf bytes=100,551
[backfill][TRY 2/3] 2026-08-17 2026年8月期業績予想の修正に関するお知らせ http://webapi.yanoshin.jp/rd.php?https://www.release.tdnet.info/inbs/140120260817521628.pdf
[backfill][UNUSABLE] 2026-08-17 2026年8月期業績予想の修正に関するお知らせ ctype=application/pdf bytes=100,551
[backfill][TRY 3/3] 2026-08-17 2026年8月期業績予想の修正に関するお知らせ https://www.release.tdnet.info/inbs/140120260817521628.pdf
[backfill][UNUSABLE] 2026-08-17 2026年8月期業績予想の修正に関するお知らせ ctype=application/pdf bytes=100,551
[backfill][JPX FAST 2/3] 2026-08-17 2026年8月期業績予想の修正に関するお知らせ https://www2.jpx.co.jp/disc/482A0/140120260817521628.pdf
[backfill][TRY 1/1] 2026-08-17 2026年8月期業績予想の修正に関するお知らせ https://www2.jpx.co.jp/disc/482A0/140120260817521628.pdf
[backfill][HTTP 404] 2026-08-17 2026年8月期業績予想の修正に関するお知らせ
[backfill][SOURCE 3/3] 2026-08-17 2026年8月期業績予想の修正に関するお知らせ
[backfill][SKIP FAILCACHE] 2026-08-17 2026年8月期業績予想の修正に関するお知らせ https://www.release.tdnet.info/inbs/140120260817521628.pdf
[backfill][TRY 2/2] 2026-08-17 2026年8月期業績予想の修正に関するお知らせ http://www.release.tdnet.info/inbs/140120260817521628.pdf
[backfill][TIMEOUT 5s] 2026-08-17 2026年8月期業績予想の修正に関するお知らせ
[backfill][DOC EMPTY] 482A 2026-08-17 17:00:00 2026年8月期業績予想の修正に関するお知らせ raw=https://webapi.yanoshin.jp/rd.php?https://www.release.tdnet.info/inbs/140120260817521
[backfill][DOC CACHE HIT] 5534 2026-08-17 1,123文字 通期連結業績予想の修正に関するお知らせ
[backfill][DOC CACHE HIT] 6036 2026-08-17 28,949文字 （訂正）「2026年6月期第2四半期 決算説明会資料」の一部訂正について
[backfill][DOC CACHE HIT] 7044 2026-08-17 696文字 （訂正）「2026年12月期第２四半期（中間期）決算補足資料」の一部訂正について
[backfill][DOC CACHE HIT] 9439 2026-08-17 1,576文字 通期連結業績予想値と実績値との差異に関するお知らせ
[backfill][DOC CACHE HIT] 9439 2026-08-17 25,306文字 2026年6月期　決算短信〔日本基準〕（連結）
[backfill][DOC CACHE HIT] 9439 2026-08-17 1,166文字 剰余金の配当（無配）に関するお知らせ
[backfill][DOC CACHE HIT] 5251 2026-08-17 2,468文字 （再登録）「中間決算説明資料の開示に関するお知らせ」の再登録について
[backfill][DOC CACHE HIT] 6195 2026-08-17 31,592文字 （訂正・数値データ訂正）「2026年３月期　決算短信〔日本基準〕（連結）」の一部
[backfill][DOC CACHE HIT] 7042 2026-08-17 4,066文字 2027年３月期第１四半期決算説明資料
[backfill][DOC CACHE HIT] 8964 2026-08-17 37,819文字 2026年6月期　決算短信（ＲＥＩＴ）
[backfill][DOC CACHE HIT] 7177 2026-08-17 3,192文字 2026年７月の月次業績（速報）に関するお知らせ
[backfill][DOC CACHE HIT] 3168 2026-08-17 1,149文字 特別配当および期末配当予想の修正に関するお知らせ
[backfill][DOC CACHE HIT] 367A 2026-08-17 500文字 連結子会社からの剰余金の配当受領に関するお知らせ
[backfill][DOC CACHE HIT] 4484 2026-08-17 6,345文字 2027年３月期 第１四半期決算説明会レポート（書き起こし）
[backfill][DOC CACHE HIT] 4651 2026-08-17 9,960文字 2027年３月期　第１四半期決算短信〔日本基準〕（連結）
[backfill][DOC CACHE HIT] 4651 2026-08-17 21,202文字 2027年３月期　第１四半期決算説明資料
[backfill][DOC CACHE HIT] 5242 2026-08-17 1,063文字 2026年12月期第２四半期決算説明会 質疑応答（要旨）
[backfill][DOC CACHE HIT] 7069 2026-08-17 675文字 （訂正）「2026年9月期 第3四半期決算説明資料」の一部訂正について
[backfill][DOC CACHE HIT] 8951 2026-08-17 39,641文字 2026年６月期　決算短信（ＲＥＩＴ）
[backfill][DOC CACHE HIT] 8951 2026-08-17 9,069文字 2026年６月期_決算概要
[backfill][DOC CACHE HIT] 8955 2026-08-17 42,496文字 2026年6月期　決算短信（ＲＥＩＴ）
[backfill][DOC CACHE HIT] 8955 2026-08-17 48,751文字 2026年6月期（第49期）決算説明資料
[backfill][DOC CACHE HIT] 9284 2026-08-17 50,474文字 2026年６月期 決算短信（インフラファンド）
[backfill][DOC CACHE HIT] 2461 2026-08-17 3,208文字 2026年12月期7月度 月次業績速報のお知らせ
[backfill][DOC CACHE HIT] 264A 2026-08-17 891文字 （訂正）「2026年９月期第３四半期決算説明資料」の一部訂正について
[backfill][DOC CACHE HIT] 5632 2026-08-17 559文字 連結子会社からの配当金受領に関するお知らせ
[backfill][DOC CACHE HIT] 2927 2026-08-17 733文字 2026年8月期 期末配当予想の増配に関するお知らせ
[backfill][DOC CACHE HIT] 6061 2026-08-17 1,101文字 （訂正・数値データ訂正）「令和８年６月期　決算短信〔日本基準〕(連結)」の一部訂
[backfill][DOC CACHE HIT] 2991 2026-08-17 1,105文字 2026年７月度　月次業績速報
[backfill][DOC CACHE HIT] 4574 2026-08-17 11,096文字 2026年12月期(FY2026)第２四半期(中間期)連結決算報告
[backfill][DOC CACHE HIT] 4018 2026-08-17 510文字 （訂正）「2026年6月期　決算短信〔日本基準〕（非連結）」の一部訂正に関するお
[backfill][DOC CACHE HIT] 8705 2026-08-17 2,394文字 2026年７月の月次業績等（速報）に関するお知らせ
[backfill][DOC CACHE HIT] 8798 2026-08-17 18,713文字 （訂正・数値データ訂正）「2025年9月期 第1四半期決算短信〔日本基準〕（連結
[backfill][DOC CACHE HIT] 9162 2026-08-17 606文字 （訂正）「2026年６月期 通期連結決算説明資料」の一部訂正について
[backfill][DOC CACHE HIT] 3445 2026-08-17 15,223文字 2026年12月期第２四半期 決算説明会 書き起こし公開のお知らせ
[backfill][DOC CACHE HIT] 319A 2026-08-17 4,923文字 Q&A 2026年12月期第2四半期決算説明
[backfill][XBRL TRY] 9284 https://www.release.tdnet.info/inbs/081220260817521739.zip
[backfill][XBRL TRY] 9284 https://www.release.tdnet.info/inbs/091220260817521739.zip
[backfill][XBRL TRY] 9284 https://www2.jpx.co.jp/disc/92840/081220260817521739.zip
[backfill][XBRL TRY] 9284 https://www2.jpx.co.jp/disc/92840/091220260817521739.zip
[backfill][XBRL TRY] 482A https://www.release.tdnet.info/inbs/081220260817521628.zip
[backfill][XBRL TRY] 482A https://www.release.tdnet.info/inbs/091220260817521628.zip
[backfill][XBRL TRY] 482A https://www2.jpx.co.jp/disc/482A0/081220260817521628.zip
[backfill][XBRL TRY] 482A https://www2.jpx.co.jp/disc/482A0/091220260817521628.zip
[backfill][XBRL TRY] 5534 https://www.release.tdnet.info/inbs/081220260817521941.zip
[backfill][XBRL TRY] 5534 https://www.release.tdnet.info/inbs/091220260817521941.zip
[backfill][XBRL TRY] 5534 https://www2.jpx.co.jp/disc/55340/081220260817521941.zip
[backfill][XBRL TRY] 5534 https://www2.jpx.co.jp/disc/55340/091220260817521941.zip
[backfill][XBRL TRY] 482A https://www.release.tdnet.info/inbs/081220260817522088.zip
[backfill][XBRL TRY] 482A https://www.release.tdnet.info/inbs/091220260817522088.zip
[backfill][XBRL TRY] 482A https://www2.jpx.co.jp/disc/482A0/081220260817522088.zip
[backfill][XBRL TRY] 482A https://www2.jpx.co.jp/disc/482A0/091220260817522088.zip
[forecast_history] 対象=8 initial=4 revision=0 achievement=0 unresolved=6
[OK] 決算:23件, 増資:8件, TOB:1件, 本文:40件, 予想初期:4件, 予想修正:0件, 達成履歴更新:0件 をDBに保存しました。
=== fetch_all: 完全成功 ===
===== 2026-08-18T09:41:19 END status=success rc=0 =====


===== 2026-08-18T09:50:00 START C:\Users\sasit\AppData\Local\Programs\Python\Python310\pythonw.exe D:\kabu\main\1-スクリーニング自動化プログラム\main\fetch_all.py =====
=== fetch_all: TDnetデータ収集開始 ===
[backfill][DOC CACHE HIT] 8951 2026-08-18 31,497文字 2026年６月期（第50期）決算説明会資料
[backfill][DOC CACHE HIT] 3660 2026-08-18 5,402文字 2026年６月期通期 決算説明会における質疑応答
[backfill][DOC CACHE HIT] 482A 2026-08-17 1,051文字 「2026年8月期業績予想の修正に関するお知らせ」の再掲載について
[backfill][DOC CACHE HIT] 4019 2026-08-17 26,197文字 2026年12月期 第2四半期決算説明会書き起こし
[backfill][SOURCE 1/3] 2026-08-17 2026年8月期業績予想の修正に関するお知らせ
[backfill][TRY 1/3] 2026-08-17 2026年8月期業績予想の修正に関するお知らせ https://webapi.yanoshin.jp/rd.php?https://www.release.tdnet.info/inbs/140120260817521628.pdf
[backfill][UNUSABLE] 2026-08-17 2026年8月期業績予想の修正に関するお知らせ ctype=application/pdf bytes=100,551
[backfill][TRY 2/3] 2026-08-17 2026年8月期業績予想の修正に関するお知らせ http://webapi.yanoshin.jp/rd.php?https://www.release.tdnet.info/inbs/140120260817521628.pdf
[backfill][UNUSABLE] 2026-08-17 2026年8月期業績予想の修正に関するお知らせ ctype=application/pdf bytes=100,551
[backfill][TRY 3/3] 2026-08-17 2026年8月期業績予想の修正に関するお知らせ https://www.release.tdnet.info/inbs/140120260817521628.pdf
[backfill][UNUSABLE] 2026-08-17 2026年8月期業績予想の修正に関するお知らせ ctype=application/pdf bytes=100,551
[backfill][JPX FAST 2/3] 2026-08-17 2026年8月期業績予想の修正に関するお知らせ https://www2.jpx.co.jp/disc/482A0/140120260817521628.pdf
[backfill][TRY 1/1] 2026-08-17 2026年8月期業績予想の修正に関するお知らせ https://www2.jpx.co.jp/disc/482A0/140120260817521628.pdf
[backfill][HTTP 404] 2026-08-17 2026年8月期業績予想の修正に関するお知らせ
[backfill][SOURCE 3/3] 2026-08-17 2026年8月期業績予想の修正に関するお知らせ
[backfill][SKIP FAILCACHE] 2026-08-17 2026年8月期業績予想の修正に関するお知らせ https://www.release.tdnet.info/inbs/140120260817521628.pdf
[backfill][TRY 2/2] 2026-08-17 2026年8月期業績予想の修正に関するお知らせ http://www.release.tdnet.info/inbs/140120260817521628.pdf
[backfill][TIMEOUT 5s] 2026-08-17 2026年8月期業績予想の修正に関するお知らせ
[backfill][DOC EMPTY] 482A 2026-08-17 17:00:00 2026年8月期業績予想の修正に関するお知らせ raw=https://webapi.yanoshin.jp/rd.php?https://www.release.tdnet.info/inbs/140120260817521
[backfill][DOC CACHE HIT] 5534 2026-08-17 1,123文字 通期連結業績予想の修正に関するお知らせ
[backfill][DOC CACHE HIT] 6036 2026-08-17 28,949文字 （訂正）「2026年6月期第2四半期 決算説明会資料」の一部訂正について
[backfill][DOC CACHE HIT] 7044 2026-08-17 696文字 （訂正）「2026年12月期第２四半期（中間期）決算補足資料」の一部訂正について
[backfill][DOC CACHE HIT] 9439 2026-08-17 1,576文字 通期連結業績予想値と実績値との差異に関するお知らせ
[backfill][DOC CACHE HIT] 9439 2026-08-17 25,306文字 2026年6月期　決算短信〔日本基準〕（連結）
[backfill][DOC CACHE HIT] 9439 2026-08-17 1,166文字 剰余金の配当（無配）に関するお知らせ
[backfill][DOC CACHE HIT] 5251 2026-08-17 2,468文字 （再登録）「中間決算説明資料の開示に関するお知らせ」の再登録について
[backfill][DOC CACHE HIT] 6195 2026-08-17 31,592文字 （訂正・数値データ訂正）「2026年３月期　決算短信〔日本基準〕（連結）」の一部
[backfill][DOC CACHE HIT] 7042 2026-08-17 4,066文字 2027年３月期第１四半期決算説明資料
[backfill][DOC CACHE HIT] 8964 2026-08-17 37,819文字 2026年6月期　決算短信（ＲＥＩＴ）
[backfill][DOC CACHE HIT] 7177 2026-08-17 3,192文字 2026年７月の月次業績（速報）に関するお知らせ
[backfill][DOC CACHE HIT] 3168 2026-08-17 1,149文字 特別配当および期末配当予想の修正に関するお知らせ
[backfill][DOC CACHE HIT] 367A 2026-08-17 500文字 連結子会社からの剰余金の配当受領に関するお知らせ
[backfill][DOC CACHE HIT] 4484 2026-08-17 6,345文字 2027年３月期 第１四半期決算説明会レポート（書き起こし）
[backfill][DOC CACHE HIT] 4651 2026-08-17 9,960文字 2027年３月期　第１四半期決算短信〔日本基準〕（連結）
[backfill][DOC CACHE HIT] 4651 2026-08-17 21,202文字 2027年３月期　第１四半期決算説明資料
[backfill][DOC CACHE HIT] 5242 2026-08-17 1,063文字 2026年12月期第２四半期決算説明会 質疑応答（要旨）
[backfill][DOC CACHE HIT] 7069 2026-08-17 675文字 （訂正）「2026年9月期 第3四半期決算説明資料」の一部訂正について
[backfill][DOC CACHE HIT] 8951 2026-08-17 39,641文字 2026年６月期　決算短信（ＲＥＩＴ）
[backfill][DOC CACHE HIT] 8951 2026-08-17 9,069文字 2026年６月期_決算概要
[backfill][DOC CACHE HIT] 8955 2026-08-17 42,496文字 2026年6月期　決算短信（ＲＥＩＴ）
[backfill][DOC CACHE HIT] 8955 2026-08-17 48,751文字 2026年6月期（第49期）決算説明資料
[backfill][DOC CACHE HIT] 9284 2026-08-17 50,474文字 2026年６月期 決算短信（インフラファンド）
[backfill][DOC CACHE HIT] 2461 2026-08-17 3,208文字 2026年12月期7月度 月次業績速報のお知らせ
[backfill][DOC CACHE HIT] 264A 2026-08-17 891文字 （訂正）「2026年９月期第３四半期決算説明資料」の一部訂正について
[backfill][DOC CACHE HIT] 5632 2026-08-17 559文字 連結子会社からの配当金受領に関するお知らせ
[backfill][DOC CACHE HIT] 2927 2026-08-17 733文字 2026年8月期 期末配当予想の増配に関するお知らせ
[backfill][DOC CACHE HIT] 6061 2026-08-17 1,101文字 （訂正・数値データ訂正）「令和８年６月期　決算短信〔日本基準〕(連結)」の一部訂
[backfill][DOC CACHE HIT] 2991 2026-08-17 1,105文字 2026年７月度　月次業績速報
[backfill][DOC CACHE HIT] 4574 2026-08-17 11,096文字 2026年12月期(FY2026)第２四半期(中間期)連結決算報告
[backfill][DOC CACHE HIT] 4018 2026-08-17 510文字 （訂正）「2026年6月期　決算短信〔日本基準〕（非連結）」の一部訂正に関するお
[backfill][DOC CACHE HIT] 8705 2026-08-17 2,394文字 2026年７月の月次業績等（速報）に関するお知らせ
[backfill][DOC CACHE HIT] 8798 2026-08-17 18,713文字 （訂正・数値データ訂正）「2025年9月期 第1四半期決算短信〔日本基準〕（連結
[backfill][DOC CACHE HIT] 9162 2026-08-17 606文字 （訂正）「2026年６月期 通期連結決算説明資料」の一部訂正について
[backfill][DOC CACHE HIT] 3445 2026-08-17 15,223文字 2026年12月期第２四半期 決算説明会 書き起こし公開のお知らせ
[backfill][DOC CACHE HIT] 319A 2026-08-17 4,923文字 Q&A 2026年12月期第2四半期決算説明
[backfill][XBRL TRY] 9284 https://www.release.tdnet.info/inbs/081220260817521739.zip
[backfill][XBRL TRY] 9284 https://www.release.tdnet.info/inbs/091220260817521739.zip
[backfill][XBRL TRY] 9284 https://www2.jpx.co.jp/disc/92840/081220260817521739.zip
[backfill][XBRL TRY] 9284 https://www2.jpx.co.jp/disc/92840/091220260817521739.zip
[backfill][XBRL TRY] 482A https://www.release.tdnet.info/inbs/081220260817521628.zip
[backfill][XBRL TRY] 482A https://www.release.tdnet.info/inbs/091220260817521628.zip
[backfill][XBRL TRY] 482A https://www2.jpx.co.jp/disc/482A0/081220260817521628.zip
[backfill][XBRL TRY] 482A https://www2.jpx.co.jp/disc/482A0/091220260817521628.zip
[backfill][XBRL TRY] 5534 https://www.release.tdnet.info/inbs/081220260817521941.zip
[backfill][XBRL TRY] 5534 https://www.release.tdnet.info/inbs/091220260817521941.zip
[backfill][XBRL TRY] 5534 https://www2.jpx.co.jp/disc/55340/081220260817521941.zip
[backfill][XBRL TRY] 5534 https://www2.jpx.co.jp/disc/55340/091220260817521941.zip
[backfill][XBRL TRY] 482A https://www.release.tdnet.info/inbs/081220260817522088.zip
[backfill][XBRL TRY] 482A https://www.release.tdnet.info/inbs/091220260817522088.zip
[backfill][XBRL TRY] 482A https://www2.jpx.co.jp/disc/482A0/081220260817522088.zip
[backfill][XBRL TRY] 482A https://www2.jpx.co.jp/disc/482A0/091220260817522088.zip
[forecast_history] 対象=8 initial=4 revision=0 achievement=0 unresolved=6
[OK] 決算:23件, 増資:8件, TOB:1件, 本文:40件, 予想初期:4件, 予想修正:0件, 達成履歴更新:0件 をDBに保存しました。
=== fetch_all: 完全成功 ===
===== 2026-08-18T09:51:14 END status=success rc=0 =====


===== 2026-08-18T10:00:00 START C:\Users\sasit\AppData\Local\Programs\Python\Python310\pythonw.exe D:\kabu\main\1-スクリーニング自動化プログラム\main\fetch_all.py =====
=== fetch_all: TDnetデータ収集開始 ===
[backfill][DOC CACHE HIT] 8951 2026-08-18 31,497文字 2026年６月期（第50期）決算説明会資料
[backfill][DOC CACHE HIT] 3660 2026-08-18 5,402文字 2026年６月期通期 決算説明会における質疑応答
[backfill][DOC CACHE HIT] 482A 2026-08-17 1,051文字 「2026年8月期業績予想の修正に関するお知らせ」の再掲載について
[backfill][DOC CACHE HIT] 4019 2026-08-17 26,197文字 2026年12月期 第2四半期決算説明会書き起こし
[backfill][SOURCE 1/3] 2026-08-17 2026年8月期業績予想の修正に関するお知らせ
[backfill][TRY 1/3] 2026-08-17 2026年8月期業績予想の修正に関するお知らせ https://webapi.yanoshin.jp/rd.php?https://www.release.tdnet.info/inbs/140120260817521628.pdf
[backfill][UNUSABLE] 2026-08-17 2026年8月期業績予想の修正に関するお知らせ ctype=application/pdf bytes=100,551
[backfill][TRY 2/3] 2026-08-17 2026年8月期業績予想の修正に関するお知らせ http://webapi.yanoshin.jp/rd.php?https://www.release.tdnet.info/inbs/140120260817521628.pdf
[backfill][UNUSABLE] 2026-08-17 2026年8月期業績予想の修正に関するお知らせ ctype=application/pdf bytes=100,551
[backfill][TRY 3/3] 2026-08-17 2026年8月期業績予想の修正に関するお知らせ https://www.release.tdnet.info/inbs/140120260817521628.pdf
[backfill][UNUSABLE] 2026-08-17 2026年8月期業績予想の修正に関するお知らせ ctype=application/pdf bytes=100,551
[backfill][JPX FAST 2/3] 2026-08-17 2026年8月期業績予想の修正に関するお知らせ https://www2.jpx.co.jp/disc/482A0/140120260817521628.pdf
[backfill][TRY 1/1] 2026-08-17 2026年8月期業績予想の修正に関するお知らせ https://www2.jpx.co.jp/disc/482A0/140120260817521628.pdf
[backfill][HTTP 404] 2026-08-17 2026年8月期業績予想の修正に関するお知らせ
[backfill][SOURCE 3/3] 2026-08-17 2026年8月期業績予想の修正に関するお知らせ
[backfill][SKIP FAILCACHE] 2026-08-17 2026年8月期業績予想の修正に関するお知らせ https://www.release.tdnet.info/inbs/140120260817521628.pdf
[backfill][TRY 2/2] 2026-08-17 2026年8月期業績予想の修正に関するお知らせ http://www.release.tdnet.info/inbs/140120260817521628.pdf
[backfill][TIMEOUT 5s] 2026-08-17 2026年8月期業績予想の修正に関するお知らせ
[backfill][DOC EMPTY] 482A 2026-08-17 17:00:00 2026年8月期業績予想の修正に関するお知らせ raw=https://webapi.yanoshin.jp/rd.php?https://www.release.tdnet.info/inbs/140120260817521
[backfill][DOC CACHE HIT] 5534 2026-08-17 1,123文字 通期連結業績予想の修正に関するお知らせ
[backfill][DOC CACHE HIT] 6036 2026-08-17 28,949文字 （訂正）「2026年6月期第2四半期 決算説明会資料」の一部訂正について
[backfill][DOC CACHE HIT] 7044 2026-08-17 696文字 （訂正）「2026年12月期第２四半期（中間期）決算補足資料」の一部訂正について
[backfill][DOC CACHE HIT] 9439 2026-08-17 1,576文字 通期連結業績予想値と実績値との差異に関するお知らせ
[backfill][DOC CACHE HIT] 9439 2026-08-17 25,306文字 2026年6月期　決算短信〔日本基準〕（連結）
[backfill][DOC CACHE HIT] 9439 2026-08-17 1,166文字 剰余金の配当（無配）に関するお知らせ
[backfill][DOC CACHE HIT] 5251 2026-08-17 2,468文字 （再登録）「中間決算説明資料の開示に関するお知らせ」の再登録について
[backfill][DOC CACHE HIT] 6195 2026-08-17 31,592文字 （訂正・数値データ訂正）「2026年３月期　決算短信〔日本基準〕（連結）」の一部
[backfill][DOC CACHE HIT] 7042 2026-08-17 4,066文字 2027年３月期第１四半期決算説明資料
[backfill][DOC CACHE HIT] 8964 2026-08-17 37,819文字 2026年6月期　決算短信（ＲＥＩＴ）
[backfill][DOC CACHE HIT] 7177 2026-08-17 3,192文字 2026年７月の月次業績（速報）に関するお知らせ
[backfill][DOC CACHE HIT] 3168 2026-08-17 1,149文字 特別配当および期末配当予想の修正に関するお知らせ
[backfill][DOC CACHE HIT] 367A 2026-08-17 500文字 連結子会社からの剰余金の配当受領に関するお知らせ
[backfill][DOC CACHE HIT] 4484 2026-08-17 6,345文字 2027年３月期 第１四半期決算説明会レポート（書き起こし）
[backfill][DOC CACHE HIT] 4651 2026-08-17 9,960文字 2027年３月期　第１四半期決算短信〔日本基準〕（連結）
[backfill][DOC CACHE HIT] 4651 2026-08-17 21,202文字 2027年３月期　第１四半期決算説明資料
[backfill][DOC CACHE HIT] 5242 2026-08-17 1,063文字 2026年12月期第２四半期決算説明会 質疑応答（要旨）
[backfill][DOC CACHE HIT] 7069 2026-08-17 675文字 （訂正）「2026年9月期 第3四半期決算説明資料」の一部訂正について
[backfill][DOC CACHE HIT] 8951 2026-08-17 39,641文字 2026年６月期　決算短信（ＲＥＩＴ）
[backfill][DOC CACHE HIT] 8951 2026-08-17 9,069文字 2026年６月期_決算概要
[backfill][DOC CACHE HIT] 8955 2026-08-17 42,496文字 2026年6月期　決算短信（ＲＥＩＴ）
[backfill][DOC CACHE HIT] 8955 2026-08-17 48,751文字 2026年6月期（第49期）決算説明資料
[backfill][DOC CACHE HIT] 9284 2026-08-17 50,474文字 2026年６月期 決算短信（インフラファンド）
[backfill][DOC CACHE HIT] 2461 2026-08-17 3,208文字 2026年12月期7月度 月次業績速報のお知らせ
[backfill][DOC CACHE HIT] 264A 2026-08-17 891文字 （訂正）「2026年９月期第３四半期決算説明資料」の一部訂正について
[backfill][DOC CACHE HIT] 5632 2026-08-17 559文字 連結子会社からの配当金受領に関するお知らせ
[backfill][DOC CACHE HIT] 2927 2026-08-17 733文字 2026年8月期 期末配当予想の増配に関するお知らせ
[backfill][DOC CACHE HIT] 6061 2026-08-17 1,101文字 （訂正・数値データ訂正）「令和８年６月期　決算短信〔日本基準〕(連結)」の一部訂
[backfill][DOC CACHE HIT] 2991 2026-08-17 1,105文字 2026年７月度　月次業績速報
[backfill][DOC CACHE HIT] 4574 2026-08-17 11,096文字 2026年12月期(FY2026)第２四半期(中間期)連結決算報告
[backfill][DOC CACHE HIT] 4018 2026-08-17 510文字 （訂正）「2026年6月期　決算短信〔日本基準〕（非連結）」の一部訂正に関するお
[backfill][DOC CACHE HIT] 8705 2026-08-17 2,394文字 2026年７月の月次業績等（速報）に関するお知らせ
[backfill][DOC CACHE HIT] 8798 2026-08-17 18,713文字 （訂正・数値データ訂正）「2025年9月期 第1四半期決算短信〔日本基準〕（連結
[backfill][DOC CACHE HIT] 9162 2026-08-17 606文字 （訂正）「2026年６月期 通期連結決算説明資料」の一部訂正について
[backfill][DOC CACHE HIT] 3445 2026-08-17 15,223文字 2026年12月期第２四半期 決算説明会 書き起こし公開のお知らせ
[backfill][DOC CACHE HIT] 319A 2026-08-17 4,923文字 Q&A 2026年12月期第2四半期決算説明
[backfill][XBRL TRY] 9284 https://www.release.tdnet.info/inbs/081220260817521739.zip
[backfill][XBRL TRY] 9284 https://www.release.tdnet.info/inbs/091220260817521739.zip
[backfill][XBRL TRY] 9284 https://www2.jpx.co.jp/disc/92840/081220260817521739.zip
[backfill][XBRL TRY] 9284 https://www2.jpx.co.jp/disc/92840/091220260817521739.zip
[backfill][XBRL TRY] 482A https://www.release.tdnet.info/inbs/081220260817521628.zip
[backfill][XBRL TRY] 482A https://www.release.tdnet.info/inbs/091220260817521628.zip
[backfill][XBRL TRY] 482A https://www2.jpx.co.jp/disc/482A0/081220260817521628.zip
[backfill][XBRL TRY] 482A https://www2.jpx.co.jp/disc/482A0/091220260817521628.zip
[backfill][XBRL TRY] 5534 https://www.release.tdnet.info/inbs/081220260817521941.zip
[backfill][XBRL TRY] 5534 https://www.release.tdnet.info/inbs/091220260817521941.zip
[backfill][XBRL TRY] 5534 https://www2.jpx.co.jp/disc/55340/081220260817521941.zip
[backfill][XBRL TRY] 5534 https://www2.jpx.co.jp/disc/55340/091220260817521941.zip
[backfill][XBRL TRY] 482A https://www.release.tdnet.info/inbs/081220260817522088.zip
[backfill][XBRL TRY] 482A https://www.release.tdnet.info/inbs/091220260817522088.zip
[backfill][XBRL TRY] 482A https://www2.jpx.co.jp/disc/482A0/081220260817522088.zip
[backfill][XBRL TRY] 482A https://www2.jpx.co.jp/disc/482A0/091220260817522088.zip
[forecast_history] 対象=8 initial=4 revision=0 achievement=0 unresolved=6
[OK] 決算:23件, 増資:8件, TOB:1件, 本文:40件, 予想初期:4件, 予想修正:0件, 達成履歴更新:0件 をDBに保存しました。
=== fetch_all: 完全成功 ===
===== 2026-08-18T10:01:20 END status=success rc=0 =====


===== 2026-08-18T10:10:00 START C:\Users\sasit\AppData\Local\Programs\Python\Python310\pythonw.exe D:\kabu\main\1-スクリーニング自動化プログラム\main\fetch_all.py =====
=== fetch_all: TDnetデータ収集開始 ===
[backfill][DOC CACHE HIT] 8951 2026-08-18 31,497文字 2026年６月期（第50期）決算説明会資料
[backfill][DOC CACHE HIT] 3660 2026-08-18 5,402文字 2026年６月期通期 決算説明会における質疑応答
[backfill][DOC CACHE HIT] 482A 2026-08-17 1,051文字 「2026年8月期業績予想の修正に関するお知らせ」の再掲載について
[backfill][DOC CACHE HIT] 4019 2026-08-17 26,197文字 2026年12月期 第2四半期決算説明会書き起こし
[backfill][SOURCE 1/3] 2026-08-17 2026年8月期業績予想の修正に関するお知らせ
[backfill][TRY 1/3] 2026-08-17 2026年8月期業績予想の修正に関するお知らせ https://webapi.yanoshin.jp/rd.php?https://www.release.tdnet.info/inbs/140120260817521628.pdf
[backfill][UNUSABLE] 2026-08-17 2026年8月期業績予想の修正に関するお知らせ ctype=application/pdf bytes=100,551
[backfill][TRY 2/3] 2026-08-17 2026年8月期業績予想の修正に関するお知らせ http://webapi.yanoshin.jp/rd.php?https://www.release.tdnet.info/inbs/140120260817521628.pdf
[backfill][UNUSABLE] 2026-08-17 2026年8月期業績予想の修正に関するお知らせ ctype=application/pdf bytes=100,551
[backfill][TRY 3/3] 2026-08-17 2026年8月期業績予想の修正に関するお知らせ https://www.release.tdnet.info/inbs/140120260817521628.pdf
[backfill][UNUSABLE] 2026-08-17 2026年8月期業績予想の修正に関するお知らせ ctype=application/pdf bytes=100,551
[backfill][JPX FAST 2/3] 2026-08-17 2026年8月期業績予想の修正に関するお知らせ https://www2.jpx.co.jp/disc/482A0/140120260817521628.pdf
[backfill][TRY 1/1] 2026-08-17 2026年8月期業績予想の修正に関するお知らせ https://www2.jpx.co.jp/disc/482A0/140120260817521628.pdf
[backfill][HTTP 404] 2026-08-17 2026年8月期業績予想の修正に関するお知らせ
[backfill][SOURCE 3/3] 2026-08-17 2026年8月期業績予想の修正に関するお知らせ
[backfill][SKIP FAILCACHE] 2026-08-17 2026年8月期業績予想の修正に関するお知らせ https://www.release.tdnet.info/inbs/140120260817521628.pdf
[backfill][TRY 2/2] 2026-08-17 2026年8月期業績予想の修正に関するお知らせ http://www.release.tdnet.info/inbs/140120260817521628.pdf
[backfill][TIMEOUT 5s] 2026-08-17 2026年8月期業績予想の修正に関するお知らせ
[backfill][DOC EMPTY] 482A 2026-08-17 17:00:00 2026年8月期業績予想の修正に関するお知らせ raw=https://webapi.yanoshin.jp/rd.php?https://www.release.tdnet.info/inbs/140120260817521
[backfill][DOC CACHE HIT] 5534 2026-08-17 1,123文字 通期連結業績予想の修正に関するお知らせ
[backfill][DOC CACHE HIT] 6036 2026-08-17 28,949文字 （訂正）「2026年6月期第2四半期 決算説明会資料」の一部訂正について
[backfill][DOC CACHE HIT] 7044 2026-08-17 696文字 （訂正）「2026年12月期第２四半期（中間期）決算補足資料」の一部訂正について
[backfill][DOC CACHE HIT] 9439 2026-08-17 1,576文字 通期連結業績予想値と実績値との差異に関するお知らせ
[backfill][DOC CACHE HIT] 9439 2026-08-17 25,306文字 2026年6月期　決算短信〔日本基準〕（連結）
[backfill][DOC CACHE HIT] 9439 2026-08-17 1,166文字 剰余金の配当（無配）に関するお知らせ
[backfill][DOC CACHE HIT] 5251 2026-08-17 2,468文字 （再登録）「中間決算説明資料の開示に関するお知らせ」の再登録について
[backfill][DOC CACHE HIT] 6195 2026-08-17 31,592文字 （訂正・数値データ訂正）「2026年３月期　決算短信〔日本基準〕（連結）」の一部
[backfill][DOC CACHE HIT] 7042 2026-08-17 4,066文字 2027年３月期第１四半期決算説明資料
[backfill][DOC CACHE HIT] 8964 2026-08-17 37,819文字 2026年6月期　決算短信（ＲＥＩＴ）
[backfill][DOC CACHE HIT] 7177 2026-08-17 3,192文字 2026年７月の月次業績（速報）に関するお知らせ
[backfill][DOC CACHE HIT] 3168 2026-08-17 1,149文字 特別配当および期末配当予想の修正に関するお知らせ
[backfill][DOC CACHE HIT] 367A 2026-08-17 500文字 連結子会社からの剰余金の配当受領に関するお知らせ
[backfill][DOC CACHE HIT] 4484 2026-08-17 6,345文字 2027年３月期 第１四半期決算説明会レポート（書き起こし）
[backfill][DOC CACHE HIT] 4651 2026-08-17 9,960文字 2027年３月期　第１四半期決算短信〔日本基準〕（連結）
[backfill][DOC CACHE HIT] 4651 2026-08-17 21,202文字 2027年３月期　第１四半期決算説明資料
[backfill][DOC CACHE HIT] 5242 2026-08-17 1,063文字 2026年12月期第２四半期決算説明会 質疑応答（要旨）
[backfill][DOC CACHE HIT] 7069 2026-08-17 675文字 （訂正）「2026年9月期 第3四半期決算説明資料」の一部訂正について
[backfill][DOC CACHE HIT] 8951 2026-08-17 39,641文字 2026年６月期　決算短信（ＲＥＩＴ）
[backfill][DOC CACHE HIT] 8951 2026-08-17 9,069文字 2026年６月期_決算概要
[backfill][DOC CACHE HIT] 8955 2026-08-17 42,496文字 2026年6月期　決算短信（ＲＥＩＴ）
[backfill][DOC CACHE HIT] 8955 2026-08-17 48,751文字 2026年6月期（第49期）決算説明資料
[backfill][DOC CACHE HIT] 9284 2026-08-17 50,474文字 2026年６月期 決算短信（インフラファンド）
[backfill][DOC CACHE HIT] 2461 2026-08-17 3,208文字 2026年12月期7月度 月次業績速報のお知らせ
[backfill][DOC CACHE HIT] 264A 2026-08-17 891文字 （訂正）「2026年９月期第３四半期決算説明資料」の一部訂正について
[backfill][DOC CACHE HIT] 5632 2026-08-17 559文字 連結子会社からの配当金受領に関するお知らせ
[backfill][DOC CACHE HIT] 2927 2026-08-17 733文字 2026年8月期 期末配当予想の増配に関するお知らせ
[backfill][DOC CACHE HIT] 6061 2026-08-17 1,101文字 （訂正・数値データ訂正）「令和８年６月期　決算短信〔日本基準〕(連結)」の一部訂
[backfill][DOC CACHE HIT] 2991 2026-08-17 1,105文字 2026年７月度　月次業績速報
[backfill][DOC CACHE HIT] 4574 2026-08-17 11,096文字 2026年12月期(FY2026)第２四半期(中間期)連結決算報告
[backfill][DOC CACHE HIT] 4018 2026-08-17 510文字 （訂正）「2026年6月期　決算短信〔日本基準〕（非連結）」の一部訂正に関するお
[backfill][DOC CACHE HIT] 8705 2026-08-17 2,394文字 2026年７月の月次業績等（速報）に関するお知らせ
[backfill][DOC CACHE HIT] 8798 2026-08-17 18,713文字 （訂正・数値データ訂正）「2025年9月期 第1四半期決算短信〔日本基準〕（連結
[backfill][DOC CACHE HIT] 9162 2026-08-17 606文字 （訂正）「2026年６月期 通期連結決算説明資料」の一部訂正について
[backfill][DOC CACHE HIT] 3445 2026-08-17 15,223文字 2026年12月期第２四半期 決算説明会 書き起こし公開のお知らせ
[backfill][DOC CACHE HIT] 319A 2026-08-17 4,923文字 Q&A 2026年12月期第2四半期決算説明
[backfill][XBRL TRY] 9284 https://www.release.tdnet.info/inbs/081220260817521739.zip
[backfill][XBRL TRY] 9284 https://www.release.tdnet.info/inbs/091220260817521739.zip
[backfill][XBRL TRY] 9284 https://www2.jpx.co.jp/disc/92840/081220260817521739.zip
[backfill][XBRL TRY] 9284 https://www2.jpx.co.jp/disc/92840/091220260817521739.zip
[backfill][XBRL TRY] 482A https://www.release.tdnet.info/inbs/081220260817521628.zip
[backfill][XBRL TRY] 482A https://www.release.tdnet.info/inbs/091220260817521628.zip
[backfill][XBRL TRY] 482A https://www2.jpx.co.jp/disc/482A0/081220260817521628.zip
[backfill][XBRL TRY] 482A https://www2.jpx.co.jp/disc/482A0/091220260817521628.zip
[backfill][XBRL TRY] 5534 https://www.release.tdnet.info/inbs/081220260817521941.zip
[backfill][XBRL TRY] 5534 https://www.release.tdnet.info/inbs/091220260817521941.zip
[backfill][XBRL TRY] 5534 https://www2.jpx.co.jp/disc/55340/081220260817521941.zip
[backfill][XBRL TRY] 5534 https://www2.jpx.co.jp/disc/55340/091220260817521941.zip
[backfill][XBRL TRY] 482A https://www.release.tdnet.info/inbs/081220260817522088.zip
[backfill][XBRL TRY] 482A https://www.release.tdnet.info/inbs/091220260817522088.zip
[backfill][XBRL TRY] 482A https://www2.jpx.co.jp/disc/482A0/081220260817522088.zip
[backfill][XBRL TRY] 482A https://www2.jpx.co.jp/disc/482A0/091220260817522088.zip
[forecast_history] 対象=8 initial=4 revision=0 achievement=0 unresolved=6
[OK] 決算:23件, 増資:8件, TOB:1件, 本文:40件, 予想初期:4件, 予想修正:0件, 達成履歴更新:0件 をDBに保存しました。
=== fetch_all: 完全成功 ===
===== 2026-08-18T10:11:16 END status=success rc=0 =====


===== 2026-08-18T10:20:00 START C:\Users\sasit\AppData\Local\Programs\Python\Python310\pythonw.exe D:\kabu\main\1-スクリーニング自動化プログラム\main\fetch_all.py =====
=== fetch_all: TDnetデータ収集開始 ===
[backfill][DOC CACHE HIT] 8951 2026-08-18 31,497文字 2026年６月期（第50期）決算説明会資料
[backfill][DOC CACHE HIT] 3660 2026-08-18 5,402文字 2026年６月期通期 決算説明会における質疑応答
[backfill][DOC CACHE HIT] 482A 2026-08-17 1,051文字 「2026年8月期業績予想の修正に関するお知らせ」の再掲載について
[backfill][DOC CACHE HIT] 4019 2026-08-17 26,197文字 2026年12月期 第2四半期決算説明会書き起こし
[backfill][SOURCE 1/3] 2026-08-17 2026年8月期業績予想の修正に関するお知らせ
[backfill][TRY 1/3] 2026-08-17 2026年8月期業績予想の修正に関するお知らせ https://webapi.yanoshin.jp/rd.php?https://www.release.tdnet.info/inbs/140120260817521628.pdf
[backfill][UNUSABLE] 2026-08-17 2026年8月期業績予想の修正に関するお知らせ ctype=application/pdf bytes=100,551
[backfill][TRY 2/3] 2026-08-17 2026年8月期業績予想の修正に関するお知らせ http://webapi.yanoshin.jp/rd.php?https://www.release.tdnet.info/inbs/140120260817521628.pdf
[backfill][UNUSABLE] 2026-08-17 2026年8月期業績予想の修正に関するお知らせ ctype=application/pdf bytes=100,551
[backfill][TRY 3/3] 2026-08-17 2026年8月期業績予想の修正に関するお知らせ https://www.release.tdnet.info/inbs/140120260817521628.pdf
[backfill][UNUSABLE] 2026-08-17 2026年8月期業績予想の修正に関するお知らせ ctype=application/pdf bytes=100,551
[backfill][JPX FAST 2/3] 2026-08-17 2026年8月期業績予想の修正に関するお知らせ https://www2.jpx.co.jp/disc/482A0/140120260817521628.pdf
[backfill][TRY 1/1] 2026-08-17 2026年8月期業績予想の修正に関するお知らせ https://www2.jpx.co.jp/disc/482A0/140120260817521628.pdf
[backfill][HTTP 404] 2026-08-17 2026年8月期業績予想の修正に関するお知らせ
[backfill][SOURCE 3/3] 2026-08-17 2026年8月期業績予想の修正に関するお知らせ
[backfill][SKIP FAILCACHE] 2026-08-17 2026年8月期業績予想の修正に関するお知らせ https://www.release.tdnet.info/inbs/140120260817521628.pdf
[backfill][TRY 2/2] 2026-08-17 2026年8月期業績予想の修正に関するお知らせ http://www.release.tdnet.info/inbs/140120260817521628.pdf
[backfill][TIMEOUT 5s] 2026-08-17 2026年8月期業績予想の修正に関するお知らせ
[backfill][DOC EMPTY] 482A 2026-08-17 17:00:00 2026年8月期業績予想の修正に関するお知らせ raw=https://webapi.yanoshin.jp/rd.php?https://www.release.tdnet.info/inbs/140120260817521
[backfill][DOC CACHE HIT] 5534 2026-08-17 1,123文字 通期連結業績予想の修正に関するお知らせ
[backfill][DOC CACHE HIT] 6036 2026-08-17 28,949文字 （訂正）「2026年6月期第2四半期 決算説明会資料」の一部訂正について
[backfill][DOC CACHE HIT] 7044 2026-08-17 696文字 （訂正）「2026年12月期第２四半期（中間期）決算補足資料」の一部訂正について
[backfill][DOC CACHE HIT] 9439 2026-08-17 1,576文字 通期連結業績予想値と実績値との差異に関するお知らせ
[backfill][DOC CACHE HIT] 9439 2026-08-17 25,306文字 2026年6月期　決算短信〔日本基準〕（連結）
[backfill][DOC CACHE HIT] 9439 2026-08-17 1,166文字 剰余金の配当（無配）に関するお知らせ
[backfill][DOC CACHE HIT] 5251 2026-08-17 2,468文字 （再登録）「中間決算説明資料の開示に関するお知らせ」の再登録について
[backfill][DOC CACHE HIT] 6195 2026-08-17 31,592文字 （訂正・数値データ訂正）「2026年３月期　決算短信〔日本基準〕（連結）」の一部
[backfill][DOC CACHE HIT] 7042 2026-08-17 4,066文字 2027年３月期第１四半期決算説明資料
[backfill][DOC CACHE HIT] 8964 2026-08-17 37,819文字 2026年6月期　決算短信（ＲＥＩＴ）
[backfill][DOC CACHE HIT] 7177 2026-08-17 3,192文字 2026年７月の月次業績（速報）に関するお知らせ
[backfill][DOC CACHE HIT] 3168 2026-08-17 1,149文字 特別配当および期末配当予想の修正に関するお知らせ
[backfill][DOC CACHE HIT] 367A 2026-08-17 500文字 連結子会社からの剰余金の配当受領に関するお知らせ
[backfill][DOC CACHE HIT] 4484 2026-08-17 6,345文字 2027年３月期 第１四半期決算説明会レポート（書き起こし）
[backfill][DOC CACHE HIT] 4651 2026-08-17 9,960文字 2027年３月期　第１四半期決算短信〔日本基準〕（連結）
[backfill][DOC CACHE HIT] 4651 2026-08-17 21,202文字 2027年３月期　第１四半期決算説明資料
[backfill][DOC CACHE HIT] 5242 2026-08-17 1,063文字 2026年12月期第２四半期決算説明会 質疑応答（要旨）
[backfill][DOC CACHE HIT] 7069 2026-08-17 675文字 （訂正）「2026年9月期 第3四半期決算説明資料」の一部訂正について
[backfill][DOC CACHE HIT] 8951 2026-08-17 39,641文字 2026年６月期　決算短信（ＲＥＩＴ）
[backfill][DOC CACHE HIT] 8951 2026-08-17 9,069文字 2026年６月期_決算概要
[backfill][DOC CACHE HIT] 8955 2026-08-17 42,496文字 2026年6月期　決算短信（ＲＥＩＴ）
[backfill][DOC CACHE HIT] 8955 2026-08-17 48,751文字 2026年6月期（第49期）決算説明資料
[backfill][DOC CACHE HIT] 9284 2026-08-17 50,474文字 2026年６月期 決算短信（インフラファンド）
[backfill][DOC CACHE HIT] 2461 2026-08-17 3,208文字 2026年12月期7月度 月次業績速報のお知らせ
[backfill][DOC CACHE HIT] 264A 2026-08-17 891文字 （訂正）「2026年９月期第３四半期決算説明資料」の一部訂正について
[backfill][DOC CACHE HIT] 5632 2026-08-17 559文字 連結子会社からの配当金受領に関するお知らせ
[backfill][DOC CACHE HIT] 2927 2026-08-17 733文字 2026年8月期 期末配当予想の増配に関するお知らせ
[backfill][DOC CACHE HIT] 6061 2026-08-17 1,101文字 （訂正・数値データ訂正）「令和８年６月期　決算短信〔日本基準〕(連結)」の一部訂
[backfill][DOC CACHE HIT] 2991 2026-08-17 1,105文字 2026年７月度　月次業績速報
[backfill][DOC CACHE HIT] 4574 2026-08-17 11,096文字 2026年12月期(FY2026)第２四半期(中間期)連結決算報告
[backfill][DOC CACHE HIT] 4018 2026-08-17 510文字 （訂正）「2026年6月期　決算短信〔日本基準〕（非連結）」の一部訂正に関するお
[backfill][DOC CACHE HIT] 8705 2026-08-17 2,394文字 2026年７月の月次業績等（速報）に関するお知らせ
[backfill][DOC CACHE HIT] 8798 2026-08-17 18,713文字 （訂正・数値データ訂正）「2025年9月期 第1四半期決算短信〔日本基準〕（連結
[backfill][DOC CACHE HIT] 9162 2026-08-17 606文字 （訂正）「2026年６月期 通期連結決算説明資料」の一部訂正について
[backfill][DOC CACHE HIT] 3445 2026-08-17 15,223文字 2026年12月期第２四半期 決算説明会 書き起こし公開のお知らせ
[backfill][DOC CACHE HIT] 319A 2026-08-17 4,923文字 Q&A 2026年12月期第2四半期決算説明
[backfill][XBRL TRY] 9284 https://www.release.tdnet.info/inbs/081220260817521739.zip
[backfill][XBRL TRY] 9284 https://www.release.tdnet.info/inbs/091220260817521739.zip
[backfill][XBRL TRY] 9284 https://www2.jpx.co.jp/disc/92840/081220260817521739.zip
[backfill][XBRL TRY] 9284 https://www2.jpx.co.jp/disc/92840/091220260817521739.zip
[backfill][XBRL TRY] 482A https://www.release.tdnet.info/inbs/081220260817521628.zip
[backfill][XBRL TRY] 482A https://www.release.tdnet.info/inbs/091220260817521628.zip
[backfill][XBRL TRY] 482A https://www2.jpx.co.jp/disc/482A0/081220260817521628.zip
[backfill][XBRL TRY] 482A https://www2.jpx.co.jp/disc/482A0/091220260817521628.zip
[backfill][XBRL TRY] 5534 https://www.release.tdnet.info/inbs/081220260817521941.zip
[backfill][XBRL TRY] 5534 https://www.release.tdnet.info/inbs/091220260817521941.zip
[backfill][XBRL TRY] 5534 https://www2.jpx.co.jp/disc/55340/081220260817521941.zip
[backfill][XBRL TRY] 5534 https://www2.jpx.co.jp/disc/55340/091220260817521941.zip
[backfill][XBRL TRY] 482A https://www.release.tdnet.info/inbs/081220260817522088.zip
[backfill][XBRL TRY] 482A https://www.release.tdnet.info/inbs/091220260817522088.zip
[backfill][XBRL TRY] 482A https://www2.jpx.co.jp/disc/482A0/081220260817522088.zip
[backfill][XBRL TRY] 482A https://www2.jpx.co.jp/disc/482A0/091220260817522088.zip
[forecast_history] 対象=8 initial=4 revision=0 achievement=0 unresolved=6
[OK] 決算:23件, 増資:8件, TOB:1件, 本文:40件, 予想初期:4件, 予想修正:0件, 達成履歴更新:0件 をDBに保存しました。
=== fetch_all: 完全成功 ===
===== 2026-08-18T10:21:13 END status=success rc=0 =====


===== 2026-08-18T10:30:00 START C:\Users\sasit\AppData\Local\Programs\Python\Python310\pythonw.exe D:\kabu\main\1-スクリーニング自動化プログラム\main\fetch_all.py =====
=== fetch_all: TDnetデータ収集開始 ===
[backfill][DOC CACHE HIT] 8951 2026-08-18 31,497文字 2026年６月期（第50期）決算説明会資料
[backfill][DOC CACHE HIT] 3660 2026-08-18 5,402文字 2026年６月期通期 決算説明会における質疑応答
[backfill][DOC CACHE HIT] 482A 2026-08-17 1,051文字 「2026年8月期業績予想の修正に関するお知らせ」の再掲載について
[backfill][DOC CACHE HIT] 4019 2026-08-17 26,197文字 2026年12月期 第2四半期決算説明会書き起こし
[backfill][SOURCE 1/3] 2026-08-17 2026年8月期業績予想の修正に関するお知らせ
[backfill][TRY 1/3] 2026-08-17 2026年8月期業績予想の修正に関するお知らせ https://webapi.yanoshin.jp/rd.php?https://www.release.tdnet.info/inbs/140120260817521628.pdf
[backfill][UNUSABLE] 2026-08-17 2026年8月期業績予想の修正に関するお知らせ ctype=application/pdf bytes=100,551
[backfill][TRY 2/3] 2026-08-17 2026年8月期業績予想の修正に関するお知らせ http://webapi.yanoshin.jp/rd.php?https://www.release.tdnet.info/inbs/140120260817521628.pdf
[backfill][UNUSABLE] 2026-08-17 2026年8月期業績予想の修正に関するお知らせ ctype=application/pdf bytes=100,551
[backfill][TRY 3/3] 2026-08-17 2026年8月期業績予想の修正に関するお知らせ https://www.release.tdnet.info/inbs/140120260817521628.pdf
[backfill][UNUSABLE] 2026-08-17 2026年8月期業績予想の修正に関するお知らせ ctype=application/pdf bytes=100,551
[backfill][JPX FAST 2/3] 2026-08-17 2026年8月期業績予想の修正に関するお知らせ https://www2.jpx.co.jp/disc/482A0/140120260817521628.pdf
[backfill][TRY 1/1] 2026-08-17 2026年8月期業績予想の修正に関するお知らせ https://www2.jpx.co.jp/disc/482A0/140120260817521628.pdf
[backfill][HTTP 404] 2026-08-17 2026年8月期業績予想の修正に関するお知らせ
[backfill][SOURCE 3/3] 2026-08-17 2026年8月期業績予想の修正に関するお知らせ
[backfill][SKIP FAILCACHE] 2026-08-17 2026年8月期業績予想の修正に関するお知らせ https://www.release.tdnet.info/inbs/140120260817521628.pdf
[backfill][TRY 2/2] 2026-08-17 2026年8月期業績予想の修正に関するお知らせ http://www.release.tdnet.info/inbs/140120260817521628.pdf
[backfill][TIMEOUT 5s] 2026-08-17 2026年8月期業績予想の修正に関するお知らせ
[backfill][DOC EMPTY] 482A 2026-08-17 17:00:00 2026年8月期業績予想の修正に関するお知らせ raw=https://webapi.yanoshin.jp/rd.php?https://www.release.tdnet.info/inbs/140120260817521
[backfill][DOC CACHE HIT] 5534 2026-08-17 1,123文字 通期連結業績予想の修正に関するお知らせ
[backfill][DOC CACHE HIT] 6036 2026-08-17 28,949文字 （訂正）「2026年6月期第2四半期 決算説明会資料」の一部訂正について
[backfill][DOC CACHE HIT] 7044 2026-08-17 696文字 （訂正）「2026年12月期第２四半期（中間期）決算補足資料」の一部訂正について
[backfill][DOC CACHE HIT] 9439 2026-08-17 1,576文字 通期連結業績予想値と実績値との差異に関するお知らせ
[backfill][DOC CACHE HIT] 9439 2026-08-17 25,306文字 2026年6月期　決算短信〔日本基準〕（連結）
[backfill][DOC CACHE HIT] 9439 2026-08-17 1,166文字 剰余金の配当（無配）に関するお知らせ
[backfill][DOC CACHE HIT] 5251 2026-08-17 2,468文字 （再登録）「中間決算説明資料の開示に関するお知らせ」の再登録について
[backfill][DOC CACHE HIT] 6195 2026-08-17 31,592文字 （訂正・数値データ訂正）「2026年３月期　決算短信〔日本基準〕（連結）」の一部
[backfill][DOC CACHE HIT] 7042 2026-08-17 4,066文字 2027年３月期第１四半期決算説明資料
[backfill][DOC CACHE HIT] 8964 2026-08-17 37,819文字 2026年6月期　決算短信（ＲＥＩＴ）
[backfill][DOC CACHE HIT] 7177 2026-08-17 3,192文字 2026年７月の月次業績（速報）に関するお知らせ
[backfill][DOC CACHE HIT] 3168 2026-08-17 1,149文字 特別配当および期末配当予想の修正に関するお知らせ
[backfill][DOC CACHE HIT] 367A 2026-08-17 500文字 連結子会社からの剰余金の配当受領に関するお知らせ
[backfill][DOC CACHE HIT] 4484 2026-08-17 6,345文字 2027年３月期 第１四半期決算説明会レポート（書き起こし）
[backfill][DOC CACHE HIT] 4651 2026-08-17 9,960文字 2027年３月期　第１四半期決算短信〔日本基準〕（連結）
[backfill][DOC CACHE HIT] 4651 2026-08-17 21,202文字 2027年３月期　第１四半期決算説明資料
[backfill][DOC CACHE HIT] 5242 2026-08-17 1,063文字 2026年12月期第２四半期決算説明会 質疑応答（要旨）
[backfill][DOC CACHE HIT] 7069 2026-08-17 675文字 （訂正）「2026年9月期 第3四半期決算説明資料」の一部訂正について
[backfill][DOC CACHE HIT] 8951 2026-08-17 39,641文字 2026年６月期　決算短信（ＲＥＩＴ）
[backfill][DOC CACHE HIT] 8951 2026-08-17 9,069文字 2026年６月期_決算概要
[backfill][DOC CACHE HIT] 8955 2026-08-17 42,496文字 2026年6月期　決算短信（ＲＥＩＴ）
[backfill][DOC CACHE HIT] 8955 2026-08-17 48,751文字 2026年6月期（第49期）決算説明資料
[backfill][DOC CACHE HIT] 9284 2026-08-17 50,474文字 2026年６月期 決算短信（インフラファンド）
[backfill][DOC CACHE HIT] 2461 2026-08-17 3,208文字 2026年12月期7月度 月次業績速報のお知らせ
[backfill][DOC CACHE HIT] 264A 2026-08-17 891文字 （訂正）「2026年９月期第３四半期決算説明資料」の一部訂正について
[backfill][DOC CACHE HIT] 5632 2026-08-17 559文字 連結子会社からの配当金受領に関するお知らせ
[backfill][DOC CACHE HIT] 2927 2026-08-17 733文字 2026年8月期 期末配当予想の増配に関するお知らせ
[backfill][DOC CACHE HIT] 6061 2026-08-17 1,101文字 （訂正・数値データ訂正）「令和８年６月期　決算短信〔日本基準〕(連結)」の一部訂
[backfill][DOC CACHE HIT] 2991 2026-08-17 1,105文字 2026年７月度　月次業績速報
[backfill][DOC CACHE HIT] 4574 2026-08-17 11,096文字 2026年12月期(FY2026)第２四半期(中間期)連結決算報告
[backfill][DOC CACHE HIT] 4018 2026-08-17 510文字 （訂正）「2026年6月期　決算短信〔日本基準〕（非連結）」の一部訂正に関するお
[backfill][DOC CACHE HIT] 8705 2026-08-17 2,394文字 2026年７月の月次業績等（速報）に関するお知らせ
[backfill][DOC CACHE HIT] 8798 2026-08-17 18,713文字 （訂正・数値データ訂正）「2025年9月期 第1四半期決算短信〔日本基準〕（連結
[backfill][DOC CACHE HIT] 9162 2026-08-17 606文字 （訂正）「2026年６月期 通期連結決算説明資料」の一部訂正について
[backfill][DOC CACHE HIT] 3445 2026-08-17 15,223文字 2026年12月期第２四半期 決算説明会 書き起こし公開のお知らせ
[backfill][DOC CACHE HIT] 319A 2026-08-17 4,923文字 Q&A 2026年12月期第2四半期決算説明
[backfill][XBRL TRY] 9284 https://www.release.tdnet.info/inbs/081220260817521739.zip
[backfill][XBRL TRY] 9284 https://www.release.tdnet.info/inbs/091220260817521739.zip
[backfill][XBRL TRY] 9284 https://www2.jpx.co.jp/disc/92840/081220260817521739.zip
[backfill][XBRL TRY] 9284 https://www2.jpx.co.jp/disc/92840/091220260817521739.zip
[backfill][XBRL TRY] 482A https://www.release.tdnet.info/inbs/081220260817521628.zip
[backfill][XBRL TRY] 482A https://www.release.tdnet.info/inbs/091220260817521628.zip
[backfill][XBRL TRY] 482A https://www2.jpx.co.jp/disc/482A0/081220260817521628.zip
[backfill][XBRL TRY] 482A https://www2.jpx.co.jp/disc/482A0/091220260817521628.zip
[backfill][XBRL TRY] 5534 https://www.release.tdnet.info/inbs/081220260817521941.zip
[backfill][XBRL TRY] 5534 https://www.release.tdnet.info/inbs/091220260817521941.zip
[backfill][XBRL TRY] 5534 https://www2.jpx.co.jp/disc/55340/081220260817521941.zip
[backfill][XBRL TRY] 5534 https://www2.jpx.co.jp/disc/55340/091220260817521941.zip
[backfill][XBRL TRY] 482A https://www.release.tdnet.info/inbs/081220260817522088.zip
[backfill][XBRL TRY] 482A https://www.release.tdnet.info/inbs/091220260817522088.zip
[backfill][XBRL TRY] 482A https://www2.jpx.co.jp/disc/482A0/081220260817522088.zip
[backfill][XBRL TRY] 482A https://www2.jpx.co.jp/disc/482A0/091220260817522088.zip
[forecast_history] 対象=8 initial=4 revision=0 achievement=0 unresolved=6
[OK] 決算:23件, 増資:8件, TOB:1件, 本文:40件, 予想初期:4件, 予想修正:0件, 達成履歴更新:0件 をDBに保存しました。
=== fetch_all: 完全成功 ===
===== 2026-08-18T10:31:04 END status=success rc=0 =====


===== 2026-08-18T10:40:00 START C:\Users\sasit\AppData\Local\Programs\Python\Python310\pythonw.exe D:\kabu\main\1-スクリーニング自動化プログラム\main\fetch_all.py =====
=== fetch_all: TDnetデータ収集開始 ===
[backfill][DOC CACHE HIT] 8951 2026-08-18 31,497文字 2026年６月期（第50期）決算説明会資料
[backfill][DOC CACHE HIT] 3660 2026-08-18 5,402文字 2026年６月期通期 決算説明会における質疑応答
[backfill][DOC CACHE HIT] 482A 2026-08-17 1,051文字 「2026年8月期業績予想の修正に関するお知らせ」の再掲載について
[backfill][DOC CACHE HIT] 4019 2026-08-17 26,197文字 2026年12月期 第2四半期決算説明会書き起こし
[backfill][SOURCE 1/3] 2026-08-17 2026年8月期業績予想の修正に関するお知らせ
[backfill][TRY 1/3] 2026-08-17 2026年8月期業績予想の修正に関するお知らせ https://webapi.yanoshin.jp/rd.php?https://www.release.tdnet.info/inbs/140120260817521628.pdf
[backfill][UNUSABLE] 2026-08-17 2026年8月期業績予想の修正に関するお知らせ ctype=application/pdf bytes=100,551
[backfill][TRY 2/3] 2026-08-17 2026年8月期業績予想の修正に関するお知らせ http://webapi.yanoshin.jp/rd.php?https://www.release.tdnet.info/inbs/140120260817521628.pdf
[backfill][UNUSABLE] 2026-08-17 2026年8月期業績予想の修正に関するお知らせ ctype=application/pdf bytes=100,551
[backfill][TRY 3/3] 2026-08-17 2026年8月期業績予想の修正に関するお知らせ https://www.release.tdnet.info/inbs/140120260817521628.pdf
[backfill][UNUSABLE] 2026-08-17 2026年8月期業績予想の修正に関するお知らせ ctype=application/pdf bytes=100,551
[backfill][JPX FAST 2/3] 2026-08-17 2026年8月期業績予想の修正に関するお知らせ https://www2.jpx.co.jp/disc/482A0/140120260817521628.pdf
[backfill][TRY 1/1] 2026-08-17 2026年8月期業績予想の修正に関するお知らせ https://www2.jpx.co.jp/disc/482A0/140120260817521628.pdf
[backfill][HTTP 404] 2026-08-17 2026年8月期業績予想の修正に関するお知らせ
[backfill][SOURCE 3/3] 2026-08-17 2026年8月期業績予想の修正に関するお知らせ
[backfill][SKIP FAILCACHE] 2026-08-17 2026年8月期業績予想の修正に関するお知らせ https://www.release.tdnet.info/inbs/140120260817521628.pdf
[backfill][TRY 2/2] 2026-08-17 2026年8月期業績予想の修正に関するお知らせ http://www.release.tdnet.info/inbs/140120260817521628.pdf
[backfill][TIMEOUT 5s] 2026-08-17 2026年8月期業績予想の修正に関するお知らせ
[backfill][DOC EMPTY] 482A 2026-08-17 17:00:00 2026年8月期業績予想の修正に関するお知らせ raw=https://webapi.yanoshin.jp/rd.php?https://www.release.tdnet.info/inbs/140120260817521
[backfill][DOC CACHE HIT] 5534 2026-08-17 1,123文字 通期連結業績予想の修正に関するお知らせ
[backfill][DOC CACHE HIT] 6036 2026-08-17 28,949文字 （訂正）「2026年6月期第2四半期 決算説明会資料」の一部訂正について
[backfill][DOC CACHE HIT] 7044 2026-08-17 696文字 （訂正）「2026年12月期第２四半期（中間期）決算補足資料」の一部訂正について
[backfill][DOC CACHE HIT] 9439 2026-08-17 1,576文字 通期連結業績予想値と実績値との差異に関するお知らせ
[backfill][DOC CACHE HIT] 9439 2026-08-17 25,306文字 2026年6月期　決算短信〔日本基準〕（連結）
[backfill][DOC CACHE HIT] 9439 2026-08-17 1,166文字 剰余金の配当（無配）に関するお知らせ
[backfill][DOC CACHE HIT] 5251 2026-08-17 2,468文字 （再登録）「中間決算説明資料の開示に関するお知らせ」の再登録について
[backfill][DOC CACHE HIT] 6195 2026-08-17 31,592文字 （訂正・数値データ訂正）「2026年３月期　決算短信〔日本基準〕（連結）」の一部
[backfill][DOC CACHE HIT] 7042 2026-08-17 4,066文字 2027年３月期第１四半期決算説明資料
[backfill][DOC CACHE HIT] 8964 2026-08-17 37,819文字 2026年6月期　決算短信（ＲＥＩＴ）
[backfill][DOC CACHE HIT] 7177 2026-08-17 3,192文字 2026年７月の月次業績（速報）に関するお知らせ
[backfill][DOC CACHE HIT] 3168 2026-08-17 1,149文字 特別配当および期末配当予想の修正に関するお知らせ
[backfill][DOC CACHE HIT] 367A 2026-08-17 500文字 連結子会社からの剰余金の配当受領に関するお知らせ
[backfill][DOC CACHE HIT] 4484 2026-08-17 6,345文字 2027年３月期 第１四半期決算説明会レポート（書き起こし）
[backfill][DOC CACHE HIT] 4651 2026-08-17 9,960文字 2027年３月期　第１四半期決算短信〔日本基準〕（連結）
[backfill][DOC CACHE HIT] 4651 2026-08-17 21,202文字 2027年３月期　第１四半期決算説明資料
[backfill][DOC CACHE HIT] 5242 2026-08-17 1,063文字 2026年12月期第２四半期決算説明会 質疑応答（要旨）
[backfill][DOC CACHE HIT] 7069 2026-08-17 675文字 （訂正）「2026年9月期 第3四半期決算説明資料」の一部訂正について
[backfill][DOC CACHE HIT] 8951 2026-08-17 39,641文字 2026年６月期　決算短信（ＲＥＩＴ）
[backfill][DOC CACHE HIT] 8951 2026-08-17 9,069文字 2026年６月期_決算概要
[backfill][DOC CACHE HIT] 8955 2026-08-17 42,496文字 2026年6月期　決算短信（ＲＥＩＴ）
[backfill][DOC CACHE HIT] 8955 2026-08-17 48,751文字 2026年6月期（第49期）決算説明資料
[backfill][DOC CACHE HIT] 9284 2026-08-17 50,474文字 2026年６月期 決算短信（インフラファンド）
[backfill][DOC CACHE HIT] 2461 2026-08-17 3,208文字 2026年12月期7月度 月次業績速報のお知らせ
[backfill][DOC CACHE HIT] 264A 2026-08-17 891文字 （訂正）「2026年９月期第３四半期決算説明資料」の一部訂正について
[backfill][DOC CACHE HIT] 5632 2026-08-17 559文字 連結子会社からの配当金受領に関するお知らせ
[backfill][DOC CACHE HIT] 2927 2026-08-17 733文字 2026年8月期 期末配当予想の増配に関するお知らせ
[backfill][DOC CACHE HIT] 6061 2026-08-17 1,101文字 （訂正・数値データ訂正）「令和８年６月期　決算短信〔日本基準〕(連結)」の一部訂
[backfill][DOC CACHE HIT] 2991 2026-08-17 1,105文字 2026年７月度　月次業績速報
[backfill][DOC CACHE HIT] 4574 2026-08-17 11,096文字 2026年12月期(FY2026)第２四半期(中間期)連結決算報告
[backfill][DOC CACHE HIT] 4018 2026-08-17 510文字 （訂正）「2026年6月期　決算短信〔日本基準〕（非連結）」の一部訂正に関するお
[backfill][DOC CACHE HIT] 8705 2026-08-17 2,394文字 2026年７月の月次業績等（速報）に関するお知らせ
[backfill][DOC CACHE HIT] 8798 2026-08-17 18,713文字 （訂正・数値データ訂正）「2025年9月期 第1四半期決算短信〔日本基準〕（連結
[backfill][DOC CACHE HIT] 9162 2026-08-17 606文字 （訂正）「2026年６月期 通期連結決算説明資料」の一部訂正について
[backfill][DOC CACHE HIT] 3445 2026-08-17 15,223文字 2026年12月期第２四半期 決算説明会 書き起こし公開のお知らせ
[backfill][DOC CACHE HIT] 319A 2026-08-17 4,923文字 Q&A 2026年12月期第2四半期決算説明
[backfill][XBRL TRY] 9284 https://www.release.tdnet.info/inbs/081220260817521739.zip
[backfill][XBRL TRY] 9284 https://www.release.tdnet.info/inbs/091220260817521739.zip
[backfill][XBRL TRY] 9284 https://www2.jpx.co.jp/disc/92840/081220260817521739.zip
[backfill][XBRL TRY] 9284 https://www2.jpx.co.jp/disc/92840/091220260817521739.zip
[backfill][XBRL TRY] 482A https://www.release.tdnet.info/inbs/081220260817521628.zip
[backfill][XBRL TRY] 482A https://www.release.tdnet.info/inbs/091220260817521628.zip
[backfill][XBRL TRY] 482A https://www2.jpx.co.jp/disc/482A0/081220260817521628.zip
[backfill][XBRL TRY] 482A https://www2.jpx.co.jp/disc/482A0/091220260817521628.zip
[backfill][XBRL TRY] 5534 https://www.release.tdnet.info/inbs/081220260817521941.zip
[backfill][XBRL TRY] 5534 https://www.release.tdnet.info/inbs/091220260817521941.zip
[backfill][XBRL TRY] 5534 https://www2.jpx.co.jp/disc/55340/081220260817521941.zip
[backfill][XBRL TRY] 5534 https://www2.jpx.co.jp/disc/55340/091220260817521941.zip
[backfill][XBRL TRY] 482A https://www.release.tdnet.info/inbs/081220260817522088.zip
[backfill][XBRL TRY] 482A https://www.release.tdnet.info/inbs/091220260817522088.zip
[backfill][XBRL TRY] 482A https://www2.jpx.co.jp/disc/482A0/081220260817522088.zip
[backfill][XBRL TRY] 482A https://www2.jpx.co.jp/disc/482A0/091220260817522088.zip
[forecast_history] 対象=8 initial=4 revision=0 achievement=0 unresolved=6
[OK] 決算:23件, 増資:8件, TOB:1件, 本文:40件, 予想初期:4件, 予想修正:0件, 達成履歴更新:0件 をDBに保存しました。
=== fetch_all: 完全成功 ===
===== 2026-08-18T10:41:00 END status=success rc=0 =====


===== 2026-08-18T10:50:00 START C:\Users\sasit\AppData\Local\Programs\Python\Python310\pythonw.exe D:\kabu\main\1-スクリーニング自動化プログラム\main\fetch_all.py =====
=== fetch_all: TDnetデータ収集開始 ===
[backfill][DOC CACHE HIT] 8951 2026-08-18 31,497文字 2026年６月期（第50期）決算説明会資料
[backfill][DOC CACHE HIT] 3660 2026-08-18 5,402文字 2026年６月期通期 決算説明会における質疑応答
[backfill][DOC CACHE HIT] 482A 2026-08-17 1,051文字 「2026年8月期業績予想の修正に関するお知らせ」の再掲載について
[backfill][DOC CACHE HIT] 4019 2026-08-17 26,197文字 2026年12月期 第2四半期決算説明会書き起こし
[backfill][SOURCE 1/3] 2026-08-17 2026年8月期業績予想の修正に関するお知らせ
[backfill][TRY 1/3] 2026-08-17 2026年8月期業績予想の修正に関するお知らせ https://webapi.yanoshin.jp/rd.php?https://www.release.tdnet.info/inbs/140120260817521628.pdf
[backfill][UNUSABLE] 2026-08-17 2026年8月期業績予想の修正に関するお知らせ ctype=application/pdf bytes=100,551
[backfill][TRY 2/3] 2026-08-17 2026年8月期業績予想の修正に関するお知らせ http://webapi.yanoshin.jp/rd.php?https://www.release.tdnet.info/inbs/140120260817521628.pdf
[backfill][UNUSABLE] 2026-08-17 2026年8月期業績予想の修正に関するお知らせ ctype=application/pdf bytes=100,551
[backfill][TRY 3/3] 2026-08-17 2026年8月期業績予想の修正に関するお知らせ https://www.release.tdnet.info/inbs/140120260817521628.pdf
[backfill][UNUSABLE] 2026-08-17 2026年8月期業績予想の修正に関するお知らせ ctype=application/pdf bytes=100,551
[backfill][JPX FAST 2/3] 2026-08-17 2026年8月期業績予想の修正に関するお知らせ https://www2.jpx.co.jp/disc/482A0/140120260817521628.pdf
[backfill][TRY 1/1] 2026-08-17 2026年8月期業績予想の修正に関するお知らせ https://www2.jpx.co.jp/disc/482A0/140120260817521628.pdf
[backfill][HTTP 404] 2026-08-17 2026年8月期業績予想の修正に関するお知らせ
[backfill][SOURCE 3/3] 2026-08-17 2026年8月期業績予想の修正に関するお知らせ
[backfill][SKIP FAILCACHE] 2026-08-17 2026年8月期業績予想の修正に関するお知らせ https://www.release.tdnet.info/inbs/140120260817521628.pdf
[backfill][TRY 2/2] 2026-08-17 2026年8月期業績予想の修正に関するお知らせ http://www.release.tdnet.info/inbs/140120260817521628.pdf
[backfill][TIMEOUT 5s] 2026-08-17 2026年8月期業績予想の修正に関するお知らせ
[backfill][DOC EMPTY] 482A 2026-08-17 17:00:00 2026年8月期業績予想の修正に関するお知らせ raw=https://webapi.yanoshin.jp/rd.php?https://www.release.tdnet.info/inbs/140120260817521
[backfill][DOC CACHE HIT] 5534 2026-08-17 1,123文字 通期連結業績予想の修正に関するお知らせ
[backfill][DOC CACHE HIT] 6036 2026-08-17 28,949文字 （訂正）「2026年6月期第2四半期 決算説明会資料」の一部訂正について
[backfill][DOC CACHE HIT] 7044 2026-08-17 696文字 （訂正）「2026年12月期第２四半期（中間期）決算補足資料」の一部訂正について
[backfill][DOC CACHE HIT] 9439 2026-08-17 1,576文字 通期連結業績予想値と実績値との差異に関するお知らせ
[backfill][DOC CACHE HIT] 9439 2026-08-17 25,306文字 2026年6月期　決算短信〔日本基準〕（連結）
[backfill][DOC CACHE HIT] 9439 2026-08-17 1,166文字 剰余金の配当（無配）に関するお知らせ
[backfill][DOC CACHE HIT] 5251 2026-08-17 2,468文字 （再登録）「中間決算説明資料の開示に関するお知らせ」の再登録について
[backfill][DOC CACHE HIT] 6195 2026-08-17 31,592文字 （訂正・数値データ訂正）「2026年３月期　決算短信〔日本基準〕（連結）」の一部
[backfill][DOC CACHE HIT] 7042 2026-08-17 4,066文字 2027年３月期第１四半期決算説明資料
[backfill][DOC CACHE HIT] 8964 2026-08-17 37,819文字 2026年6月期　決算短信（ＲＥＩＴ）
[backfill][DOC CACHE HIT] 7177 2026-08-17 3,192文字 2026年７月の月次業績（速報）に関するお知らせ
[backfill][DOC CACHE HIT] 3168 2026-08-17 1,149文字 特別配当および期末配当予想の修正に関するお知らせ
[backfill][DOC CACHE HIT] 367A 2026-08-17 500文字 連結子会社からの剰余金の配当受領に関するお知らせ
[backfill][DOC CACHE HIT] 4484 2026-08-17 6,345文字 2027年３月期 第１四半期決算説明会レポート（書き起こし）
[backfill][DOC CACHE HIT] 4651 2026-08-17 9,960文字 2027年３月期　第１四半期決算短信〔日本基準〕（連結）
[backfill][DOC CACHE HIT] 4651 2026-08-17 21,202文字 2027年３月期　第１四半期決算説明資料
[backfill][DOC CACHE HIT] 5242 2026-08-17 1,063文字 2026年12月期第２四半期決算説明会 質疑応答（要旨）
[backfill][DOC CACHE HIT] 7069 2026-08-17 675文字 （訂正）「2026年9月期 第3四半期決算説明資料」の一部訂正について
[backfill][DOC CACHE HIT] 8951 2026-08-17 39,641文字 2026年６月期　決算短信（ＲＥＩＴ）
[backfill][DOC CACHE HIT] 8951 2026-08-17 9,069文字 2026年６月期_決算概要
[backfill][DOC CACHE HIT] 8955 2026-08-17 42,496文字 2026年6月期　決算短信（ＲＥＩＴ）
[backfill][DOC CACHE HIT] 8955 2026-08-17 48,751文字 2026年6月期（第49期）決算説明資料
[backfill][DOC CACHE HIT] 9284 2026-08-17 50,474文字 2026年６月期 決算短信（インフラファンド）
[backfill][DOC CACHE HIT] 2461 2026-08-17 3,208文字 2026年12月期7月度 月次業績速報のお知らせ
[backfill][DOC CACHE HIT] 264A 2026-08-17 891文字 （訂正）「2026年９月期第３四半期決算説明資料」の一部訂正について
[backfill][DOC CACHE HIT] 5632 2026-08-17 559文字 連結子会社からの配当金受領に関するお知らせ
[backfill][DOC CACHE HIT] 2927 2026-08-17 733文字 2026年8月期 期末配当予想の増配に関するお知らせ
[backfill][DOC CACHE HIT] 6061 2026-08-17 1,101文字 （訂正・数値データ訂正）「令和８年６月期　決算短信〔日本基準〕(連結)」の一部訂
[backfill][DOC CACHE HIT] 2991 2026-08-17 1,105文字 2026年７月度　月次業績速報
[backfill][DOC CACHE HIT] 4574 2026-08-17 11,096文字 2026年12月期(FY2026)第２四半期(中間期)連結決算報告
[backfill][DOC CACHE HIT] 4018 2026-08-17 510文字 （訂正）「2026年6月期　決算短信〔日本基準〕（非連結）」の一部訂正に関するお
[backfill][DOC CACHE HIT] 8705 2026-08-17 2,394文字 2026年７月の月次業績等（速報）に関するお知らせ
[backfill][DOC CACHE HIT] 8798 2026-08-17 18,713文字 （訂正・数値データ訂正）「2025年9月期 第1四半期決算短信〔日本基準〕（連結
[backfill][DOC CACHE HIT] 9162 2026-08-17 606文字 （訂正）「2026年６月期 通期連結決算説明資料」の一部訂正について
[backfill][DOC CACHE HIT] 3445 2026-08-17 15,223文字 2026年12月期第２四半期 決算説明会 書き起こし公開のお知らせ
[backfill][DOC CACHE HIT] 319A 2026-08-17 4,923文字 Q&A 2026年12月期第2四半期決算説明
[backfill][XBRL TRY] 9284 https://www.release.tdnet.info/inbs/081220260817521739.zip
[backfill][XBRL TRY] 9284 https://www.release.tdnet.info/inbs/091220260817521739.zip
[backfill][XBRL TRY] 9284 https://www2.jpx.co.jp/disc/92840/081220260817521739.zip
[backfill][XBRL TRY] 9284 https://www2.jpx.co.jp/disc/92840/091220260817521739.zip
[backfill][XBRL TRY] 482A https://www.release.tdnet.info/inbs/081220260817521628.zip
[backfill][XBRL TRY] 482A https://www.release.tdnet.info/inbs/091220260817521628.zip
[backfill][XBRL TRY] 482A https://www2.jpx.co.jp/disc/482A0/081220260817521628.zip
[backfill][XBRL TRY] 482A https://www2.jpx.co.jp/disc/482A0/091220260817521628.zip
[backfill][XBRL TRY] 5534 https://www.release.tdnet.info/inbs/081220260817521941.zip
[backfill][XBRL TRY] 5534 https://www.release.tdnet.info/inbs/091220260817521941.zip
[backfill][XBRL TRY] 5534 https://www2.jpx.co.jp/disc/55340/081220260817521941.zip
[backfill][XBRL TRY] 5534 https://www2.jpx.co.jp/disc/55340/091220260817521941.zip
[backfill][XBRL TRY] 482A https://www.release.tdnet.info/inbs/081220260817522088.zip
[backfill][XBRL TRY] 482A https://www.release.tdnet.info/inbs/091220260817522088.zip
[backfill][XBRL TRY] 482A https://www2.jpx.co.jp/disc/482A0/081220260817522088.zip
[backfill][XBRL TRY] 482A https://www2.jpx.co.jp/disc/482A0/091220260817522088.zip
[forecast_history] 対象=8 initial=4 revision=0 achievement=0 unresolved=6
[OK] 決算:23件, 増資:8件, TOB:1件, 本文:40件, 予想初期:4件, 予想修正:0件, 達成履歴更新:0件 をDBに保存しました。
=== fetch_all: 完全成功 ===
===== 2026-08-18T10:50:58 END status=success rc=0 =====


===== 2026-08-18T11:00:00 START C:\Users\sasit\AppData\Local\Programs\Python\Python310\pythonw.exe D:\kabu\main\1-スクリーニング自動化プログラム\main\fetch_all.py =====
=== fetch_all: TDnetデータ収集開始 ===
[backfill][DOC CACHE HIT] 8951 2026-08-18 31,497文字 2026年６月期（第50期）決算説明会資料
[backfill][DOC CACHE HIT] 3660 2026-08-18 5,402文字 2026年６月期通期 決算説明会における質疑応答
[backfill][DOC CACHE HIT] 482A 2026-08-17 1,051文字 「2026年8月期業績予想の修正に関するお知らせ」の再掲載について
[backfill][DOC CACHE HIT] 4019 2026-08-17 26,197文字 2026年12月期 第2四半期決算説明会書き起こし
[backfill][SOURCE 1/3] 2026-08-17 2026年8月期業績予想の修正に関するお知らせ
[backfill][TRY 1/3] 2026-08-17 2026年8月期業績予想の修正に関するお知らせ https://webapi.yanoshin.jp/rd.php?https://www.release.tdnet.info/inbs/140120260817521628.pdf
[backfill][UNUSABLE] 2026-08-17 2026年8月期業績予想の修正に関するお知らせ ctype=application/pdf bytes=100,551
[backfill][TRY 2/3] 2026-08-17 2026年8月期業績予想の修正に関するお知らせ http://webapi.yanoshin.jp/rd.php?https://www.release.tdnet.info/inbs/140120260817521628.pdf
[backfill][UNUSABLE] 2026-08-17 2026年8月期業績予想の修正に関するお知らせ ctype=application/pdf bytes=100,551
[backfill][TRY 3/3] 2026-08-17 2026年8月期業績予想の修正に関するお知らせ https://www.release.tdnet.info/inbs/140120260817521628.pdf
[backfill][UNUSABLE] 2026-08-17 2026年8月期業績予想の修正に関するお知らせ ctype=application/pdf bytes=100,551
[backfill][JPX FAST 2/3] 2026-08-17 2026年8月期業績予想の修正に関するお知らせ https://www2.jpx.co.jp/disc/482A0/140120260817521628.pdf
[backfill][TRY 1/1] 2026-08-17 2026年8月期業績予想の修正に関するお知らせ https://www2.jpx.co.jp/disc/482A0/140120260817521628.pdf
[backfill][HTTP 404] 2026-08-17 2026年8月期業績予想の修正に関するお知らせ
[backfill][SOURCE 3/3] 2026-08-17 2026年8月期業績予想の修正に関するお知らせ
[backfill][SKIP FAILCACHE] 2026-08-17 2026年8月期業績予想の修正に関するお知らせ https://www.release.tdnet.info/inbs/140120260817521628.pdf
[backfill][TRY 2/2] 2026-08-17 2026年8月期業績予想の修正に関するお知らせ http://www.release.tdnet.info/inbs/140120260817521628.pdf
[backfill][TIMEOUT 5s] 2026-08-17 2026年8月期業績予想の修正に関するお知らせ
[backfill][DOC EMPTY] 482A 2026-08-17 17:00:00 2026年8月期業績予想の修正に関するお知らせ raw=https://webapi.yanoshin.jp/rd.php?https://www.release.tdnet.info/inbs/140120260817521
[backfill][DOC CACHE HIT] 5534 2026-08-17 1,123文字 通期連結業績予想の修正に関するお知らせ
[backfill][DOC CACHE HIT] 6036 2026-08-17 28,949文字 （訂正）「2026年6月期第2四半期 決算説明会資料」の一部訂正について
[backfill][DOC CACHE HIT] 7044 2026-08-17 696文字 （訂正）「2026年12月期第２四半期（中間期）決算補足資料」の一部訂正について
[backfill][DOC CACHE HIT] 9439 2026-08-17 1,576文字 通期連結業績予想値と実績値との差異に関するお知らせ
[backfill][DOC CACHE HIT] 9439 2026-08-17 25,306文字 2026年6月期　決算短信〔日本基準〕（連結）
[backfill][DOC CACHE HIT] 9439 2026-08-17 1,166文字 剰余金の配当（無配）に関するお知らせ
[backfill][DOC CACHE HIT] 5251 2026-08-17 2,468文字 （再登録）「中間決算説明資料の開示に関するお知らせ」の再登録について
[backfill][DOC CACHE HIT] 6195 2026-08-17 31,592文字 （訂正・数値データ訂正）「2026年３月期　決算短信〔日本基準〕（連結）」の一部
[backfill][DOC CACHE HIT] 7042 2026-08-17 4,066文字 2027年３月期第１四半期決算説明資料
[backfill][DOC CACHE HIT] 8964 2026-08-17 37,819文字 2026年6月期　決算短信（ＲＥＩＴ）
[backfill][DOC CACHE HIT] 7177 2026-08-17 3,192文字 2026年７月の月次業績（速報）に関するお知らせ
[backfill][DOC CACHE HIT] 3168 2026-08-17 1,149文字 特別配当および期末配当予想の修正に関するお知らせ
[backfill][DOC CACHE HIT] 367A 2026-08-17 500文字 連結子会社からの剰余金の配当受領に関するお知らせ
[backfill][DOC CACHE HIT] 4484 2026-08-17 6,345文字 2027年３月期 第１四半期決算説明会レポート（書き起こし）
[backfill][DOC CACHE HIT] 4651 2026-08-17 9,960文字 2027年３月期　第１四半期決算短信〔日本基準〕（連結）
[backfill][DOC CACHE HIT] 4651 2026-08-17 21,202文字 2027年３月期　第１四半期決算説明資料
[backfill][DOC CACHE HIT] 5242 2026-08-17 1,063文字 2026年12月期第２四半期決算説明会 質疑応答（要旨）
[backfill][DOC CACHE HIT] 7069 2026-08-17 675文字 （訂正）「2026年9月期 第3四半期決算説明資料」の一部訂正について
[backfill][DOC CACHE HIT] 8951 2026-08-17 39,641文字 2026年６月期　決算短信（ＲＥＩＴ）
[backfill][DOC CACHE HIT] 8951 2026-08-17 9,069文字 2026年６月期_決算概要
[backfill][DOC CACHE HIT] 8955 2026-08-17 42,496文字 2026年6月期　決算短信（ＲＥＩＴ）
[backfill][DOC CACHE HIT] 8955 2026-08-17 48,751文字 2026年6月期（第49期）決算説明資料
[backfill][DOC CACHE HIT] 9284 2026-08-17 50,474文字 2026年６月期 決算短信（インフラファンド）
[backfill][DOC CACHE HIT] 2461 2026-08-17 3,208文字 2026年12月期7月度 月次業績速報のお知らせ
[backfill][DOC CACHE HIT] 264A 2026-08-17 891文字 （訂正）「2026年９月期第３四半期決算説明資料」の一部訂正について
[backfill][DOC CACHE HIT] 5632 2026-08-17 559文字 連結子会社からの配当金受領に関するお知らせ
[backfill][DOC CACHE HIT] 2927 2026-08-17 733文字 2026年8月期 期末配当予想の増配に関するお知らせ
[backfill][DOC CACHE HIT] 6061 2026-08-17 1,101文字 （訂正・数値データ訂正）「令和８年６月期　決算短信〔日本基準〕(連結)」の一部訂
[backfill][DOC CACHE HIT] 2991 2026-08-17 1,105文字 2026年７月度　月次業績速報
[backfill][DOC CACHE HIT] 4574 2026-08-17 11,096文字 2026年12月期(FY2026)第２四半期(中間期)連結決算報告
[backfill][DOC CACHE HIT] 4018 2026-08-17 510文字 （訂正）「2026年6月期　決算短信〔日本基準〕（非連結）」の一部訂正に関するお
[backfill][DOC CACHE HIT] 8705 2026-08-17 2,394文字 2026年７月の月次業績等（速報）に関するお知らせ
[backfill][DOC CACHE HIT] 8798 2026-08-17 18,713文字 （訂正・数値データ訂正）「2025年9月期 第1四半期決算短信〔日本基準〕（連結
[backfill][DOC CACHE HIT] 9162 2026-08-17 606文字 （訂正）「2026年６月期 通期連結決算説明資料」の一部訂正について
[backfill][DOC CACHE HIT] 3445 2026-08-17 15,223文字 2026年12月期第２四半期 決算説明会 書き起こし公開のお知らせ
[backfill][DOC CACHE HIT] 319A 2026-08-17 4,923文字 Q&A 2026年12月期第2四半期決算説明
[backfill][XBRL TRY] 9284 https://www.release.tdnet.info/inbs/081220260817521739.zip
[backfill][XBRL TRY] 9284 https://www.release.tdnet.info/inbs/091220260817521739.zip
[backfill][XBRL TRY] 9284 https://www2.jpx.co.jp/disc/92840/081220260817521739.zip
[backfill][XBRL TRY] 9284 https://www2.jpx.co.jp/disc/92840/091220260817521739.zip
[backfill][XBRL TRY] 482A https://www.release.tdnet.info/inbs/081220260817521628.zip
[backfill][XBRL TRY] 482A https://www.release.tdnet.info/inbs/091220260817521628.zip
[backfill][XBRL TRY] 482A https://www2.jpx.co.jp/disc/482A0/081220260817521628.zip
[backfill][XBRL TRY] 482A https://www2.jpx.co.jp/disc/482A0/091220260817521628.zip
[backfill][XBRL TRY] 5534 https://www.release.tdnet.info/inbs/081220260817521941.zip
[backfill][XBRL TRY] 5534 https://www.release.tdnet.info/inbs/091220260817521941.zip
[backfill][XBRL TRY] 5534 https://www2.jpx.co.jp/disc/55340/081220260817521941.zip
[backfill][XBRL TRY] 5534 https://www2.jpx.co.jp/disc/55340/091220260817521941.zip
[backfill][XBRL TRY] 482A https://www.release.tdnet.info/inbs/081220260817522088.zip
[backfill][XBRL TRY] 482A https://www.release.tdnet.info/inbs/091220260817522088.zip
[backfill][XBRL TRY] 482A https://www2.jpx.co.jp/disc/482A0/081220260817522088.zip
[backfill][XBRL TRY] 482A https://www2.jpx.co.jp/disc/482A0/091220260817522088.zip
[forecast_history] 対象=8 initial=4 revision=0 achievement=0 unresolved=6
[OK] 決算:23件, 増資:8件, TOB:1件, 本文:40件, 予想初期:4件, 予想修正:0件, 達成履歴更新:0件 をDBに保存しました。
=== fetch_all: 完全成功 ===
===== 2026-08-18T11:01:02 END status=success rc=0 =====


===== 2026-08-18T11:10:00 START C:\Users\sasit\AppData\Local\Programs\Python\Python310\pythonw.exe D:\kabu\main\1-スクリーニング自動化プログラム\main\fetch_all.py =====
=== fetch_all: TDnetデータ収集開始 ===
[backfill][DOC CACHE HIT] 8951 2026-08-18 31,497文字 2026年６月期（第50期）決算説明会資料
[backfill][DOC CACHE HIT] 3660 2026-08-18 5,402文字 2026年６月期通期 決算説明会における質疑応答
[backfill][DOC CACHE HIT] 482A 2026-08-17 1,051文字 「2026年8月期業績予想の修正に関するお知らせ」の再掲載について
[backfill][DOC CACHE HIT] 4019 2026-08-17 26,197文字 2026年12月期 第2四半期決算説明会書き起こし
[backfill][SOURCE 1/3] 2026-08-17 2026年8月期業績予想の修正に関するお知らせ
[backfill][TRY 1/3] 2026-08-17 2026年8月期業績予想の修正に関するお知らせ https://webapi.yanoshin.jp/rd.php?https://www.release.tdnet.info/inbs/140120260817521628.pdf
[backfill][UNUSABLE] 2026-08-17 2026年8月期業績予想の修正に関するお知らせ ctype=application/pdf bytes=100,551
[backfill][TRY 2/3] 2026-08-17 2026年8月期業績予想の修正に関するお知らせ http://webapi.yanoshin.jp/rd.php?https://www.release.tdnet.info/inbs/140120260817521628.pdf
[backfill][UNUSABLE] 2026-08-17 2026年8月期業績予想の修正に関するお知らせ ctype=application/pdf bytes=100,551
[backfill][TRY 3/3] 2026-08-17 2026年8月期業績予想の修正に関するお知らせ https://www.release.tdnet.info/inbs/140120260817521628.pdf
[backfill][UNUSABLE] 2026-08-17 2026年8月期業績予想の修正に関するお知らせ ctype=application/pdf bytes=100,551
[backfill][JPX FAST 2/3] 2026-08-17 2026年8月期業績予想の修正に関するお知らせ https://www2.jpx.co.jp/disc/482A0/140120260817521628.pdf
[backfill][TRY 1/1] 2026-08-17 2026年8月期業績予想の修正に関するお知らせ https://www2.jpx.co.jp/disc/482A0/140120260817521628.pdf
[backfill][HTTP 404] 2026-08-17 2026年8月期業績予想の修正に関するお知らせ
[backfill][SOURCE 3/3] 2026-08-17 2026年8月期業績予想の修正に関するお知らせ
[backfill][SKIP FAILCACHE] 2026-08-17 2026年8月期業績予想の修正に関するお知らせ https://www.release.tdnet.info/inbs/140120260817521628.pdf
[backfill][TRY 2/2] 2026-08-17 2026年8月期業績予想の修正に関するお知らせ http://www.release.tdnet.info/inbs/140120260817521628.pdf
[backfill][TIMEOUT 5s] 2026-08-17 2026年8月期業績予想の修正に関するお知らせ
[backfill][DOC EMPTY] 482A 2026-08-17 17:00:00 2026年8月期業績予想の修正に関するお知らせ raw=https://webapi.yanoshin.jp/rd.php?https://www.release.tdnet.info/inbs/140120260817521
[backfill][DOC CACHE HIT] 5534 2026-08-17 1,123文字 通期連結業績予想の修正に関するお知らせ
[backfill][DOC CACHE HIT] 6036 2026-08-17 28,949文字 （訂正）「2026年6月期第2四半期 決算説明会資料」の一部訂正について
[backfill][DOC CACHE HIT] 7044 2026-08-17 696文字 （訂正）「2026年12月期第２四半期（中間期）決算補足資料」の一部訂正について
[backfill][DOC CACHE HIT] 9439 2026-08-17 1,576文字 通期連結業績予想値と実績値との差異に関するお知らせ
[backfill][DOC CACHE HIT] 9439 2026-08-17 25,306文字 2026年6月期　決算短信〔日本基準〕（連結）
[backfill][DOC CACHE HIT] 9439 2026-08-17 1,166文字 剰余金の配当（無配）に関するお知らせ
[backfill][DOC CACHE HIT] 5251 2026-08-17 2,468文字 （再登録）「中間決算説明資料の開示に関するお知らせ」の再登録について
[backfill][DOC CACHE HIT] 6195 2026-08-17 31,592文字 （訂正・数値データ訂正）「2026年３月期　決算短信〔日本基準〕（連結）」の一部
[backfill][DOC CACHE HIT] 7042 2026-08-17 4,066文字 2027年３月期第１四半期決算説明資料
[backfill][DOC CACHE HIT] 8964 2026-08-17 37,819文字 2026年6月期　決算短信（ＲＥＩＴ）
[backfill][DOC CACHE HIT] 7177 2026-08-17 3,192文字 2026年７月の月次業績（速報）に関するお知らせ
[backfill][DOC CACHE HIT] 3168 2026-08-17 1,149文字 特別配当および期末配当予想の修正に関するお知らせ
[backfill][DOC CACHE HIT] 367A 2026-08-17 500文字 連結子会社からの剰余金の配当受領に関するお知らせ
[backfill][DOC CACHE HIT] 4484 2026-08-17 6,345文字 2027年３月期 第１四半期決算説明会レポート（書き起こし）
[backfill][DOC CACHE HIT] 4651 2026-08-17 9,960文字 2027年３月期　第１四半期決算短信〔日本基準〕（連結）
[backfill][DOC CACHE HIT] 4651 2026-08-17 21,202文字 2027年３月期　第１四半期決算説明資料
[backfill][DOC CACHE HIT] 5242 2026-08-17 1,063文字 2026年12月期第２四半期決算説明会 質疑応答（要旨）
[backfill][DOC CACHE HIT] 7069 2026-08-17 675文字 （訂正）「2026年9月期 第3四半期決算説明資料」の一部訂正について
[backfill][DOC CACHE HIT] 8951 2026-08-17 39,641文字 2026年６月期　決算短信（ＲＥＩＴ）
[backfill][DOC CACHE HIT] 8951 2026-08-17 9,069文字 2026年６月期_決算概要
[backfill][DOC CACHE HIT] 8955 2026-08-17 42,496文字 2026年6月期　決算短信（ＲＥＩＴ）
[backfill][DOC CACHE HIT] 8955 2026-08-17 48,751文字 2026年6月期（第49期）決算説明資料
[backfill][DOC CACHE HIT] 9284 2026-08-17 50,474文字 2026年６月期 決算短信（インフラファンド）
[backfill][DOC CACHE HIT] 2461 2026-08-17 3,208文字 2026年12月期7月度 月次業績速報のお知らせ
[backfill][DOC CACHE HIT] 264A 2026-08-17 891文字 （訂正）「2026年９月期第３四半期決算説明資料」の一部訂正について
[backfill][DOC CACHE HIT] 5632 2026-08-17 559文字 連結子会社からの配当金受領に関するお知らせ
[backfill][DOC CACHE HIT] 2927 2026-08-17 733文字 2026年8月期 期末配当予想の増配に関するお知らせ
[backfill][DOC CACHE HIT] 6061 2026-08-17 1,101文字 （訂正・数値データ訂正）「令和８年６月期　決算短信〔日本基準〕(連結)」の一部訂
[backfill][DOC CACHE HIT] 2991 2026-08-17 1,105文字 2026年７月度　月次業績速報
[backfill][DOC CACHE HIT] 4574 2026-08-17 11,096文字 2026年12月期(FY2026)第２四半期(中間期)連結決算報告
[backfill][DOC CACHE HIT] 4018 2026-08-17 510文字 （訂正）「2026年6月期　決算短信〔日本基準〕（非連結）」の一部訂正に関するお
[backfill][DOC CACHE HIT] 8705 2026-08-17 2,394文字 2026年７月の月次業績等（速報）に関するお知らせ
[backfill][DOC CACHE HIT] 8798 2026-08-17 18,713文字 （訂正・数値データ訂正）「2025年9月期 第1四半期決算短信〔日本基準〕（連結
[backfill][DOC CACHE HIT] 9162 2026-08-17 606文字 （訂正）「2026年６月期 通期連結決算説明資料」の一部訂正について
[backfill][DOC CACHE HIT] 3445 2026-08-17 15,223文字 2026年12月期第２四半期 決算説明会 書き起こし公開のお知らせ
[backfill][DOC CACHE HIT] 319A 2026-08-17 4,923文字 Q&A 2026年12月期第2四半期決算説明
[backfill][XBRL TRY] 9284 https://www.release.tdnet.info/inbs/081220260817521739.zip
[backfill][XBRL TRY] 9284 https://www.release.tdnet.info/inbs/091220260817521739.zip
[backfill][XBRL TRY] 9284 https://www2.jpx.co.jp/disc/92840/081220260817521739.zip
[backfill][XBRL TRY] 9284 https://www2.jpx.co.jp/disc/92840/091220260817521739.zip
[backfill][XBRL TRY] 482A https://www.release.tdnet.info/inbs/081220260817521628.zip
[backfill][XBRL TRY] 482A https://www.release.tdnet.info/inbs/091220260817521628.zip
[backfill][XBRL TRY] 482A https://www2.jpx.co.jp/disc/482A0/081220260817521628.zip
[backfill][XBRL TRY] 482A https://www2.jpx.co.jp/disc/482A0/091220260817521628.zip
[backfill][XBRL TRY] 5534 https://www.release.tdnet.info/inbs/081220260817521941.zip
[backfill][XBRL TRY] 5534 https://www.release.tdnet.info/inbs/091220260817521941.zip
[backfill][XBRL TRY] 5534 https://www2.jpx.co.jp/disc/55340/081220260817521941.zip
[backfill][XBRL TRY] 5534 https://www2.jpx.co.jp/disc/55340/091220260817521941.zip
[backfill][XBRL TRY] 482A https://www.release.tdnet.info/inbs/081220260817522088.zip
[backfill][XBRL TRY] 482A https://www.release.tdnet.info/inbs/091220260817522088.zip
[backfill][XBRL TRY] 482A https://www2.jpx.co.jp/disc/482A0/081220260817522088.zip
[backfill][XBRL TRY] 482A https://www2.jpx.co.jp/disc/482A0/091220260817522088.zip
[forecast_history] 対象=8 initial=4 revision=0 achievement=0 unresolved=6
[OK] 決算:23件, 増資:8件, TOB:1件, 本文:40件, 予想初期:4件, 予想修正:0件, 達成履歴更新:0件 をDBに保存しました。
=== fetch_all: 完全成功 ===
===== 2026-08-18T11:10:59 END status=success rc=0 =====


===== 2026-08-18T11:20:00 START C:\Users\sasit\AppData\Local\Programs\Python\Python310\pythonw.exe D:\kabu\main\1-スクリーニング自動化プログラム\main\fetch_all.py =====
=== fetch_all: TDnetデータ収集開始 ===
[backfill][DOC CACHE HIT] 8951 2026-08-18 31,497文字 2026年６月期（第50期）決算説明会資料
[backfill][DOC CACHE HIT] 3660 2026-08-18 5,402文字 2026年６月期通期 決算説明会における質疑応答
[backfill][DOC CACHE HIT] 482A 2026-08-17 1,051文字 「2026年8月期業績予想の修正に関するお知らせ」の再掲載について
[backfill][DOC CACHE HIT] 4019 2026-08-17 26,197文字 2026年12月期 第2四半期決算説明会書き起こし
[backfill][SOURCE 1/3] 2026-08-17 2026年8月期業績予想の修正に関するお知らせ
[backfill][TRY 1/3] 2026-08-17 2026年8月期業績予想の修正に関するお知らせ https://webapi.yanoshin.jp/rd.php?https://www.release.tdnet.info/inbs/140120260817521628.pdf
[backfill][UNUSABLE] 2026-08-17 2026年8月期業績予想の修正に関するお知らせ ctype=application/pdf bytes=100,551
[backfill][TRY 2/3] 2026-08-17 2026年8月期業績予想の修正に関するお知らせ http://webapi.yanoshin.jp/rd.php?https://www.release.tdnet.info/inbs/140120260817521628.pdf
[backfill][UNUSABLE] 2026-08-17 2026年8月期業績予想の修正に関するお知らせ ctype=application/pdf bytes=100,551
[backfill][TRY 3/3] 2026-08-17 2026年8月期業績予想の修正に関するお知らせ https://www.release.tdnet.info/inbs/140120260817521628.pdf
[backfill][UNUSABLE] 2026-08-17 2026年8月期業績予想の修正に関するお知らせ ctype=application/pdf bytes=100,551
[backfill][JPX FAST 2/3] 2026-08-17 2026年8月期業績予想の修正に関するお知らせ https://www2.jpx.co.jp/disc/482A0/140120260817521628.pdf
[backfill][TRY 1/1] 2026-08-17 2026年8月期業績予想の修正に関するお知らせ https://www2.jpx.co.jp/disc/482A0/140120260817521628.pdf
[backfill][HTTP 404] 2026-08-17 2026年8月期業績予想の修正に関するお知らせ
[backfill][SOURCE 3/3] 2026-08-17 2026年8月期業績予想の修正に関するお知らせ
[backfill][SKIP FAILCACHE] 2026-08-17 2026年8月期業績予想の修正に関するお知らせ https://www.release.tdnet.info/inbs/140120260817521628.pdf
[backfill][TRY 2/2] 2026-08-17 2026年8月期業績予想の修正に関するお知らせ http://www.release.tdnet.info/inbs/140120260817521628.pdf
[backfill][TIMEOUT 5s] 2026-08-17 2026年8月期業績予想の修正に関するお知らせ
[backfill][DOC EMPTY] 482A 2026-08-17 17:00:00 2026年8月期業績予想の修正に関するお知らせ raw=https://webapi.yanoshin.jp/rd.php?https://www.release.tdnet.info/inbs/140120260817521
[backfill][DOC CACHE HIT] 5534 2026-08-17 1,123文字 通期連結業績予想の修正に関するお知らせ
[backfill][DOC CACHE HIT] 6036 2026-08-17 28,949文字 （訂正）「2026年6月期第2四半期 決算説明会資料」の一部訂正について
[backfill][DOC CACHE HIT] 7044 2026-08-17 696文字 （訂正）「2026年12月期第２四半期（中間期）決算補足資料」の一部訂正について
[backfill][DOC CACHE HIT] 9439 2026-08-17 1,576文字 通期連結業績予想値と実績値との差異に関するお知らせ
[backfill][DOC CACHE HIT] 9439 2026-08-17 25,306文字 2026年6月期　決算短信〔日本基準〕（連結）
[backfill][DOC CACHE HIT] 9439 2026-08-17 1,166文字 剰余金の配当（無配）に関するお知らせ
[backfill][DOC CACHE HIT] 5251 2026-08-17 2,468文字 （再登録）「中間決算説明資料の開示に関するお知らせ」の再登録について
[backfill][DOC CACHE HIT] 6195 2026-08-17 31,592文字 （訂正・数値データ訂正）「2026年３月期　決算短信〔日本基準〕（連結）」の一部
[backfill][DOC CACHE HIT] 7042 2026-08-17 4,066文字 2027年３月期第１四半期決算説明資料
[backfill][DOC CACHE HIT] 8964 2026-08-17 37,819文字 2026年6月期　決算短信（ＲＥＩＴ）
[backfill][DOC CACHE HIT] 7177 2026-08-17 3,192文字 2026年７月の月次業績（速報）に関するお知らせ
[backfill][DOC CACHE HIT] 3168 2026-08-17 1,149文字 特別配当および期末配当予想の修正に関するお知らせ
[backfill][DOC CACHE HIT] 367A 2026-08-17 500文字 連結子会社からの剰余金の配当受領に関するお知らせ
[backfill][DOC CACHE HIT] 4484 2026-08-17 6,345文字 2027年３月期 第１四半期決算説明会レポート（書き起こし）
[backfill][DOC CACHE HIT] 4651 2026-08-17 9,960文字 2027年３月期　第１四半期決算短信〔日本基準〕（連結）
[backfill][DOC CACHE HIT] 4651 2026-08-17 21,202文字 2027年３月期　第１四半期決算説明資料
[backfill][DOC CACHE HIT] 5242 2026-08-17 1,063文字 2026年12月期第２四半期決算説明会 質疑応答（要旨）
[backfill][DOC CACHE HIT] 7069 2026-08-17 675文字 （訂正）「2026年9月期 第3四半期決算説明資料」の一部訂正について
[backfill][DOC CACHE HIT] 8951 2026-08-17 39,641文字 2026年６月期　決算短信（ＲＥＩＴ）
[backfill][DOC CACHE HIT] 8951 2026-08-17 9,069文字 2026年６月期_決算概要
[backfill][DOC CACHE HIT] 8955 2026-08-17 42,496文字 2026年6月期　決算短信（ＲＥＩＴ）
[backfill][DOC CACHE HIT] 8955 2026-08-17 48,751文字 2026年6月期（第49期）決算説明資料
[backfill][DOC CACHE HIT] 9284 2026-08-17 50,474文字 2026年６月期 決算短信（インフラファンド）
[backfill][DOC CACHE HIT] 2461 2026-08-17 3,208文字 2026年12月期7月度 月次業績速報のお知らせ
[backfill][DOC CACHE HIT] 264A 2026-08-17 891文字 （訂正）「2026年９月期第３四半期決算説明資料」の一部訂正について
[backfill][DOC CACHE HIT] 5632 2026-08-17 559文字 連結子会社からの配当金受領に関するお知らせ
[backfill][DOC CACHE HIT] 2927 2026-08-17 733文字 2026年8月期 期末配当予想の増配に関するお知らせ
[backfill][DOC CACHE HIT] 6061 2026-08-17 1,101文字 （訂正・数値データ訂正）「令和８年６月期　決算短信〔日本基準〕(連結)」の一部訂
[backfill][DOC CACHE HIT] 2991 2026-08-17 1,105文字 2026年７月度　月次業績速報
[backfill][DOC CACHE HIT] 4574 2026-08-17 11,096文字 2026年12月期(FY2026)第２四半期(中間期)連結決算報告
[backfill][DOC CACHE HIT] 4018 2026-08-17 510文字 （訂正）「2026年6月期　決算短信〔日本基準〕（非連結）」の一部訂正に関するお
[backfill][DOC CACHE HIT] 8705 2026-08-17 2,394文字 2026年７月の月次業績等（速報）に関するお知らせ
[backfill][DOC CACHE HIT] 8798 2026-08-17 18,713文字 （訂正・数値データ訂正）「2025年9月期 第1四半期決算短信〔日本基準〕（連結
[backfill][DOC CACHE HIT] 9162 2026-08-17 606文字 （訂正）「2026年６月期 通期連結決算説明資料」の一部訂正について
[backfill][DOC CACHE HIT] 3445 2026-08-17 15,223文字 2026年12月期第２四半期 決算説明会 書き起こし公開のお知らせ
[backfill][DOC CACHE HIT] 319A 2026-08-17 4,923文字 Q&A 2026年12月期第2四半期決算説明
[backfill][XBRL TRY] 9284 https://www.release.tdnet.info/inbs/081220260817521739.zip
[backfill][XBRL TRY] 9284 https://www.release.tdnet.info/inbs/091220260817521739.zip
[backfill][XBRL TRY] 9284 https://www2.jpx.co.jp/disc/92840/081220260817521739.zip
[backfill][XBRL TRY] 9284 https://www2.jpx.co.jp/disc/92840/091220260817521739.zip
[backfill][XBRL TRY] 482A https://www.release.tdnet.info/inbs/081220260817521628.zip
[backfill][XBRL TRY] 482A https://www.release.tdnet.info/inbs/091220260817521628.zip
[backfill][XBRL TRY] 482A https://www2.jpx.co.jp/disc/482A0/081220260817521628.zip
[backfill][XBRL TRY] 482A https://www2.jpx.co.jp/disc/482A0/091220260817521628.zip
[backfill][XBRL TRY] 5534 https://www.release.tdnet.info/inbs/081220260817521941.zip
[backfill][XBRL TRY] 5534 https://www.release.tdnet.info/inbs/091220260817521941.zip
[backfill][XBRL TRY] 5534 https://www2.jpx.co.jp/disc/55340/081220260817521941.zip
[backfill][XBRL TRY] 5534 https://www2.jpx.co.jp/disc/55340/091220260817521941.zip
[backfill][XBRL TRY] 482A https://www.release.tdnet.info/inbs/081220260817522088.zip
[backfill][XBRL TRY] 482A https://www.release.tdnet.info/inbs/091220260817522088.zip
[backfill][XBRL TRY] 482A https://www2.jpx.co.jp/disc/482A0/081220260817522088.zip
[backfill][XBRL TRY] 482A https://www2.jpx.co.jp/disc/482A0/091220260817522088.zip
[forecast_history] 対象=8 initial=4 revision=0 achievement=0 unresolved=6
[OK] 決算:23件, 増資:8件, TOB:1件, 本文:40件, 予想初期:4件, 予想修正:0件, 達成履歴更新:0件 をDBに保存しました。
=== fetch_all: 完全成功 ===
===== 2026-08-18T11:20:59 END status=success rc=0 =====


===== 2026-08-18T11:30:00 START C:\Users\sasit\AppData\Local\Programs\Python\Python310\pythonw.exe D:\kabu\main\1-スクリーニング自動化プログラム\main\fetch_all.py =====
=== fetch_all: TDnetデータ収集開始 ===
[backfill][DOC CACHE HIT] 8951 2026-08-18 31,497文字 2026年６月期（第50期）決算説明会資料
[backfill][DOC CACHE HIT] 3660 2026-08-18 5,402文字 2026年６月期通期 決算説明会における質疑応答
[backfill][DOC CACHE HIT] 482A 2026-08-17 1,051文字 「2026年8月期業績予想の修正に関するお知らせ」の再掲載について
[backfill][DOC CACHE HIT] 4019 2026-08-17 26,197文字 2026年12月期 第2四半期決算説明会書き起こし
[backfill][SOURCE 1/3] 2026-08-17 2026年8月期業績予想の修正に関するお知らせ
[backfill][TRY 1/3] 2026-08-17 2026年8月期業績予想の修正に関するお知らせ https://webapi.yanoshin.jp/rd.php?https://www.release.tdnet.info/inbs/140120260817521628.pdf
[backfill][UNUSABLE] 2026-08-17 2026年8月期業績予想の修正に関するお知らせ ctype=application/pdf bytes=100,551
[backfill][TRY 2/3] 2026-08-17 2026年8月期業績予想の修正に関するお知らせ http://webapi.yanoshin.jp/rd.php?https://www.release.tdnet.info/inbs/140120260817521628.pdf
[backfill][UNUSABLE] 2026-08-17 2026年8月期業績予想の修正に関するお知らせ ctype=application/pdf bytes=100,551
[backfill][TRY 3/3] 2026-08-17 2026年8月期業績予想の修正に関するお知らせ https://www.release.tdnet.info/inbs/140120260817521628.pdf
[backfill][UNUSABLE] 2026-08-17 2026年8月期業績予想の修正に関するお知らせ ctype=application/pdf bytes=100,551
[backfill][JPX FAST 2/3] 2026-08-17 2026年8月期業績予想の修正に関するお知らせ https://www2.jpx.co.jp/disc/482A0/140120260817521628.pdf
[backfill][TRY 1/1] 2026-08-17 2026年8月期業績予想の修正に関するお知らせ https://www2.jpx.co.jp/disc/482A0/140120260817521628.pdf
[backfill][HTTP 404] 2026-08-17 2026年8月期業績予想の修正に関するお知らせ
[backfill][SOURCE 3/3] 2026-08-17 2026年8月期業績予想の修正に関するお知らせ
[backfill][SKIP FAILCACHE] 2026-08-17 2026年8月期業績予想の修正に関するお知らせ https://www.release.tdnet.info/inbs/140120260817521628.pdf
[backfill][TRY 2/2] 2026-08-17 2026年8月期業績予想の修正に関するお知らせ http://www.release.tdnet.info/inbs/140120260817521628.pdf
[backfill][TIMEOUT 5s] 2026-08-17 2026年8月期業績予想の修正に関するお知らせ
[backfill][DOC EMPTY] 482A 2026-08-17 17:00:00 2026年8月期業績予想の修正に関するお知らせ raw=https://webapi.yanoshin.jp/rd.php?https://www.release.tdnet.info/inbs/140120260817521
[backfill][DOC CACHE HIT] 5534 2026-08-17 1,123文字 通期連結業績予想の修正に関するお知らせ
[backfill][DOC CACHE HIT] 6036 2026-08-17 28,949文字 （訂正）「2026年6月期第2四半期 決算説明会資料」の一部訂正について
[backfill][DOC CACHE HIT] 7044 2026-08-17 696文字 （訂正）「2026年12月期第２四半期（中間期）決算補足資料」の一部訂正について
[backfill][DOC CACHE HIT] 9439 2026-08-17 1,576文字 通期連結業績予想値と実績値との差異に関するお知らせ
[backfill][DOC CACHE HIT] 9439 2026-08-17 25,306文字 2026年6月期　決算短信〔日本基準〕（連結）
[backfill][DOC CACHE HIT] 9439 2026-08-17 1,166文字 剰余金の配当（無配）に関するお知らせ
[backfill][DOC CACHE HIT] 5251 2026-08-17 2,468文字 （再登録）「中間決算説明資料の開示に関するお知らせ」の再登録について
[backfill][DOC CACHE HIT] 6195 2026-08-17 31,592文字 （訂正・数値データ訂正）「2026年３月期　決算短信〔日本基準〕（連結）」の一部
[backfill][DOC CACHE HIT] 7042 2026-08-17 4,066文字 2027年３月期第１四半期決算説明資料
[backfill][DOC CACHE HIT] 8964 2026-08-17 37,819文字 2026年6月期　決算短信（ＲＥＩＴ）
[backfill][DOC CACHE HIT] 7177 2026-08-17 3,192文字 2026年７月の月次業績（速報）に関するお知らせ
[backfill][DOC CACHE HIT] 3168 2026-08-17 1,149文字 特別配当および期末配当予想の修正に関するお知らせ
[backfill][DOC CACHE HIT] 367A 2026-08-17 500文字 連結子会社からの剰余金の配当受領に関するお知らせ
[backfill][DOC CACHE HIT] 4484 2026-08-17 6,345文字 2027年３月期 第１四半期決算説明会レポート（書き起こし）
[backfill][DOC CACHE HIT] 4651 2026-08-17 9,960文字 2027年３月期　第１四半期決算短信〔日本基準〕（連結）
[backfill][DOC CACHE HIT] 4651 2026-08-17 21,202文字 2027年３月期　第１四半期決算説明資料
[backfill][DOC CACHE HIT] 5242 2026-08-17 1,063文字 2026年12月期第２四半期決算説明会 質疑応答（要旨）
[backfill][DOC CACHE HIT] 7069 2026-08-17 675文字 （訂正）「2026年9月期 第3四半期決算説明資料」の一部訂正について
[backfill][DOC CACHE HIT] 8951 2026-08-17 39,641文字 2026年６月期　決算短信（ＲＥＩＴ）
[backfill][DOC CACHE HIT] 8951 2026-08-17 9,069文字 2026年６月期_決算概要
[backfill][DOC CACHE HIT] 8955 2026-08-17 42,496文字 2026年6月期　決算短信（ＲＥＩＴ）
[backfill][DOC CACHE HIT] 8955 2026-08-17 48,751文字 2026年6月期（第49期）決算説明資料
[backfill][DOC CACHE HIT] 9284 2026-08-17 50,474文字 2026年６月期 決算短信（インフラファンド）
[backfill][DOC CACHE HIT] 2461 2026-08-17 3,208文字 2026年12月期7月度 月次業績速報のお知らせ
[backfill][DOC CACHE HIT] 264A 2026-08-17 891文字 （訂正）「2026年９月期第３四半期決算説明資料」の一部訂正について
[backfill][DOC CACHE HIT] 5632 2026-08-17 559文字 連結子会社からの配当金受領に関するお知らせ
[backfill][DOC CACHE HIT] 2927 2026-08-17 733文字 2026年8月期 期末配当予想の増配に関するお知らせ
[backfill][DOC CACHE HIT] 6061 2026-08-17 1,101文字 （訂正・数値データ訂正）「令和８年６月期　決算短信〔日本基準〕(連結)」の一部訂
[backfill][DOC CACHE HIT] 2991 2026-08-17 1,105文字 2026年７月度　月次業績速報
[backfill][DOC CACHE HIT] 4574 2026-08-17 11,096文字 2026年12月期(FY2026)第２四半期(中間期)連結決算報告
[backfill][DOC CACHE HIT] 4018 2026-08-17 510文字 （訂正）「2026年6月期　決算短信〔日本基準〕（非連結）」の一部訂正に関するお
[backfill][DOC CACHE HIT] 8705 2026-08-17 2,394文字 2026年７月の月次業績等（速報）に関するお知らせ
[backfill][DOC CACHE HIT] 8798 2026-08-17 18,713文字 （訂正・数値データ訂正）「2025年9月期 第1四半期決算短信〔日本基準〕（連結
[backfill][DOC CACHE HIT] 9162 2026-08-17 606文字 （訂正）「2026年６月期 通期連結決算説明資料」の一部訂正について
[backfill][DOC CACHE HIT] 3445 2026-08-17 15,223文字 2026年12月期第２四半期 決算説明会 書き起こし公開のお知らせ
[backfill][DOC CACHE HIT] 319A 2026-08-17 4,923文字 Q&A 2026年12月期第2四半期決算説明
[backfill][XBRL TRY] 9284 https://www.release.tdnet.info/inbs/081220260817521739.zip
[backfill][XBRL TRY] 9284 https://www.release.tdnet.info/inbs/091220260817521739.zip
[backfill][XBRL TRY] 9284 https://www2.jpx.co.jp/disc/92840/081220260817521739.zip
[backfill][XBRL TRY] 9284 https://www2.jpx.co.jp/disc/92840/091220260817521739.zip
[backfill][XBRL TRY] 482A https://www.release.tdnet.info/inbs/081220260817521628.zip
[backfill][XBRL TRY] 482A https://www.release.tdnet.info/inbs/091220260817521628.zip
[backfill][XBRL TRY] 482A https://www2.jpx.co.jp/disc/482A0/081220260817521628.zip
[backfill][XBRL TRY] 482A https://www2.jpx.co.jp/disc/482A0/091220260817521628.zip
[backfill][XBRL TRY] 5534 https://www.release.tdnet.info/inbs/081220260817521941.zip
[backfill][XBRL TRY] 5534 https://www.release.tdnet.info/inbs/091220260817521941.zip
[backfill][XBRL TRY] 5534 https://www2.jpx.co.jp/disc/55340/081220260817521941.zip
[backfill][XBRL TRY] 5534 https://www2.jpx.co.jp/disc/55340/091220260817521941.zip
[backfill][XBRL TRY] 482A https://www.release.tdnet.info/inbs/081220260817522088.zip
[backfill][XBRL TRY] 482A https://www.release.tdnet.info/inbs/091220260817522088.zip
[backfill][XBRL TRY] 482A https://www2.jpx.co.jp/disc/482A0/081220260817522088.zip
[backfill][XBRL TRY] 482A https://www2.jpx.co.jp/disc/482A0/091220260817522088.zip
[forecast_history] 対象=8 initial=4 revision=0 achievement=0 unresolved=6
[OK] 決算:23件, 増資:8件, TOB:1件, 本文:40件, 予想初期:4件, 予想修正:0件, 達成履歴更新:0件 をDBに保存しました。
=== fetch_all: 完全成功 ===
===== 2026-08-18T11:30:59 END status=success rc=0 =====


===== 2026-08-18T11:40:00 START C:\Users\sasit\AppData\Local\Programs\Python\Python310\pythonw.exe D:\kabu\main\1-スクリーニング自動化プログラム\main\fetch_all.py =====
=== fetch_all: TDnetデータ収集開始 ===
[backfill][DOC CACHE HIT] 8951 2026-08-18 31,497文字 2026年６月期（第50期）決算説明会資料
[backfill][DOC CACHE HIT] 3660 2026-08-18 5,402文字 2026年６月期通期 決算説明会における質疑応答
[backfill][DOC CACHE HIT] 482A 2026-08-17 1,051文字 「2026年8月期業績予想の修正に関するお知らせ」の再掲載について
[backfill][DOC CACHE HIT] 4019 2026-08-17 26,197文字 2026年12月期 第2四半期決算説明会書き起こし
[backfill][SOURCE 1/3] 2026-08-17 2026年8月期業績予想の修正に関するお知らせ
[backfill][TRY 1/3] 2026-08-17 2026年8月期業績予想の修正に関するお知らせ https://webapi.yanoshin.jp/rd.php?https://www.release.tdnet.info/inbs/140120260817521628.pdf
[backfill][UNUSABLE] 2026-08-17 2026年8月期業績予想の修正に関するお知らせ ctype=application/pdf bytes=100,551
[backfill][TRY 2/3] 2026-08-17 2026年8月期業績予想の修正に関するお知らせ http://webapi.yanoshin.jp/rd.php?https://www.release.tdnet.info/inbs/140120260817521628.pdf
[backfill][UNUSABLE] 2026-08-17 2026年8月期業績予想の修正に関するお知らせ ctype=application/pdf bytes=100,551
[backfill][TRY 3/3] 2026-08-17 2026年8月期業績予想の修正に関するお知らせ https://www.release.tdnet.info/inbs/140120260817521628.pdf
[backfill][UNUSABLE] 2026-08-17 2026年8月期業績予想の修正に関するお知らせ ctype=application/pdf bytes=100,551
[backfill][JPX FAST 2/3] 2026-08-17 2026年8月期業績予想の修正に関するお知らせ https://www2.jpx.co.jp/disc/482A0/140120260817521628.pdf
[backfill][TRY 1/1] 2026-08-17 2026年8月期業績予想の修正に関するお知らせ https://www2.jpx.co.jp/disc/482A0/140120260817521628.pdf
[backfill][HTTP 404] 2026-08-17 2026年8月期業績予想の修正に関するお知らせ
[backfill][SOURCE 3/3] 2026-08-17 2026年8月期業績予想の修正に関するお知らせ
[backfill][SKIP FAILCACHE] 2026-08-17 2026年8月期業績予想の修正に関するお知らせ https://www.release.tdnet.info/inbs/140120260817521628.pdf
[backfill][TRY 2/2] 2026-08-17 2026年8月期業績予想の修正に関するお知らせ http://www.release.tdnet.info/inbs/140120260817521628.pdf
[backfill][TIMEOUT 5s] 2026-08-17 2026年8月期業績予想の修正に関するお知らせ
[backfill][DOC EMPTY] 482A 2026-08-17 17:00:00 2026年8月期業績予想の修正に関するお知らせ raw=https://webapi.yanoshin.jp/rd.php?https://www.release.tdnet.info/inbs/140120260817521
[backfill][DOC CACHE HIT] 5534 2026-08-17 1,123文字 通期連結業績予想の修正に関するお知らせ
[backfill][DOC CACHE HIT] 6036 2026-08-17 28,949文字 （訂正）「2026年6月期第2四半期 決算説明会資料」の一部訂正について
[backfill][DOC CACHE HIT] 7044 2026-08-17 696文字 （訂正）「2026年12月期第２四半期（中間期）決算補足資料」の一部訂正について
[backfill][DOC CACHE HIT] 9439 2026-08-17 1,576文字 通期連結業績予想値と実績値との差異に関するお知らせ
[backfill][DOC CACHE HIT] 9439 2026-08-17 25,306文字 2026年6月期　決算短信〔日本基準〕（連結）
[backfill][DOC CACHE HIT] 9439 2026-08-17 1,166文字 剰余金の配当（無配）に関するお知らせ
[backfill][DOC CACHE HIT] 5251 2026-08-17 2,468文字 （再登録）「中間決算説明資料の開示に関するお知らせ」の再登録について
[backfill][DOC CACHE HIT] 6195 2026-08-17 31,592文字 （訂正・数値データ訂正）「2026年３月期　決算短信〔日本基準〕（連結）」の一部
[backfill][DOC CACHE HIT] 7042 2026-08-17 4,066文字 2027年３月期第１四半期決算説明資料
[backfill][DOC CACHE HIT] 8964 2026-08-17 37,819文字 2026年6月期　決算短信（ＲＥＩＴ）
[backfill][DOC CACHE HIT] 7177 2026-08-17 3,192文字 2026年７月の月次業績（速報）に関するお知らせ
[backfill][DOC CACHE HIT] 3168 2026-08-17 1,149文字 特別配当および期末配当予想の修正に関するお知らせ
[backfill][DOC CACHE HIT] 367A 2026-08-17 500文字 連結子会社からの剰余金の配当受領に関するお知らせ
[backfill][DOC CACHE HIT] 4484 2026-08-17 6,345文字 2027年３月期 第１四半期決算説明会レポート（書き起こし）
[backfill][DOC CACHE HIT] 4651 2026-08-17 9,960文字 2027年３月期　第１四半期決算短信〔日本基準〕（連結）
[backfill][DOC CACHE HIT] 4651 2026-08-17 21,202文字 2027年３月期　第１四半期決算説明資料
[backfill][DOC CACHE HIT] 5242 2026-08-17 1,063文字 2026年12月期第２四半期決算説明会 質疑応答（要旨）
[backfill][DOC CACHE HIT] 7069 2026-08-17 675文字 （訂正）「2026年9月期 第3四半期決算説明資料」の一部訂正について
[backfill][DOC CACHE HIT] 8951 2026-08-17 39,641文字 2026年６月期　決算短信（ＲＥＩＴ）
[backfill][DOC CACHE HIT] 8951 2026-08-17 9,069文字 2026年６月期_決算概要
[backfill][DOC CACHE HIT] 8955 2026-08-17 42,496文字 2026年6月期　決算短信（ＲＥＩＴ）
[backfill][DOC CACHE HIT] 8955 2026-08-17 48,751文字 2026年6月期（第49期）決算説明資料
[backfill][DOC CACHE HIT] 9284 2026-08-17 50,474文字 2026年６月期 決算短信（インフラファンド）
[backfill][DOC CACHE HIT] 2461 2026-08-17 3,208文字 2026年12月期7月度 月次業績速報のお知らせ
[backfill][DOC CACHE HIT] 264A 2026-08-17 891文字 （訂正）「2026年９月期第３四半期決算説明資料」の一部訂正について
[backfill][DOC CACHE HIT] 5632 2026-08-17 559文字 連結子会社からの配当金受領に関するお知らせ
[backfill][DOC CACHE HIT] 2927 2026-08-17 733文字 2026年8月期 期末配当予想の増配に関するお知らせ
[backfill][DOC CACHE HIT] 6061 2026-08-17 1,101文字 （訂正・数値データ訂正）「令和８年６月期　決算短信〔日本基準〕(連結)」の一部訂
[backfill][DOC CACHE HIT] 2991 2026-08-17 1,105文字 2026年７月度　月次業績速報
[backfill][DOC CACHE HIT] 4574 2026-08-17 11,096文字 2026年12月期(FY2026)第２四半期(中間期)連結決算報告
[backfill][DOC CACHE HIT] 4018 2026-08-17 510文字 （訂正）「2026年6月期　決算短信〔日本基準〕（非連結）」の一部訂正に関するお
[backfill][DOC CACHE HIT] 8705 2026-08-17 2,394文字 2026年７月の月次業績等（速報）に関するお知らせ
[backfill][DOC CACHE HIT] 8798 2026-08-17 18,713文字 （訂正・数値データ訂正）「2025年9月期 第1四半期決算短信〔日本基準〕（連結
[backfill][DOC CACHE HIT] 9162 2026-08-17 606文字 （訂正）「2026年６月期 通期連結決算説明資料」の一部訂正について
[backfill][DOC CACHE HIT] 3445 2026-08-17 15,223文字 2026年12月期第２四半期 決算説明会 書き起こし公開のお知らせ
[backfill][DOC CACHE HIT] 319A 2026-08-17 4,923文字 Q&A 2026年12月期第2四半期決算説明
[backfill][XBRL TRY] 9284 https://www.release.tdnet.info/inbs/081220260817521739.zip
[backfill][XBRL TRY] 9284 https://www.release.tdnet.info/inbs/091220260817521739.zip
[backfill][XBRL TRY] 9284 https://www2.jpx.co.jp/disc/92840/081220260817521739.zip
[backfill][XBRL TRY] 9284 https://www2.jpx.co.jp/disc/92840/091220260817521739.zip
[backfill][XBRL TRY] 482A https://www.release.tdnet.info/inbs/081220260817521628.zip
[backfill][XBRL TRY] 482A https://www.release.tdnet.info/inbs/091220260817521628.zip
[backfill][XBRL TRY] 482A https://www2.jpx.co.jp/disc/482A0/081220260817521628.zip
[backfill][XBRL TRY] 482A https://www2.jpx.co.jp/disc/482A0/091220260817521628.zip
[backfill][XBRL TRY] 5534 https://www.release.tdnet.info/inbs/081220260817521941.zip
[backfill][XBRL TRY] 5534 https://www.release.tdnet.info/inbs/091220260817521941.zip
[backfill][XBRL TRY] 5534 https://www2.jpx.co.jp/disc/55340/081220260817521941.zip
[backfill][XBRL TRY] 5534 https://www2.jpx.co.jp/disc/55340/091220260817521941.zip
[backfill][XBRL TRY] 482A https://www.release.tdnet.info/inbs/081220260817522088.zip
[backfill][XBRL TRY] 482A https://www.release.tdnet.info/inbs/091220260817522088.zip
[backfill][XBRL TRY] 482A https://www2.jpx.co.jp/disc/482A0/081220260817522088.zip
[backfill][XBRL TRY] 482A https://www2.jpx.co.jp/disc/482A0/091220260817522088.zip
[forecast_history] 対象=8 initial=4 revision=0 achievement=0 unresolved=6
[OK] 決算:23件, 増資:8件, TOB:1件, 本文:40件, 予想初期:4件, 予想修正:0件, 達成履歴更新:0件 をDBに保存しました。
=== fetch_all: 完全成功 ===
===== 2026-08-18T11:40:58 END status=success rc=0 =====


===== 2026-08-18T11:50:00 START C:\Users\sasit\AppData\Local\Programs\Python\Python310\pythonw.exe D:\kabu\main\1-スクリーニング自動化プログラム\main\fetch_all.py =====
=== fetch_all: TDnetデータ収集開始 ===
[backfill][DOC CACHE HIT] 8951 2026-08-18 31,497文字 2026年６月期（第50期）決算説明会資料
[backfill][DOC CACHE HIT] 3660 2026-08-18 5,402文字 2026年６月期通期 決算説明会における質疑応答
[backfill][DOC CACHE HIT] 482A 2026-08-17 1,051文字 「2026年8月期業績予想の修正に関するお知らせ」の再掲載について
[backfill][DOC CACHE HIT] 4019 2026-08-17 26,197文字 2026年12月期 第2四半期決算説明会書き起こし
[backfill][SOURCE 1/3] 2026-08-17 2026年8月期業績予想の修正に関するお知らせ
[backfill][TRY 1/3] 2026-08-17 2026年8月期業績予想の修正に関するお知らせ https://webapi.yanoshin.jp/rd.php?https://www.release.tdnet.info/inbs/140120260817521628.pdf
[backfill][UNUSABLE] 2026-08-17 2026年8月期業績予想の修正に関するお知らせ ctype=application/pdf bytes=100,551
[backfill][TRY 2/3] 2026-08-17 2026年8月期業績予想の修正に関するお知らせ http://webapi.yanoshin.jp/rd.php?https://www.release.tdnet.info/inbs/140120260817521628.pdf
[backfill][UNUSABLE] 2026-08-17 2026年8月期業績予想の修正に関するお知らせ ctype=application/pdf bytes=100,551
[backfill][TRY 3/3] 2026-08-17 2026年8月期業績予想の修正に関するお知らせ https://www.release.tdnet.info/inbs/140120260817521628.pdf
[backfill][UNUSABLE] 2026-08-17 2026年8月期業績予想の修正に関するお知らせ ctype=application/pdf bytes=100,551
[backfill][JPX FAST 2/3] 2026-08-17 2026年8月期業績予想の修正に関するお知らせ https://www2.jpx.co.jp/disc/482A0/140120260817521628.pdf
[backfill][TRY 1/1] 2026-08-17 2026年8月期業績予想の修正に関するお知らせ https://www2.jpx.co.jp/disc/482A0/140120260817521628.pdf
[backfill][HTTP 404] 2026-08-17 2026年8月期業績予想の修正に関するお知らせ
[backfill][SOURCE 3/3] 2026-08-17 2026年8月期業績予想の修正に関するお知らせ
[backfill][SKIP FAILCACHE] 2026-08-17 2026年8月期業績予想の修正に関するお知らせ https://www.release.tdnet.info/inbs/140120260817521628.pdf
[backfill][TRY 2/2] 2026-08-17 2026年8月期業績予想の修正に関するお知らせ http://www.release.tdnet.info/inbs/140120260817521628.pdf
[backfill][TIMEOUT 5s] 2026-08-17 2026年8月期業績予想の修正に関するお知らせ
[backfill][DOC EMPTY] 482A 2026-08-17 17:00:00 2026年8月期業績予想の修正に関するお知らせ raw=https://webapi.yanoshin.jp/rd.php?https://www.release.tdnet.info/inbs/140120260817521
[backfill][DOC CACHE HIT] 5534 2026-08-17 1,123文字 通期連結業績予想の修正に関するお知らせ
[backfill][DOC CACHE HIT] 6036 2026-08-17 28,949文字 （訂正）「2026年6月期第2四半期 決算説明会資料」の一部訂正について
[backfill][DOC CACHE HIT] 7044 2026-08-17 696文字 （訂正）「2026年12月期第２四半期（中間期）決算補足資料」の一部訂正について
[backfill][DOC CACHE HIT] 9439 2026-08-17 1,576文字 通期連結業績予想値と実績値との差異に関するお知らせ
[backfill][DOC CACHE HIT] 9439 2026-08-17 25,306文字 2026年6月期　決算短信〔日本基準〕（連結）
[backfill][DOC CACHE HIT] 9439 2026-08-17 1,166文字 剰余金の配当（無配）に関するお知らせ
[backfill][DOC CACHE HIT] 5251 2026-08-17 2,468文字 （再登録）「中間決算説明資料の開示に関するお知らせ」の再登録について
[backfill][DOC CACHE HIT] 6195 2026-08-17 31,592文字 （訂正・数値データ訂正）「2026年３月期　決算短信〔日本基準〕（連結）」の一部
[backfill][DOC CACHE HIT] 7042 2026-08-17 4,066文字 2027年３月期第１四半期決算説明資料
[backfill][DOC CACHE HIT] 8964 2026-08-17 37,819文字 2026年6月期　決算短信（ＲＥＩＴ）
[backfill][DOC CACHE HIT] 7177 2026-08-17 3,192文字 2026年７月の月次業績（速報）に関するお知らせ
[backfill][DOC CACHE HIT] 3168 2026-08-17 1,149文字 特別配当および期末配当予想の修正に関するお知らせ
[backfill][DOC CACHE HIT] 367A 2026-08-17 500文字 連結子会社からの剰余金の配当受領に関するお知らせ
[backfill][DOC CACHE HIT] 4484 2026-08-17 6,345文字 2027年３月期 第１四半期決算説明会レポート（書き起こし）
[backfill][DOC CACHE HIT] 4651 2026-08-17 9,960文字 2027年３月期　第１四半期決算短信〔日本基準〕（連結）
[backfill][DOC CACHE HIT] 4651 2026-08-17 21,202文字 2027年３月期　第１四半期決算説明資料
[backfill][DOC CACHE HIT] 5242 2026-08-17 1,063文字 2026年12月期第２四半期決算説明会 質疑応答（要旨）
[backfill][DOC CACHE HIT] 7069 2026-08-17 675文字 （訂正）「2026年9月期 第3四半期決算説明資料」の一部訂正について
[backfill][DOC CACHE HIT] 8951 2026-08-17 39,641文字 2026年６月期　決算短信（ＲＥＩＴ）
[backfill][DOC CACHE HIT] 8951 2026-08-17 9,069文字 2026年６月期_決算概要
[backfill][DOC CACHE HIT] 8955 2026-08-17 42,496文字 2026年6月期　決算短信（ＲＥＩＴ）
[backfill][DOC CACHE HIT] 8955 2026-08-17 48,751文字 2026年6月期（第49期）決算説明資料
[backfill][DOC CACHE HIT] 9284 2026-08-17 50,474文字 2026年６月期 決算短信（インフラファンド）
[backfill][DOC CACHE HIT] 2461 2026-08-17 3,208文字 2026年12月期7月度 月次業績速報のお知らせ
[backfill][DOC CACHE HIT] 264A 2026-08-17 891文字 （訂正）「2026年９月期第３四半期決算説明資料」の一部訂正について
[backfill][DOC CACHE HIT] 5632 2026-08-17 559文字 連結子会社からの配当金受領に関するお知らせ
[backfill][DOC CACHE HIT] 2927 2026-08-17 733文字 2026年8月期 期末配当予想の増配に関するお知らせ
[backfill][DOC CACHE HIT] 6061 2026-08-17 1,101文字 （訂正・数値データ訂正）「令和８年６月期　決算短信〔日本基準〕(連結)」の一部訂
[backfill][DOC CACHE HIT] 2991 2026-08-17 1,105文字 2026年７月度　月次業績速報
[backfill][DOC CACHE HIT] 4574 2026-08-17 11,096文字 2026年12月期(FY2026)第２四半期(中間期)連結決算報告
[backfill][DOC CACHE HIT] 4018 2026-08-17 510文字 （訂正）「2026年6月期　決算短信〔日本基準〕（非連結）」の一部訂正に関するお
[backfill][DOC CACHE HIT] 8705 2026-08-17 2,394文字 2026年７月の月次業績等（速報）に関するお知らせ
[backfill][DOC CACHE HIT] 8798 2026-08-17 18,713文字 （訂正・数値データ訂正）「2025年9月期 第1四半期決算短信〔日本基準〕（連結
[backfill][DOC CACHE HIT] 9162 2026-08-17 606文字 （訂正）「2026年６月期 通期連結決算説明資料」の一部訂正について
[backfill][DOC CACHE HIT] 3445 2026-08-17 15,223文字 2026年12月期第２四半期 決算説明会 書き起こし公開のお知らせ
[backfill][DOC CACHE HIT] 319A 2026-08-17 4,923文字 Q&A 2026年12月期第2四半期決算説明
[backfill][XBRL TRY] 9284 https://www.release.tdnet.info/inbs/081220260817521739.zip
[backfill][XBRL TRY] 9284 https://www.release.tdnet.info/inbs/091220260817521739.zip
[backfill][XBRL TRY] 9284 https://www2.jpx.co.jp/disc/92840/081220260817521739.zip
[backfill][XBRL TRY] 9284 https://www2.jpx.co.jp/disc/92840/091220260817521739.zip
[backfill][XBRL TRY] 482A https://www.release.tdnet.info/inbs/081220260817521628.zip
[backfill][XBRL TRY] 482A https://www.release.tdnet.info/inbs/091220260817521628.zip
[backfill][XBRL TRY] 482A https://www2.jpx.co.jp/disc/482A0/081220260817521628.zip
[backfill][XBRL TRY] 482A https://www2.jpx.co.jp/disc/482A0/091220260817521628.zip
[backfill][XBRL TRY] 5534 https://www.release.tdnet.info/inbs/081220260817521941.zip
[backfill][XBRL TRY] 5534 https://www.release.tdnet.info/inbs/091220260817521941.zip
[backfill][XBRL TRY] 5534 https://www2.jpx.co.jp/disc/55340/081220260817521941.zip
[backfill][XBRL TRY] 5534 https://www2.jpx.co.jp/disc/55340/091220260817521941.zip
[backfill][XBRL TRY] 482A https://www.release.tdnet.info/inbs/081220260817522088.zip
[backfill][XBRL TRY] 482A https://www.release.tdnet.info/inbs/091220260817522088.zip
[backfill][XBRL TRY] 482A https://www2.jpx.co.jp/disc/482A0/081220260817522088.zip
[backfill][XBRL TRY] 482A https://www2.jpx.co.jp/disc/482A0/091220260817522088.zip
[forecast_history] 対象=8 initial=4 revision=0 achievement=0 unresolved=6
[OK] 決算:23件, 増資:8件, TOB:1件, 本文:40件, 予想初期:4件, 予想修正:0件, 達成履歴更新:0件 をDBに保存しました。
=== fetch_all: 完全成功 ===
===== 2026-08-18T11:50:56 END status=success rc=0 =====


===== 2026-08-18T12:00:00 START C:\Users\sasit\AppData\Local\Programs\Python\Python310\pythonw.exe D:\kabu\main\1-スクリーニング自動化プログラム\main\fetch_all.py =====
=== fetch_all: TDnetデータ収集開始 ===
[backfill][SOURCE 1/3] 2026-08-18 （訂正）「2026年９月期第３四半期決算短信〔日本基準〕（連結）」の一部訂正について
[backfill][TRY 1/3] 2026-08-18 （訂正）「2026年９月期第３四半期決算短信〔日本基準〕（連結）」の一部訂正について https://webapi.yanoshin.jp/rd.php?https://www.release.tdnet.info/inbs/140120260818522280.pdf
[backfill][URL OK] 2026-08-18 （訂正）「2026年９月期第３四半期決算短信〔日本基準〕（連結）」の一部訂正について pdf 3,984文字
[backfill][DOC OK] 4320 2026-08-18 pdf 3,984文字 （訂正）「2026年９月期第３四半期決算短信〔日本基準〕（連結）」の一部訂正につ
[backfill][SOURCE 1/3] 2026-08-18 2027年3月期 第1四半期 自己資本比率について
[backfill][TRY 1/3] 2026-08-18 2027年3月期 第1四半期 自己資本比率について https://webapi.yanoshin.jp/rd.php?https://www.release.tdnet.info/inbs/140120260818522231.pdf
[backfill][URL OK] 2026-08-18 2027年3月期 第1四半期 自己資本比率について pdf 1,262文字
[backfill][DOC OK] 8304 2026-08-18 pdf 1,262文字 2027年3月期 第1四半期 自己資本比率について
[backfill][DOC CACHE HIT] 8951 2026-08-18 31,497文字 2026年６月期（第50期）決算説明会資料
[backfill][DOC CACHE HIT] 3660 2026-08-18 5,402文字 2026年６月期通期 決算説明会における質疑応答
[backfill][DOC CACHE HIT] 482A 2026-08-17 1,051文字 「2026年8月期業績予想の修正に関するお知らせ」の再掲載について
[backfill][DOC CACHE HIT] 4019 2026-08-17 26,197文字 2026年12月期 第2四半期決算説明会書き起こし
[backfill][SOURCE 1/3] 2026-08-17 2026年8月期業績予想の修正に関するお知らせ
[backfill][TRY 1/3] 2026-08-17 2026年8月期業績予想の修正に関するお知らせ https://webapi.yanoshin.jp/rd.php?https://www.release.tdnet.info/inbs/140120260817521628.pdf
[backfill][UNUSABLE] 2026-08-17 2026年8月期業績予想の修正に関するお知らせ ctype=application/pdf bytes=100,551
[backfill][TRY 2/3] 2026-08-17 2026年8月期業績予想の修正に関するお知らせ http://webapi.yanoshin.jp/rd.php?https://www.release.tdnet.info/inbs/140120260817521628.pdf
[backfill][UNUSABLE] 2026-08-17 2026年8月期業績予想の修正に関するお知らせ ctype=application/pdf bytes=100,551
[backfill][TRY 3/3] 2026-08-17 2026年8月期業績予想の修正に関するお知らせ https://www.release.tdnet.info/inbs/140120260817521628.pdf
[backfill][UNUSABLE] 2026-08-17 2026年8月期業績予想の修正に関するお知らせ ctype=application/pdf bytes=100,551
[backfill][JPX FAST 2/3] 2026-08-17 2026年8月期業績予想の修正に関するお知らせ https://www2.jpx.co.jp/disc/482A0/140120260817521628.pdf
[backfill][TRY 1/1] 2026-08-17 2026年8月期業績予想の修正に関するお知らせ https://www2.jpx.co.jp/disc/482A0/140120260817521628.pdf
[backfill][HTTP 404] 2026-08-17 2026年8月期業績予想の修正に関するお知らせ
[backfill][SOURCE 3/3] 2026-08-17 2026年8月期業績予想の修正に関するお知らせ
[backfill][SKIP FAILCACHE] 2026-08-17 2026年8月期業績予想の修正に関するお知らせ https://www.release.tdnet.info/inbs/140120260817521628.pdf
[backfill][TRY 2/2] 2026-08-17 2026年8月期業績予想の修正に関するお知らせ http://www.release.tdnet.info/inbs/140120260817521628.pdf
[backfill][TIMEOUT 5s] 2026-08-17 2026年8月期業績予想の修正に関するお知らせ
[backfill][DOC EMPTY] 482A 2026-08-17 17:00:00 2026年8月期業績予想の修正に関するお知らせ raw=https://webapi.yanoshin.jp/rd.php?https://www.release.tdnet.info/inbs/140120260817521
[backfill][DOC CACHE HIT] 5534 2026-08-17 1,123文字 通期連結業績予想の修正に関するお知らせ
[backfill][DOC CACHE HIT] 6036 2026-08-17 28,949文字 （訂正）「2026年6月期第2四半期 決算説明会資料」の一部訂正について
[backfill][DOC CACHE HIT] 7044 2026-08-17 696文字 （訂正）「2026年12月期第２四半期（中間期）決算補足資料」の一部訂正について
[backfill][DOC CACHE HIT] 9439 2026-08-17 1,576文字 通期連結業績予想値と実績値との差異に関するお知らせ
[backfill][DOC CACHE HIT] 9439 2026-08-17 25,306文字 2026年6月期　決算短信〔日本基準〕（連結）
[backfill][DOC CACHE HIT] 9439 2026-08-17 1,166文字 剰余金の配当（無配）に関するお知らせ
[backfill][DOC CACHE HIT] 5251 2026-08-17 2,468文字 （再登録）「中間決算説明資料の開示に関するお知らせ」の再登録について
[backfill][DOC CACHE HIT] 6195 2026-08-17 31,592文字 （訂正・数値データ訂正）「2026年３月期　決算短信〔日本基準〕（連結）」の一部
[backfill][DOC CACHE HIT] 7042 2026-08-17 4,066文字 2027年３月期第１四半期決算説明資料
[backfill][DOC CACHE HIT] 8964 2026-08-17 37,819文字 2026年6月期　決算短信（ＲＥＩＴ）
[backfill][DOC CACHE HIT] 7177 2026-08-17 3,192文字 2026年７月の月次業績（速報）に関するお知らせ
[backfill][DOC CACHE HIT] 3168 2026-08-17 1,149文字 特別配当および期末配当予想の修正に関するお知らせ
[backfill][DOC CACHE HIT] 367A 2026-08-17 500文字 連結子会社からの剰余金の配当受領に関するお知らせ
[backfill][DOC CACHE HIT] 4484 2026-08-17 6,345文字 2027年３月期 第１四半期決算説明会レポート（書き起こし）
[backfill][DOC CACHE HIT] 4651 2026-08-17 9,960文字 2027年３月期　第１四半期決算短信〔日本基準〕（連結）
[backfill][DOC CACHE HIT] 4651 2026-08-17 21,202文字 2027年３月期　第１四半期決算説明資料
[backfill][DOC CACHE HIT] 5242 2026-08-17 1,063文字 2026年12月期第２四半期決算説明会 質疑応答（要旨）
[backfill][DOC CACHE HIT] 7069 2026-08-17 675文字 （訂正）「2026年9月期 第3四半期決算説明資料」の一部訂正について
[backfill][DOC CACHE HIT] 8951 2026-08-17 39,641文字 2026年６月期　決算短信（ＲＥＩＴ）
[backfill][DOC CACHE HIT] 8951 2026-08-17 9,069文字 2026年６月期_決算概要
[backfill][DOC CACHE HIT] 8955 2026-08-17 42,496文字 2026年6月期　決算短信（ＲＥＩＴ）
[backfill][DOC CACHE HIT] 8955 2026-08-17 48,751文字 2026年6月期（第49期）決算説明資料
[backfill][DOC CACHE HIT] 9284 2026-08-17 50,474文字 2026年６月期 決算短信（インフラファンド）
[backfill][DOC CACHE HIT] 2461 2026-08-17 3,208文字 2026年12月期7月度 月次業績速報のお知らせ
[backfill][DOC CACHE HIT] 264A 2026-08-17 891文字 （訂正）「2026年９月期第３四半期決算説明資料」の一部訂正について
[backfill][DOC CACHE HIT] 5632 2026-08-17 559文字 連結子会社からの配当金受領に関するお知らせ
[backfill][DOC CACHE HIT] 2927 2026-08-17 733文字 2026年8月期 期末配当予想の増配に関するお知らせ
[backfill][DOC CACHE HIT] 6061 2026-08-17 1,101文字 （訂正・数値データ訂正）「令和８年６月期　決算短信〔日本基準〕(連結)」の一部訂
[backfill][DOC CACHE HIT] 2991 2026-08-17 1,105文字 2026年７月度　月次業績速報
[backfill][DOC CACHE HIT] 4574 2026-08-17 11,096文字 2026年12月期(FY2026)第２四半期(中間期)連結決算報告
[backfill][DOC CACHE HIT] 4018 2026-08-17 510文字 （訂正）「2026年6月期　決算短信〔日本基準〕（非連結）」の一部訂正に関するお
[backfill][DOC CACHE HIT] 8705 2026-08-17 2,394文字 2026年７月の月次業績等（速報）に関するお知らせ
[backfill][DOC CACHE HIT] 8798 2026-08-17 18,713文字 （訂正・数値データ訂正）「2025年9月期 第1四半期決算短信〔日本基準〕（連結
[backfill][DOC CACHE HIT] 9162 2026-08-17 606文字 （訂正）「2026年６月期 通期連結決算説明資料」の一部訂正について
[backfill][DOC CACHE HIT] 3445 2026-08-17 15,223文字 2026年12月期第２四半期 決算説明会 書き起こし公開のお知らせ
[backfill][DOC CACHE HIT] 319A 2026-08-17 4,923文字 Q&A 2026年12月期第2四半期決算説明
[backfill][XBRL TRY] 9284 https://www.release.tdnet.info/inbs/081220260817521739.zip
[backfill][XBRL TRY] 9284 https://www.release.tdnet.info/inbs/091220260817521739.zip
[backfill][XBRL TRY] 9284 https://www2.jpx.co.jp/disc/92840/081220260817521739.zip
[backfill][XBRL TRY] 9284 https://www2.jpx.co.jp/disc/92840/091220260817521739.zip
[backfill][XBRL TRY] 482A https://www.release.tdnet.info/inbs/081220260817521628.zip
[backfill][XBRL TRY] 482A https://www.release.tdnet.info/inbs/091220260817521628.zip
[backfill][XBRL TRY] 482A https://www2.jpx.co.jp/disc/482A0/081220260817521628.zip
[backfill][XBRL TRY] 482A https://www2.jpx.co.jp/disc/482A0/091220260817521628.zip
[backfill][XBRL TRY] 5534 https://www.release.tdnet.info/inbs/081220260817521941.zip
[backfill][XBRL TRY] 5534 https://www.release.tdnet.info/inbs/091220260817521941.zip
[backfill][XBRL TRY] 5534 https://www2.jpx.co.jp/disc/55340/081220260817521941.zip
[backfill][XBRL TRY] 5534 https://www2.jpx.co.jp/disc/55340/091220260817521941.zip
[backfill][XBRL TRY] 482A https://www.release.tdnet.info/inbs/081220260817522088.zip
[backfill][XBRL TRY] 482A https://www.release.tdnet.info/inbs/091220260817522088.zip
[backfill][XBRL TRY] 482A https://www2.jpx.co.jp/disc/482A0/081220260817522088.zip
[backfill][XBRL TRY] 482A https://www2.jpx.co.jp/disc/482A0/091220260817522088.zip
[forecast_history] 対象=8 initial=4 revision=0 achievement=0 unresolved=6
[OK] 決算:25件, 増資:8件, TOB:2件, 本文:42件, 予想初期:4件, 予想修正:0件, 達成履歴更新:0件 をDBに保存しました。
=== fetch_all: 完全成功 ===
===== 2026-08-18T12:01:04 END status=success rc=0 =====


===== 2026-08-18T12:10:00 START C:\Users\sasit\AppData\Local\Programs\Python\Python310\pythonw.exe D:\kabu\main\1-スクリーニング自動化プログラム\main\fetch_all.py =====
=== fetch_all: TDnetデータ収集開始 ===
[backfill][SOURCE 1/3] 2026-08-18 2026年９月期 ７月度　月次業績（売上高）速報
[backfill][TRY 1/3] 2026-08-18 2026年９月期 ７月度　月次業績（売上高）速報 https://webapi.yanoshin.jp/rd.php?https://www.release.tdnet.info/inbs/140120260818522172.pdf
[backfill][URL OK] 2026-08-18 2026年９月期 ７月度　月次業績（売上高）速報 pdf 4,037文字
[backfill][DOC OK] 9941 2026-08-18 pdf 4,037文字 2026年９月期 ７月度　月次業績（売上高）速報
[backfill][DOC CACHE HIT] 4320 2026-08-18 3,984文字 （訂正）「2026年９月期第３四半期決算短信〔日本基準〕（連結）」の一部訂正につ
[backfill][DOC CACHE HIT] 8304 2026-08-18 1,262文字 2027年3月期 第1四半期 自己資本比率について
[backfill][DOC CACHE HIT] 8951 2026-08-18 31,497文字 2026年６月期（第50期）決算説明会資料
[backfill][DOC CACHE HIT] 3660 2026-08-18 5,402文字 2026年６月期通期 決算説明会における質疑応答
[backfill][DOC CACHE HIT] 482A 2026-08-17 1,051文字 「2026年8月期業績予想の修正に関するお知らせ」の再掲載について
[backfill][DOC CACHE HIT] 4019 2026-08-17 26,197文字 2026年12月期 第2四半期決算説明会書き起こし
[backfill][SOURCE 1/3] 2026-08-17 2026年8月期業績予想の修正に関するお知らせ
[backfill][TRY 1/3] 2026-08-17 2026年8月期業績予想の修正に関するお知らせ https://webapi.yanoshin.jp/rd.php?https://www.release.tdnet.info/inbs/140120260817521628.pdf
[backfill][UNUSABLE] 2026-08-17 2026年8月期業績予想の修正に関するお知らせ ctype=application/pdf bytes=100,551
[backfill][TRY 2/3] 2026-08-17 2026年8月期業績予想の修正に関するお知らせ http://webapi.yanoshin.jp/rd.php?https://www.release.tdnet.info/inbs/140120260817521628.pdf
[backfill][UNUSABLE] 2026-08-17 2026年8月期業績予想の修正に関するお知らせ ctype=application/pdf bytes=100,551
[backfill][TRY 3/3] 2026-08-17 2026年8月期業績予想の修正に関するお知らせ https://www.release.tdnet.info/inbs/140120260817521628.pdf
[backfill][UNUSABLE] 2026-08-17 2026年8月期業績予想の修正に関するお知らせ ctype=application/pdf bytes=100,551
[backfill][JPX FAST 2/3] 2026-08-17 2026年8月期業績予想の修正に関するお知らせ https://www2.jpx.co.jp/disc/482A0/140120260817521628.pdf
[backfill][TRY 1/1] 2026-08-17 2026年8月期業績予想の修正に関するお知らせ https://www2.jpx.co.jp/disc/482A0/140120260817521628.pdf
[backfill][HTTP 404] 2026-08-17 2026年8月期業績予想の修正に関するお知らせ
[backfill][SOURCE 3/3] 2026-08-17 2026年8月期業績予想の修正に関するお知らせ
[backfill][SKIP FAILCACHE] 2026-08-17 2026年8月期業績予想の修正に関するお知らせ https://www.release.tdnet.info/inbs/140120260817521628.pdf
[backfill][TRY 2/2] 2026-08-17 2026年8月期業績予想の修正に関するお知らせ http://www.release.tdnet.info/inbs/140120260817521628.pdf
[backfill][TIMEOUT 5s] 2026-08-17 2026年8月期業績予想の修正に関するお知らせ
[backfill][DOC EMPTY] 482A 2026-08-17 17:00:00 2026年8月期業績予想の修正に関するお知らせ raw=https://webapi.yanoshin.jp/rd.php?https://www.release.tdnet.info/inbs/140120260817521
[backfill][DOC CACHE HIT] 5534 2026-08-17 1,123文字 通期連結業績予想の修正に関するお知らせ
[backfill][DOC CACHE HIT] 6036 2026-08-17 28,949文字 （訂正）「2026年6月期第2四半期 決算説明会資料」の一部訂正について
[backfill][DOC CACHE HIT] 7044 2026-08-17 696文字 （訂正）「2026年12月期第２四半期（中間期）決算補足資料」の一部訂正について
[backfill][DOC CACHE HIT] 9439 2026-08-17 1,576文字 通期連結業績予想値と実績値との差異に関するお知らせ
[backfill][DOC CACHE HIT] 9439 2026-08-17 25,306文字 2026年6月期　決算短信〔日本基準〕（連結）
[backfill][DOC CACHE HIT] 9439 2026-08-17 1,166文字 剰余金の配当（無配）に関するお知らせ
[backfill][DOC CACHE HIT] 5251 2026-08-17 2,468文字 （再登録）「中間決算説明資料の開示に関するお知らせ」の再登録について
[backfill][DOC CACHE HIT] 6195 2026-08-17 31,592文字 （訂正・数値データ訂正）「2026年３月期　決算短信〔日本基準〕（連結）」の一部
[backfill][DOC CACHE HIT] 7042 2026-08-17 4,066文字 2027年３月期第１四半期決算説明資料
[backfill][DOC CACHE HIT] 8964 2026-08-17 37,819文字 2026年6月期　決算短信（ＲＥＩＴ）
[backfill][DOC CACHE HIT] 7177 2026-08-17 3,192文字 2026年７月の月次業績（速報）に関するお知らせ
[backfill][DOC CACHE HIT] 3168 2026-08-17 1,149文字 特別配当および期末配当予想の修正に関するお知らせ
[backfill][DOC CACHE HIT] 367A 2026-08-17 500文字 連結子会社からの剰余金の配当受領に関するお知らせ
[backfill][DOC CACHE HIT] 4484 2026-08-17 6,345文字 2027年３月期 第１四半期決算説明会レポート（書き起こし）
[backfill][DOC CACHE HIT] 4651 2026-08-17 9,960文字 2027年３月期　第１四半期決算短信〔日本基準〕（連結）
[backfill][DOC CACHE HIT] 4651 2026-08-17 21,202文字 2027年３月期　第１四半期決算説明資料
[backfill][DOC CACHE HIT] 5242 2026-08-17 1,063文字 2026年12月期第２四半期決算説明会 質疑応答（要旨）
[backfill][DOC CACHE HIT] 7069 2026-08-17 675文字 （訂正）「2026年9月期 第3四半期決算説明資料」の一部訂正について
[backfill][DOC CACHE HIT] 8951 2026-08-17 39,641文字 2026年６月期　決算短信（ＲＥＩＴ）
[backfill][DOC CACHE HIT] 8951 2026-08-17 9,069文字 2026年６月期_決算概要
[backfill][DOC CACHE HIT] 8955 2026-08-17 42,496文字 2026年6月期　決算短信（ＲＥＩＴ）
[backfill][DOC CACHE HIT] 8955 2026-08-17 48,751文字 2026年6月期（第49期）決算説明資料
[backfill][DOC CACHE HIT] 9284 2026-08-17 50,474文字 2026年６月期 決算短信（インフラファンド）
[backfill][DOC CACHE HIT] 2461 2026-08-17 3,208文字 2026年12月期7月度 月次業績速報のお知らせ
[backfill][DOC CACHE HIT] 264A 2026-08-17 891文字 （訂正）「2026年９月期第３四半期決算説明資料」の一部訂正について
[backfill][DOC CACHE HIT] 5632 2026-08-17 559文字 連結子会社からの配当金受領に関するお知らせ
[backfill][DOC CACHE HIT] 2927 2026-08-17 733文字 2026年8月期 期末配当予想の増配に関するお知らせ
[backfill][DOC CACHE HIT] 6061 2026-08-17 1,101文字 （訂正・数値データ訂正）「令和８年６月期　決算短信〔日本基準〕(連結)」の一部訂
[backfill][DOC CACHE HIT] 2991 2026-08-17 1,105文字 2026年７月度　月次業績速報
[backfill][DOC CACHE HIT] 4574 2026-08-17 11,096文字 2026年12月期(FY2026)第２四半期(中間期)連結決算報告
[backfill][DOC CACHE HIT] 4018 2026-08-17 510文字 （訂正）「2026年6月期　決算短信〔日本基準〕（非連結）」の一部訂正に関するお
[backfill][DOC CACHE HIT] 8705 2026-08-17 2,394文字 2026年７月の月次業績等（速報）に関するお知らせ
[backfill][DOC CACHE HIT] 8798 2026-08-17 18,713文字 （訂正・数値データ訂正）「2025年9月期 第1四半期決算短信〔日本基準〕（連結
[backfill][DOC CACHE HIT] 9162 2026-08-17 606文字 （訂正）「2026年６月期 通期連結決算説明資料」の一部訂正について
[backfill][DOC CACHE HIT] 3445 2026-08-17 15,223文字 2026年12月期第２四半期 決算説明会 書き起こし公開のお知らせ
[backfill][DOC CACHE HIT] 319A 2026-08-17 4,923文字 Q&A 2026年12月期第2四半期決算説明
[backfill][XBRL TRY] 9284 https://www.release.tdnet.info/inbs/081220260817521739.zip
[backfill][XBRL TRY] 9284 https://www.release.tdnet.info/inbs/091220260817521739.zip
[backfill][XBRL TRY] 9284 https://www2.jpx.co.jp/disc/92840/081220260817521739.zip
[backfill][XBRL TRY] 9284 https://www2.jpx.co.jp/disc/92840/091220260817521739.zip
[backfill][XBRL TRY] 482A https://www.release.tdnet.info/inbs/081220260817521628.zip
[backfill][XBRL TRY] 482A https://www.release.tdnet.info/inbs/091220260817521628.zip
[backfill][XBRL TRY] 482A https://www2.jpx.co.jp/disc/482A0/081220260817521628.zip
[backfill][XBRL TRY] 482A https://www2.jpx.co.jp/disc/482A0/091220260817521628.zip
[backfill][XBRL TRY] 5534 https://www.release.tdnet.info/inbs/081220260817521941.zip
[backfill][XBRL TRY] 5534 https://www.release.tdnet.info/inbs/091220260817521941.zip
[backfill][XBRL TRY] 5534 https://www2.jpx.co.jp/disc/55340/081220260817521941.zip
[backfill][XBRL TRY] 5534 https://www2.jpx.co.jp/disc/55340/091220260817521941.zip
[backfill][XBRL TRY] 482A https://www.release.tdnet.info/inbs/081220260817522088.zip
[backfill][XBRL TRY] 482A https://www.release.tdnet.info/inbs/091220260817522088.zip
[backfill][XBRL TRY] 482A https://www2.jpx.co.jp/disc/482A0/081220260817522088.zip
[backfill][XBRL TRY] 482A https://www2.jpx.co.jp/disc/482A0/091220260817522088.zip
[forecast_history] 対象=8 initial=4 revision=0 achievement=0 unresolved=6
[OK] 決算:25件, 増資:8件, TOB:2件, 本文:43件, 予想初期:4件, 予想修正:0件, 達成履歴更新:0件 をDBに保存しました。
=== fetch_all: 完全成功 ===
===== 2026-08-18T12:11:02 END status=success rc=0 =====


===== 2026-08-18T12:20:00 START C:\Users\sasit\AppData\Local\Programs\Python\Python310\pythonw.exe D:\kabu\main\1-スクリーニング自動化プログラム\main\fetch_all.py =====
=== fetch_all: TDnetデータ収集開始 ===
[backfill][DOC CACHE HIT] 9941 2026-08-18 4,037文字 2026年９月期 ７月度　月次業績（売上高）速報
[backfill][DOC CACHE HIT] 4320 2026-08-18 3,984文字 （訂正）「2026年９月期第３四半期決算短信〔日本基準〕（連結）」の一部訂正につ
[backfill][DOC CACHE HIT] 8304 2026-08-18 1,262文字 2027年3月期 第1四半期 自己資本比率について
[backfill][DOC CACHE HIT] 8951 2026-08-18 31,497文字 2026年６月期（第50期）決算説明会資料
[backfill][DOC CACHE HIT] 3660 2026-08-18 5,402文字 2026年６月期通期 決算説明会における質疑応答
[backfill][DOC CACHE HIT] 482A 2026-08-17 1,051文字 「2026年8月期業績予想の修正に関するお知らせ」の再掲載について
[backfill][DOC CACHE HIT] 4019 2026-08-17 26,197文字 2026年12月期 第2四半期決算説明会書き起こし
[backfill][SOURCE 1/3] 2026-08-17 2026年8月期業績予想の修正に関するお知らせ
[backfill][TRY 1/3] 2026-08-17 2026年8月期業績予想の修正に関するお知らせ https://webapi.yanoshin.jp/rd.php?https://www.release.tdnet.info/inbs/140120260817521628.pdf
[backfill][UNUSABLE] 2026-08-17 2026年8月期業績予想の修正に関するお知らせ ctype=application/pdf bytes=100,551
[backfill][TRY 2/3] 2026-08-17 2026年8月期業績予想の修正に関するお知らせ http://webapi.yanoshin.jp/rd.php?https://www.release.tdnet.info/inbs/140120260817521628.pdf
[backfill][UNUSABLE] 2026-08-17 2026年8月期業績予想の修正に関するお知らせ ctype=application/pdf bytes=100,551
[backfill][TRY 3/3] 2026-08-17 2026年8月期業績予想の修正に関するお知らせ https://www.release.tdnet.info/inbs/140120260817521628.pdf
[backfill][UNUSABLE] 2026-08-17 2026年8月期業績予想の修正に関するお知らせ ctype=application/pdf bytes=100,551
[backfill][JPX FAST 2/3] 2026-08-17 2026年8月期業績予想の修正に関するお知らせ https://www2.jpx.co.jp/disc/482A0/140120260817521628.pdf
[backfill][TRY 1/1] 2026-08-17 2026年8月期業績予想の修正に関するお知らせ https://www2.jpx.co.jp/disc/482A0/140120260817521628.pdf
[backfill][HTTP 404] 2026-08-17 2026年8月期業績予想の修正に関するお知らせ
[backfill][SOURCE 3/3] 2026-08-17 2026年8月期業績予想の修正に関するお知らせ
[backfill][SKIP FAILCACHE] 2026-08-17 2026年8月期業績予想の修正に関するお知らせ https://www.release.tdnet.info/inbs/140120260817521628.pdf
[backfill][TRY 2/2] 2026-08-17 2026年8月期業績予想の修正に関するお知らせ http://www.release.tdnet.info/inbs/140120260817521628.pdf
[backfill][TIMEOUT 5s] 2026-08-17 2026年8月期業績予想の修正に関するお知らせ
[backfill][DOC EMPTY] 482A 2026-08-17 17:00:00 2026年8月期業績予想の修正に関するお知らせ raw=https://webapi.yanoshin.jp/rd.php?https://www.release.tdnet.info/inbs/140120260817521
[backfill][DOC CACHE HIT] 5534 2026-08-17 1,123文字 通期連結業績予想の修正に関するお知らせ
[backfill][DOC CACHE HIT] 6036 2026-08-17 28,949文字 （訂正）「2026年6月期第2四半期 決算説明会資料」の一部訂正について
[backfill][DOC CACHE HIT] 7044 2026-08-17 696文字 （訂正）「2026年12月期第２四半期（中間期）決算補足資料」の一部訂正について
[backfill][DOC CACHE HIT] 9439 2026-08-17 1,576文字 通期連結業績予想値と実績値との差異に関するお知らせ
[backfill][DOC CACHE HIT] 9439 2026-08-17 25,306文字 2026年6月期　決算短信〔日本基準〕（連結）
[backfill][DOC CACHE HIT] 9439 2026-08-17 1,166文字 剰余金の配当（無配）に関するお知らせ
[backfill][DOC CACHE HIT] 5251 2026-08-17 2,468文字 （再登録）「中間決算説明資料の開示に関するお知らせ」の再登録について
[backfill][DOC CACHE HIT] 6195 2026-08-17 31,592文字 （訂正・数値データ訂正）「2026年３月期　決算短信〔日本基準〕（連結）」の一部
[backfill][DOC CACHE HIT] 7042 2026-08-17 4,066文字 2027年３月期第１四半期決算説明資料
[backfill][DOC CACHE HIT] 8964 2026-08-17 37,819文字 2026年6月期　決算短信（ＲＥＩＴ）
[backfill][DOC CACHE HIT] 7177 2026-08-17 3,192文字 2026年７月の月次業績（速報）に関するお知らせ
[backfill][DOC CACHE HIT] 3168 2026-08-17 1,149文字 特別配当および期末配当予想の修正に関するお知らせ
[backfill][DOC CACHE HIT] 367A 2026-08-17 500文字 連結子会社からの剰余金の配当受領に関するお知らせ
[backfill][DOC CACHE HIT] 4484 2026-08-17 6,345文字 2027年３月期 第１四半期決算説明会レポート（書き起こし）
[backfill][DOC CACHE HIT] 4651 2026-08-17 9,960文字 2027年３月期　第１四半期決算短信〔日本基準〕（連結）
[backfill][DOC CACHE HIT] 4651 2026-08-17 21,202文字 2027年３月期　第１四半期決算説明資料
[backfill][DOC CACHE HIT] 5242 2026-08-17 1,063文字 2026年12月期第２四半期決算説明会 質疑応答（要旨）
[backfill][DOC CACHE HIT] 7069 2026-08-17 675文字 （訂正）「2026年9月期 第3四半期決算説明資料」の一部訂正について
[backfill][DOC CACHE HIT] 8951 2026-08-17 39,641文字 2026年６月期　決算短信（ＲＥＩＴ）
[backfill][DOC CACHE HIT] 8951 2026-08-17 9,069文字 2026年６月期_決算概要
[backfill][DOC CACHE HIT] 8955 2026-08-17 42,496文字 2026年6月期　決算短信（ＲＥＩＴ）
[backfill][DOC CACHE HIT] 8955 2026-08-17 48,751文字 2026年6月期（第49期）決算説明資料
[backfill][DOC CACHE HIT] 9284 2026-08-17 50,474文字 2026年６月期 決算短信（インフラファンド）
[backfill][DOC CACHE HIT] 2461 2026-08-17 3,208文字 2026年12月期7月度 月次業績速報のお知らせ
[backfill][DOC CACHE HIT] 264A 2026-08-17 891文字 （訂正）「2026年９月期第３四半期決算説明資料」の一部訂正について
[backfill][DOC CACHE HIT] 5632 2026-08-17 559文字 連結子会社からの配当金受領に関するお知らせ
[backfill][DOC CACHE HIT] 2927 2026-08-17 733文字 2026年8月期 期末配当予想の増配に関するお知らせ
[backfill][DOC CACHE HIT] 6061 2026-08-17 1,101文字 （訂正・数値データ訂正）「令和８年６月期　決算短信〔日本基準〕(連結)」の一部訂
[backfill][DOC CACHE HIT] 2991 2026-08-17 1,105文字 2026年７月度　月次業績速報
[backfill][DOC CACHE HIT] 4574 2026-08-17 11,096文字 2026年12月期(FY2026)第２四半期(中間期)連結決算報告
[backfill][DOC CACHE HIT] 4018 2026-08-17 510文字 （訂正）「2026年6月期　決算短信〔日本基準〕（非連結）」の一部訂正に関するお
[backfill][DOC CACHE HIT] 8705 2026-08-17 2,394文字 2026年７月の月次業績等（速報）に関するお知らせ
[backfill][DOC CACHE HIT] 8798 2026-08-17 18,713文字 （訂正・数値データ訂正）「2025年9月期 第1四半期決算短信〔日本基準〕（連結
[backfill][DOC CACHE HIT] 9162 2026-08-17 606文字 （訂正）「2026年６月期 通期連結決算説明資料」の一部訂正について
[backfill][DOC CACHE HIT] 3445 2026-08-17 15,223文字 2026年12月期第２四半期 決算説明会 書き起こし公開のお知らせ
[backfill][DOC CACHE HIT] 319A 2026-08-17 4,923文字 Q&A 2026年12月期第2四半期決算説明
[backfill][XBRL TRY] 9284 https://www.release.tdnet.info/inbs/081220260817521739.zip
[backfill][XBRL TRY] 9284 https://www.release.tdnet.info/inbs/091220260817521739.zip
[backfill][XBRL TRY] 9284 https://www2.jpx.co.jp/disc/92840/081220260817521739.zip
[backfill][XBRL TRY] 9284 https://www2.jpx.co.jp/disc/92840/091220260817521739.zip
[backfill][XBRL TRY] 482A https://www.release.tdnet.info/inbs/081220260817521628.zip
[backfill][XBRL TRY] 482A https://www.release.tdnet.info/inbs/091220260817521628.zip
[backfill][XBRL TRY] 482A https://www2.jpx.co.jp/disc/482A0/081220260817521628.zip
[backfill][XBRL TRY] 482A https://www2.jpx.co.jp/disc/482A0/091220260817521628.zip
[backfill][XBRL TRY] 5534 https://www.release.tdnet.info/inbs/081220260817521941.zip
[backfill][XBRL TRY] 5534 https://www.release.tdnet.info/inbs/091220260817521941.zip
[backfill][XBRL TRY] 5534 https://www2.jpx.co.jp/disc/55340/081220260817521941.zip
[backfill][XBRL TRY] 5534 https://www2.jpx.co.jp/disc/55340/091220260817521941.zip
[backfill][XBRL TRY] 482A https://www.release.tdnet.info/inbs/081220260817522088.zip
[backfill][XBRL TRY] 482A https://www.release.tdnet.info/inbs/091220260817522088.zip
[backfill][XBRL TRY] 482A https://www2.jpx.co.jp/disc/482A0/081220260817522088.zip
[backfill][XBRL TRY] 482A https://www2.jpx.co.jp/disc/482A0/091220260817522088.zip
[forecast_history] 対象=8 initial=4 revision=0 achievement=0 unresolved=6
[OK] 決算:25件, 増資:8件, TOB:2件, 本文:43件, 予想初期:4件, 予想修正:0件, 達成履歴更新:0件 をDBに保存しました。
=== fetch_all: 完全成功 ===
===== 2026-08-18T12:20:56 END status=success rc=0 =====


===== 2026-08-18T12:30:00 START C:\Users\sasit\AppData\Local\Programs\Python\Python310\pythonw.exe D:\kabu\main\1-スクリーニング自動化プログラム\main\fetch_all.py =====
=== fetch_all: TDnetデータ収集開始 ===
[backfill][DOC CACHE HIT] 9941 2026-08-18 4,037文字 2026年９月期 ７月度　月次業績（売上高）速報
[backfill][DOC CACHE HIT] 4320 2026-08-18 3,984文字 （訂正）「2026年９月期第３四半期決算短信〔日本基準〕（連結）」の一部訂正につ
[backfill][DOC CACHE HIT] 8304 2026-08-18 1,262文字 2027年3月期 第1四半期 自己資本比率について
[backfill][DOC CACHE HIT] 8951 2026-08-18 31,497文字 2026年６月期（第50期）決算説明会資料
[backfill][DOC CACHE HIT] 3660 2026-08-18 5,402文字 2026年６月期通期 決算説明会における質疑応答
[backfill][DOC CACHE HIT] 482A 2026-08-17 1,051文字 「2026年8月期業績予想の修正に関するお知らせ」の再掲載について
[backfill][DOC CACHE HIT] 4019 2026-08-17 26,197文字 2026年12月期 第2四半期決算説明会書き起こし
[backfill][SOURCE 1/3] 2026-08-17 2026年8月期業績予想の修正に関するお知らせ
[backfill][TRY 1/3] 2026-08-17 2026年8月期業績予想の修正に関するお知らせ https://webapi.yanoshin.jp/rd.php?https://www.release.tdnet.info/inbs/140120260817521628.pdf
[backfill][UNUSABLE] 2026-08-17 2026年8月期業績予想の修正に関するお知らせ ctype=application/pdf bytes=100,551
[backfill][TRY 2/3] 2026-08-17 2026年8月期業績予想の修正に関するお知らせ http://webapi.yanoshin.jp/rd.php?https://www.release.tdnet.info/inbs/140120260817521628.pdf
[backfill][UNUSABLE] 2026-08-17 2026年8月期業績予想の修正に関するお知らせ ctype=application/pdf bytes=100,551
[backfill][TRY 3/3] 2026-08-17 2026年8月期業績予想の修正に関するお知らせ https://www.release.tdnet.info/inbs/140120260817521628.pdf
[backfill][UNUSABLE] 2026-08-17 2026年8月期業績予想の修正に関するお知らせ ctype=application/pdf bytes=100,551
[backfill][JPX FAST 2/3] 2026-08-17 2026年8月期業績予想の修正に関するお知らせ https://www2.jpx.co.jp/disc/482A0/140120260817521628.pdf
[backfill][TRY 1/1] 2026-08-17 2026年8月期業績予想の修正に関するお知らせ https://www2.jpx.co.jp/disc/482A0/140120260817521628.pdf
[backfill][HTTP 404] 2026-08-17 2026年8月期業績予想の修正に関するお知らせ
[backfill][SOURCE 3/3] 2026-08-17 2026年8月期業績予想の修正に関するお知らせ
[backfill][SKIP FAILCACHE] 2026-08-17 2026年8月期業績予想の修正に関するお知らせ https://www.release.tdnet.info/inbs/140120260817521628.pdf
[backfill][TRY 2/2] 2026-08-17 2026年8月期業績予想の修正に関するお知らせ http://www.release.tdnet.info/inbs/140120260817521628.pdf
[backfill][TIMEOUT 5s] 2026-08-17 2026年8月期業績予想の修正に関するお知らせ
[backfill][DOC EMPTY] 482A 2026-08-17 17:00:00 2026年8月期業績予想の修正に関するお知らせ raw=https://webapi.yanoshin.jp/rd.php?https://www.release.tdnet.info/inbs/140120260817521
[backfill][DOC CACHE HIT] 5534 2026-08-17 1,123文字 通期連結業績予想の修正に関するお知らせ
[backfill][DOC CACHE HIT] 6036 2026-08-17 28,949文字 （訂正）「2026年6月期第2四半期 決算説明会資料」の一部訂正について
[backfill][DOC CACHE HIT] 7044 2026-08-17 696文字 （訂正）「2026年12月期第２四半期（中間期）決算補足資料」の一部訂正について
[backfill][DOC CACHE HIT] 9439 2026-08-17 1,576文字 通期連結業績予想値と実績値との差異に関するお知らせ
[backfill][DOC CACHE HIT] 9439 2026-08-17 25,306文字 2026年6月期　決算短信〔日本基準〕（連結）
[backfill][DOC CACHE HIT] 9439 2026-08-17 1,166文字 剰余金の配当（無配）に関するお知らせ
[backfill][DOC CACHE HIT] 5251 2026-08-17 2,468文字 （再登録）「中間決算説明資料の開示に関するお知らせ」の再登録について
[backfill][DOC CACHE HIT] 6195 2026-08-17 31,592文字 （訂正・数値データ訂正）「2026年３月期　決算短信〔日本基準〕（連結）」の一部
[backfill][DOC CACHE HIT] 7042 2026-08-17 4,066文字 2027年３月期第１四半期決算説明資料
[backfill][DOC CACHE HIT] 8964 2026-08-17 37,819文字 2026年6月期　決算短信（ＲＥＩＴ）
[backfill][DOC CACHE HIT] 7177 2026-08-17 3,192文字 2026年７月の月次業績（速報）に関するお知らせ
[backfill][DOC CACHE HIT] 3168 2026-08-17 1,149文字 特別配当および期末配当予想の修正に関するお知らせ
[backfill][DOC CACHE HIT] 367A 2026-08-17 500文字 連結子会社からの剰余金の配当受領に関するお知らせ
[backfill][DOC CACHE HIT] 4484 2026-08-17 6,345文字 2027年３月期 第１四半期決算説明会レポート（書き起こし）
[backfill][DOC CACHE HIT] 4651 2026-08-17 9,960文字 2027年３月期　第１四半期決算短信〔日本基準〕（連結）
[backfill][DOC CACHE HIT] 4651 2026-08-17 21,202文字 2027年３月期　第１四半期決算説明資料
[backfill][DOC CACHE HIT] 5242 2026-08-17 1,063文字 2026年12月期第２四半期決算説明会 質疑応答（要旨）
[backfill][DOC CACHE HIT] 7069 2026-08-17 675文字 （訂正）「2026年9月期 第3四半期決算説明資料」の一部訂正について
[backfill][DOC CACHE HIT] 8951 2026-08-17 39,641文字 2026年６月期　決算短信（ＲＥＩＴ）
[backfill][DOC CACHE HIT] 8951 2026-08-17 9,069文字 2026年６月期_決算概要
[backfill][DOC CACHE HIT] 8955 2026-08-17 42,496文字 2026年6月期　決算短信（ＲＥＩＴ）
[backfill][DOC CACHE HIT] 8955 2026-08-17 48,751文字 2026年6月期（第49期）決算説明資料
[backfill][DOC CACHE HIT] 9284 2026-08-17 50,474文字 2026年６月期 決算短信（インフラファンド）
[backfill][DOC CACHE HIT] 2461 2026-08-17 3,208文字 2026年12月期7月度 月次業績速報のお知らせ
[backfill][DOC CACHE HIT] 264A 2026-08-17 891文字 （訂正）「2026年９月期第３四半期決算説明資料」の一部訂正について
[backfill][DOC CACHE HIT] 5632 2026-08-17 559文字 連結子会社からの配当金受領に関するお知らせ
[backfill][DOC CACHE HIT] 2927 2026-08-17 733文字 2026年8月期 期末配当予想の増配に関するお知らせ
[backfill][DOC CACHE HIT] 6061 2026-08-17 1,101文字 （訂正・数値データ訂正）「令和８年６月期　決算短信〔日本基準〕(連結)」の一部訂
[backfill][DOC CACHE HIT] 2991 2026-08-17 1,105文字 2026年７月度　月次業績速報
[backfill][DOC CACHE HIT] 4574 2026-08-17 11,096文字 2026年12月期(FY2026)第２四半期(中間期)連結決算報告
[backfill][DOC CACHE HIT] 4018 2026-08-17 510文字 （訂正）「2026年6月期　決算短信〔日本基準〕（非連結）」の一部訂正に関するお
[backfill][DOC CACHE HIT] 8705 2026-08-17 2,394文字 2026年７月の月次業績等（速報）に関するお知らせ
[backfill][DOC CACHE HIT] 8798 2026-08-17 18,713文字 （訂正・数値データ訂正）「2025年9月期 第1四半期決算短信〔日本基準〕（連結
[backfill][DOC CACHE HIT] 9162 2026-08-17 606文字 （訂正）「2026年６月期 通期連結決算説明資料」の一部訂正について
[backfill][DOC CACHE HIT] 3445 2026-08-17 15,223文字 2026年12月期第２四半期 決算説明会 書き起こし公開のお知らせ
[backfill][DOC CACHE HIT] 319A 2026-08-17 4,923文字 Q&A 2026年12月期第2四半期決算説明
[backfill][XBRL TRY] 9284 https://www.release.tdnet.info/inbs/081220260817521739.zip
[backfill][XBRL TRY] 9284 https://www.release.tdnet.info/inbs/091220260817521739.zip
[backfill][XBRL TRY] 9284 https://www2.jpx.co.jp/disc/92840/081220260817521739.zip
[backfill][XBRL TRY] 9284 https://www2.jpx.co.jp/disc/92840/091220260817521739.zip
[backfill][XBRL TRY] 482A https://www.release.tdnet.info/inbs/081220260817521628.zip
[backfill][XBRL TRY] 482A https://www.release.tdnet.info/inbs/091220260817521628.zip
[backfill][XBRL TRY] 482A https://www2.jpx.co.jp/disc/482A0/081220260817521628.zip
[backfill][XBRL TRY] 482A https://www2.jpx.co.jp/disc/482A0/091220260817521628.zip
[backfill][XBRL TRY] 5534 https://www.release.tdnet.info/inbs/081220260817521941.zip
[backfill][XBRL TRY] 5534 https://www.release.tdnet.info/inbs/091220260817521941.zip
[backfill][XBRL TRY] 5534 https://www2.jpx.co.jp/disc/55340/081220260817521941.zip
[backfill][XBRL TRY] 5534 https://www2.jpx.co.jp/disc/55340/091220260817521941.zip
[backfill][XBRL TRY] 482A https://www.release.tdnet.info/inbs/081220260817522088.zip
[backfill][XBRL TRY] 482A https://www.release.tdnet.info/inbs/091220260817522088.zip
[backfill][XBRL TRY] 482A https://www2.jpx.co.jp/disc/482A0/081220260817522088.zip
[backfill][XBRL TRY] 482A https://www2.jpx.co.jp/disc/482A0/091220260817522088.zip
[forecast_history] 対象=8 initial=4 revision=0 achievement=0 unresolved=6
[OK] 決算:25件, 増資:8件, TOB:2件, 本文:43件, 予想初期:4件, 予想修正:0件, 達成履歴更新:0件 をDBに保存しました。
=== fetch_all: 完全成功 ===
===== 2026-08-18T12:31:00 END status=success rc=0 =====


===== 2026-08-18T12:40:00 START C:\Users\sasit\AppData\Local\Programs\Python\Python310\pythonw.exe D:\kabu\main\1-スクリーニング自動化プログラム\main\fetch_all.py =====
=== fetch_all: TDnetデータ収集開始 ===
[backfill][DOC CACHE HIT] 9941 2026-08-18 4,037文字 2026年９月期 ７月度　月次業績（売上高）速報
[backfill][DOC CACHE HIT] 4320 2026-08-18 3,984文字 （訂正）「2026年９月期第３四半期決算短信〔日本基準〕（連結）」の一部訂正につ
[backfill][DOC CACHE HIT] 8304 2026-08-18 1,262文字 2027年3月期 第1四半期 自己資本比率について
[backfill][DOC CACHE HIT] 8951 2026-08-18 31,497文字 2026年６月期（第50期）決算説明会資料
[backfill][DOC CACHE HIT] 3660 2026-08-18 5,402文字 2026年６月期通期 決算説明会における質疑応答
[backfill][DOC CACHE HIT] 482A 2026-08-17 1,051文字 「2026年8月期業績予想の修正に関するお知らせ」の再掲載について
[backfill][DOC CACHE HIT] 4019 2026-08-17 26,197文字 2026年12月期 第2四半期決算説明会書き起こし
[backfill][SOURCE 1/3] 2026-08-17 2026年8月期業績予想の修正に関するお知らせ
[backfill][TRY 1/3] 2026-08-17 2026年8月期業績予想の修正に関するお知らせ https://webapi.yanoshin.jp/rd.php?https://www.release.tdnet.info/inbs/140120260817521628.pdf
[backfill][UNUSABLE] 2026-08-17 2026年8月期業績予想の修正に関するお知らせ ctype=application/pdf bytes=100,551
[backfill][TRY 2/3] 2026-08-17 2026年8月期業績予想の修正に関するお知らせ http://webapi.yanoshin.jp/rd.php?https://www.release.tdnet.info/inbs/140120260817521628.pdf
[backfill][UNUSABLE] 2026-08-17 2026年8月期業績予想の修正に関するお知らせ ctype=application/pdf bytes=100,551
[backfill][TRY 3/3] 2026-08-17 2026年8月期業績予想の修正に関するお知らせ https://www.release.tdnet.info/inbs/140120260817521628.pdf
[backfill][UNUSABLE] 2026-08-17 2026年8月期業績予想の修正に関するお知らせ ctype=application/pdf bytes=100,551
[backfill][JPX FAST 2/3] 2026-08-17 2026年8月期業績予想の修正に関するお知らせ https://www2.jpx.co.jp/disc/482A0/140120260817521628.pdf
[backfill][TRY 1/1] 2026-08-17 2026年8月期業績予想の修正に関するお知らせ https://www2.jpx.co.jp/disc/482A0/140120260817521628.pdf
[backfill][HTTP 404] 2026-08-17 2026年8月期業績予想の修正に関するお知らせ
[backfill][SOURCE 3/3] 2026-08-17 2026年8月期業績予想の修正に関するお知らせ
[backfill][SKIP FAILCACHE] 2026-08-17 2026年8月期業績予想の修正に関するお知らせ https://www.release.tdnet.info/inbs/140120260817521628.pdf
[backfill][TRY 2/2] 2026-08-17 2026年8月期業績予想の修正に関するお知らせ http://www.release.tdnet.info/inbs/140120260817521628.pdf
[backfill][TIMEOUT 5s] 2026-08-17 2026年8月期業績予想の修正に関するお知らせ
[backfill][DOC EMPTY] 482A 2026-08-17 17:00:00 2026年8月期業績予想の修正に関するお知らせ raw=https://webapi.yanoshin.jp/rd.php?https://www.release.tdnet.info/inbs/140120260817521
[backfill][DOC CACHE HIT] 5534 2026-08-17 1,123文字 通期連結業績予想の修正に関するお知らせ
[backfill][DOC CACHE HIT] 6036 2026-08-17 28,949文字 （訂正）「2026年6月期第2四半期 決算説明会資料」の一部訂正について
[backfill][DOC CACHE HIT] 7044 2026-08-17 696文字 （訂正）「2026年12月期第２四半期（中間期）決算補足資料」の一部訂正について
[backfill][DOC CACHE HIT] 9439 2026-08-17 1,576文字 通期連結業績予想値と実績値との差異に関するお知らせ
[backfill][DOC CACHE HIT] 9439 2026-08-17 25,306文字 2026年6月期　決算短信〔日本基準〕（連結）
[backfill][DOC CACHE HIT] 9439 2026-08-17 1,166文字 剰余金の配当（無配）に関するお知らせ
[backfill][DOC CACHE HIT] 5251 2026-08-17 2,468文字 （再登録）「中間決算説明資料の開示に関するお知らせ」の再登録について
[backfill][DOC CACHE HIT] 6195 2026-08-17 31,592文字 （訂正・数値データ訂正）「2026年３月期　決算短信〔日本基準〕（連結）」の一部
[backfill][DOC CACHE HIT] 7042 2026-08-17 4,066文字 2027年３月期第１四半期決算説明資料
[backfill][DOC CACHE HIT] 8964 2026-08-17 37,819文字 2026年6月期　決算短信（ＲＥＩＴ）
[backfill][DOC CACHE HIT] 7177 2026-08-17 3,192文字 2026年７月の月次業績（速報）に関するお知らせ
[backfill][DOC CACHE HIT] 3168 2026-08-17 1,149文字 特別配当および期末配当予想の修正に関するお知らせ
[backfill][DOC CACHE HIT] 367A 2026-08-17 500文字 連結子会社からの剰余金の配当受領に関するお知らせ
[backfill][DOC CACHE HIT] 4484 2026-08-17 6,345文字 2027年３月期 第１四半期決算説明会レポート（書き起こし）
[backfill][DOC CACHE HIT] 4651 2026-08-17 9,960文字 2027年３月期　第１四半期決算短信〔日本基準〕（連結）
[backfill][DOC CACHE HIT] 4651 2026-08-17 21,202文字 2027年３月期　第１四半期決算説明資料
[backfill][DOC CACHE HIT] 5242 2026-08-17 1,063文字 2026年12月期第２四半期決算説明会 質疑応答（要旨）
[backfill][DOC CACHE HIT] 7069 2026-08-17 675文字 （訂正）「2026年9月期 第3四半期決算説明資料」の一部訂正について
[backfill][DOC CACHE HIT] 8951 2026-08-17 39,641文字 2026年６月期　決算短信（ＲＥＩＴ）
[backfill][DOC CACHE HIT] 8951 2026-08-17 9,069文字 2026年６月期_決算概要
[backfill][DOC CACHE HIT] 8955 2026-08-17 42,496文字 2026年6月期　決算短信（ＲＥＩＴ）
[backfill][DOC CACHE HIT] 8955 2026-08-17 48,751文字 2026年6月期（第49期）決算説明資料
[backfill][DOC CACHE HIT] 9284 2026-08-17 50,474文字 2026年６月期 決算短信（インフラファンド）
[backfill][DOC CACHE HIT] 2461 2026-08-17 3,208文字 2026年12月期7月度 月次業績速報のお知らせ
[backfill][DOC CACHE HIT] 264A 2026-08-17 891文字 （訂正）「2026年９月期第３四半期決算説明資料」の一部訂正について
[backfill][DOC CACHE HIT] 5632 2026-08-17 559文字 連結子会社からの配当金受領に関するお知らせ
[backfill][DOC CACHE HIT] 2927 2026-08-17 733文字 2026年8月期 期末配当予想の増配に関するお知らせ
[backfill][DOC CACHE HIT] 6061 2026-08-17 1,101文字 （訂正・数値データ訂正）「令和８年６月期　決算短信〔日本基準〕(連結)」の一部訂
[backfill][DOC CACHE HIT] 2991 2026-08-17 1,105文字 2026年７月度　月次業績速報
[backfill][DOC CACHE HIT] 4574 2026-08-17 11,096文字 2026年12月期(FY2026)第２四半期(中間期)連結決算報告
[backfill][DOC CACHE HIT] 4018 2026-08-17 510文字 （訂正）「2026年6月期　決算短信〔日本基準〕（非連結）」の一部訂正に関するお
[backfill][DOC CACHE HIT] 8705 2026-08-17 2,394文字 2026年７月の月次業績等（速報）に関するお知らせ
[backfill][DOC CACHE HIT] 8798 2026-08-17 18,713文字 （訂正・数値データ訂正）「2025年9月期 第1四半期決算短信〔日本基準〕（連結
[backfill][DOC CACHE HIT] 9162 2026-08-17 606文字 （訂正）「2026年６月期 通期連結決算説明資料」の一部訂正について
[backfill][DOC CACHE HIT] 3445 2026-08-17 15,223文字 2026年12月期第２四半期 決算説明会 書き起こし公開のお知らせ
[backfill][DOC CACHE HIT] 319A 2026-08-17 4,923文字 Q&A 2026年12月期第2四半期決算説明
[backfill][XBRL TRY] 9284 https://www.release.tdnet.info/inbs/081220260817521739.zip
[backfill][XBRL TRY] 9284 https://www.release.tdnet.info/inbs/091220260817521739.zip
[backfill][XBRL TRY] 9284 https://www2.jpx.co.jp/disc/92840/081220260817521739.zip
[backfill][XBRL TRY] 9284 https://www2.jpx.co.jp/disc/92840/091220260817521739.zip
[backfill][XBRL TRY] 482A https://www.release.tdnet.info/inbs/081220260817521628.zip
[backfill][XBRL TRY] 482A https://www.release.tdnet.info/inbs/091220260817521628.zip
[backfill][XBRL TRY] 482A https://www2.jpx.co.jp/disc/482A0/081220260817521628.zip
[backfill][XBRL TRY] 482A https://www2.jpx.co.jp/disc/482A0/091220260817521628.zip
[backfill][XBRL TRY] 5534 https://www.release.tdnet.info/inbs/081220260817521941.zip
[backfill][XBRL TRY] 5534 https://www.release.tdnet.info/inbs/091220260817521941.zip
[backfill][XBRL TRY] 5534 https://www2.jpx.co.jp/disc/55340/081220260817521941.zip
[backfill][XBRL TRY] 5534 https://www2.jpx.co.jp/disc/55340/091220260817521941.zip
[backfill][XBRL TRY] 482A https://www.release.tdnet.info/inbs/081220260817522088.zip
[backfill][XBRL TRY] 482A https://www.release.tdnet.info/inbs/091220260817522088.zip
[backfill][XBRL TRY] 482A https://www2.jpx.co.jp/disc/482A0/081220260817522088.zip
[backfill][XBRL TRY] 482A https://www2.jpx.co.jp/disc/482A0/091220260817522088.zip
[forecast_history] 対象=8 initial=4 revision=0 achievement=0 unresolved=6
[OK] 決算:25件, 増資:8件, TOB:2件, 本文:43件, 予想初期:4件, 予想修正:0件, 達成履歴更新:0件 をDBに保存しました。
=== fetch_all: 完全成功 ===
===== 2026-08-18T12:41:00 END status=success rc=0 =====


===== 2026-08-18T12:50:00 START C:\Users\sasit\AppData\Local\Programs\Python\Python310\pythonw.exe D:\kabu\main\1-スクリーニング自動化プログラム\main\fetch_all.py =====
=== fetch_all: TDnetデータ収集開始 ===
[backfill][SOURCE 1/3] 2026-08-18 (訂正）「2027年３月期  第１四半期決算説明資料」の一部訂正について
[backfill][TRY 1/3] 2026-08-18 (訂正）「2027年３月期  第１四半期決算説明資料」の一部訂正について https://webapi.yanoshin.jp/rd.php?https://www.release.tdnet.info/inbs/140120260817522059.pdf
[backfill][URL OK] 2026-08-18 (訂正）「2027年３月期  第１四半期決算説明資料」の一部訂正について pdf 32,813文字
[backfill][DOC OK] 2681 2026-08-18 pdf 32,813文字 (訂正）「2027年３月期  第１四半期決算説明資料」の一部訂正について
[backfill][DOC CACHE HIT] 9941 2026-08-18 4,037文字 2026年９月期 ７月度　月次業績（売上高）速報
[backfill][DOC CACHE HIT] 4320 2026-08-18 3,984文字 （訂正）「2026年９月期第３四半期決算短信〔日本基準〕（連結）」の一部訂正につ
[backfill][DOC CACHE HIT] 8304 2026-08-18 1,262文字 2027年3月期 第1四半期 自己資本比率について
[backfill][DOC CACHE HIT] 8951 2026-08-18 31,497文字 2026年６月期（第50期）決算説明会資料
[backfill][DOC CACHE HIT] 3660 2026-08-18 5,402文字 2026年６月期通期 決算説明会における質疑応答
[backfill][DOC CACHE HIT] 482A 2026-08-17 1,051文字 「2026年8月期業績予想の修正に関するお知らせ」の再掲載について
[backfill][DOC CACHE HIT] 4019 2026-08-17 26,197文字 2026年12月期 第2四半期決算説明会書き起こし
[backfill][SOURCE 1/3] 2026-08-17 2026年8月期業績予想の修正に関するお知らせ
[backfill][TRY 1/3] 2026-08-17 2026年8月期業績予想の修正に関するお知らせ https://webapi.yanoshin.jp/rd.php?https://www.release.tdnet.info/inbs/140120260817521628.pdf
[backfill][UNUSABLE] 2026-08-17 2026年8月期業績予想の修正に関するお知らせ ctype=application/pdf bytes=100,551
[backfill][TRY 2/3] 2026-08-17 2026年8月期業績予想の修正に関するお知らせ http://webapi.yanoshin.jp/rd.php?https://www.release.tdnet.info/inbs/140120260817521628.pdf
[backfill][UNUSABLE] 2026-08-17 2026年8月期業績予想の修正に関するお知らせ ctype=application/pdf bytes=100,551
[backfill][TRY 3/3] 2026-08-17 2026年8月期業績予想の修正に関するお知らせ https://www.release.tdnet.info/inbs/140120260817521628.pdf
[backfill][UNUSABLE] 2026-08-17 2026年8月期業績予想の修正に関するお知らせ ctype=application/pdf bytes=100,551
[backfill][JPX FAST 2/3] 2026-08-17 2026年8月期業績予想の修正に関するお知らせ https://www2.jpx.co.jp/disc/482A0/140120260817521628.pdf
[backfill][TRY 1/1] 2026-08-17 2026年8月期業績予想の修正に関するお知らせ https://www2.jpx.co.jp/disc/482A0/140120260817521628.pdf
[backfill][HTTP 404] 2026-08-17 2026年8月期業績予想の修正に関するお知らせ
[backfill][SOURCE 3/3] 2026-08-17 2026年8月期業績予想の修正に関するお知らせ
[backfill][SKIP FAILCACHE] 2026-08-17 2026年8月期業績予想の修正に関するお知らせ https://www.release.tdnet.info/inbs/140120260817521628.pdf
[backfill][TRY 2/2] 2026-08-17 2026年8月期業績予想の修正に関するお知らせ http://www.release.tdnet.info/inbs/140120260817521628.pdf
[backfill][TIMEOUT 5s] 2026-08-17 2026年8月期業績予想の修正に関するお知らせ
[backfill][DOC EMPTY] 482A 2026-08-17 17:00:00 2026年8月期業績予想の修正に関するお知らせ raw=https://webapi.yanoshin.jp/rd.php?https://www.release.tdnet.info/inbs/140120260817521
[backfill][DOC CACHE HIT] 5534 2026-08-17 1,123文字 通期連結業績予想の修正に関するお知らせ
[backfill][DOC CACHE HIT] 6036 2026-08-17 28,949文字 （訂正）「2026年6月期第2四半期 決算説明会資料」の一部訂正について
[backfill][DOC CACHE HIT] 7044 2026-08-17 696文字 （訂正）「2026年12月期第２四半期（中間期）決算補足資料」の一部訂正について
[backfill][DOC CACHE HIT] 9439 2026-08-17 1,576文字 通期連結業績予想値と実績値との差異に関するお知らせ
[backfill][DOC CACHE HIT] 9439 2026-08-17 25,306文字 2026年6月期　決算短信〔日本基準〕（連結）
[backfill][DOC CACHE HIT] 9439 2026-08-17 1,166文字 剰余金の配当（無配）に関するお知らせ
[backfill][DOC CACHE HIT] 5251 2026-08-17 2,468文字 （再登録）「中間決算説明資料の開示に関するお知らせ」の再登録について
[backfill][DOC CACHE HIT] 6195 2026-08-17 31,592文字 （訂正・数値データ訂正）「2026年３月期　決算短信〔日本基準〕（連結）」の一部
[backfill][DOC CACHE HIT] 7042 2026-08-17 4,066文字 2027年３月期第１四半期決算説明資料
[backfill][DOC CACHE HIT] 8964 2026-08-17 37,819文字 2026年6月期　決算短信（ＲＥＩＴ）
[backfill][DOC CACHE HIT] 7177 2026-08-17 3,192文字 2026年７月の月次業績（速報）に関するお知らせ
[backfill][DOC CACHE HIT] 3168 2026-08-17 1,149文字 特別配当および期末配当予想の修正に関するお知らせ
[backfill][DOC CACHE HIT] 367A 2026-08-17 500文字 連結子会社からの剰余金の配当受領に関するお知らせ
[backfill][DOC CACHE HIT] 4484 2026-08-17 6,345文字 2027年３月期 第１四半期決算説明会レポート（書き起こし）
[backfill][DOC CACHE HIT] 4651 2026-08-17 9,960文字 2027年３月期　第１四半期決算短信〔日本基準〕（連結）
[backfill][DOC CACHE HIT] 4651 2026-08-17 21,202文字 2027年３月期　第１四半期決算説明資料
[backfill][DOC CACHE HIT] 5242 2026-08-17 1,063文字 2026年12月期第２四半期決算説明会 質疑応答（要旨）
[backfill][DOC CACHE HIT] 7069 2026-08-17 675文字 （訂正）「2026年9月期 第3四半期決算説明資料」の一部訂正について
[backfill][DOC CACHE HIT] 8951 2026-08-17 39,641文字 2026年６月期　決算短信（ＲＥＩＴ）
[backfill][DOC CACHE HIT] 8951 2026-08-17 9,069文字 2026年６月期_決算概要
[backfill][DOC CACHE HIT] 8955 2026-08-17 42,496文字 2026年6月期　決算短信（ＲＥＩＴ）
[backfill][DOC CACHE HIT] 8955 2026-08-17 48,751文字 2026年6月期（第49期）決算説明資料
[backfill][DOC CACHE HIT] 9284 2026-08-17 50,474文字 2026年６月期 決算短信（インフラファンド）
[backfill][DOC CACHE HIT] 2461 2026-08-17 3,208文字 2026年12月期7月度 月次業績速報のお知らせ
[backfill][DOC CACHE HIT] 264A 2026-08-17 891文字 （訂正）「2026年９月期第３四半期決算説明資料」の一部訂正について
[backfill][DOC CACHE HIT] 5632 2026-08-17 559文字 連結子会社からの配当金受領に関するお知らせ
[backfill][DOC CACHE HIT] 2927 2026-08-17 733文字 2026年8月期 期末配当予想の増配に関するお知らせ
[backfill][DOC CACHE HIT] 6061 2026-08-17 1,101文字 （訂正・数値データ訂正）「令和８年６月期　決算短信〔日本基準〕(連結)」の一部訂
[backfill][DOC CACHE HIT] 2991 2026-08-17 1,105文字 2026年７月度　月次業績速報
[backfill][DOC CACHE HIT] 4574 2026-08-17 11,096文字 2026年12月期(FY2026)第２四半期(中間期)連結決算報告
[backfill][DOC CACHE HIT] 4018 2026-08-17 510文字 （訂正）「2026年6月期　決算短信〔日本基準〕（非連結）」の一部訂正に関するお
[backfill][DOC CACHE HIT] 8705 2026-08-17 2,394文字 2026年７月の月次業績等（速報）に関するお知らせ
[backfill][DOC CACHE HIT] 8798 2026-08-17 18,713文字 （訂正・数値データ訂正）「2025年9月期 第1四半期決算短信〔日本基準〕（連結
[backfill][DOC CACHE HIT] 9162 2026-08-17 606文字 （訂正）「2026年６月期 通期連結決算説明資料」の一部訂正について
[backfill][DOC CACHE HIT] 3445 2026-08-17 15,223文字 2026年12月期第２四半期 決算説明会 書き起こし公開のお知らせ
[backfill][DOC CACHE HIT] 319A 2026-08-17 4,923文字 Q&A 2026年12月期第2四半期決算説明
[backfill][XBRL TRY] 9284 https://www.release.tdnet.info/inbs/081220260817521739.zip
[backfill][XBRL TRY] 9284 https://www.release.tdnet.info/inbs/091220260817521739.zip
[backfill][XBRL TRY] 9284 https://www2.jpx.co.jp/disc/92840/081220260817521739.zip
[backfill][XBRL TRY] 9284 https://www2.jpx.co.jp/disc/92840/091220260817521739.zip
[backfill][XBRL TRY] 482A https://www.release.tdnet.info/inbs/081220260817521628.zip
[backfill][XBRL TRY] 482A https://www.release.tdnet.info/inbs/091220260817521628.zip
[backfill][XBRL TRY] 482A https://www2.jpx.co.jp/disc/482A0/081220260817521628.zip
[backfill][XBRL TRY] 482A https://www2.jpx.co.jp/disc/482A0/091220260817521628.zip
[backfill][XBRL TRY] 5534 https://www.release.tdnet.info/inbs/081220260817521941.zip
[backfill][XBRL TRY] 5534 https://www.release.tdnet.info/inbs/091220260817521941.zip
[backfill][XBRL TRY] 5534 https://www2.jpx.co.jp/disc/55340/081220260817521941.zip
[backfill][XBRL TRY] 5534 https://www2.jpx.co.jp/disc/55340/091220260817521941.zip
[backfill][XBRL TRY] 482A https://www.release.tdnet.info/inbs/081220260817522088.zip
[backfill][XBRL TRY] 482A https://www.release.tdnet.info/inbs/091220260817522088.zip
[backfill][XBRL TRY] 482A https://www2.jpx.co.jp/disc/482A0/081220260817522088.zip
[backfill][XBRL TRY] 482A https://www2.jpx.co.jp/disc/482A0/091220260817522088.zip
[forecast_history] 対象=8 initial=4 revision=0 achievement=0 unresolved=6
[OK] 決算:25件, 増資:8件, TOB:2件, 本文:44件, 予想初期:4件, 予想修正:0件, 達成履歴更新:0件 をDBに保存しました。
=== fetch_all: 完全成功 ===
===== 2026-08-18T12:51:13 END status=success rc=0 =====


===== 2026-08-18T13:00:00 START C:\Users\sasit\AppData\Local\Programs\Python\Python310\pythonw.exe D:\kabu\main\1-スクリーニング自動化プログラム\main\fetch_all.py =====
=== fetch_all: TDnetデータ収集開始 ===
[backfill][DOC CACHE HIT] 2681 2026-08-18 32,813文字 (訂正）「2027年３月期  第１四半期決算説明資料」の一部訂正について
[backfill][DOC CACHE HIT] 9941 2026-08-18 4,037文字 2026年９月期 ７月度　月次業績（売上高）速報
[backfill][DOC CACHE HIT] 4320 2026-08-18 3,984文字 （訂正）「2026年９月期第３四半期決算短信〔日本基準〕（連結）」の一部訂正につ
[backfill][DOC CACHE HIT] 8304 2026-08-18 1,262文字 2027年3月期 第1四半期 自己資本比率について
[backfill][DOC CACHE HIT] 8951 2026-08-18 31,497文字 2026年６月期（第50期）決算説明会資料
[backfill][DOC CACHE HIT] 3660 2026-08-18 5,402文字 2026年６月期通期 決算説明会における質疑応答
[backfill][DOC CACHE HIT] 482A 2026-08-17 1,051文字 「2026年8月期業績予想の修正に関するお知らせ」の再掲載について
[backfill][DOC CACHE HIT] 4019 2026-08-17 26,197文字 2026年12月期 第2四半期決算説明会書き起こし
[backfill][SOURCE 1/3] 2026-08-17 2026年8月期業績予想の修正に関するお知らせ
[backfill][TRY 1/3] 2026-08-17 2026年8月期業績予想の修正に関するお知らせ https://webapi.yanoshin.jp/rd.php?https://www.release.tdnet.info/inbs/140120260817521628.pdf
[backfill][UNUSABLE] 2026-08-17 2026年8月期業績予想の修正に関するお知らせ ctype=application/pdf bytes=100,551
[backfill][TRY 2/3] 2026-08-17 2026年8月期業績予想の修正に関するお知らせ http://webapi.yanoshin.jp/rd.php?https://www.release.tdnet.info/inbs/140120260817521628.pdf
[backfill][UNUSABLE] 2026-08-17 2026年8月期業績予想の修正に関するお知らせ ctype=application/pdf bytes=100,551
[backfill][TRY 3/3] 2026-08-17 2026年8月期業績予想の修正に関するお知らせ https://www.release.tdnet.info/inbs/140120260817521628.pdf
[backfill][UNUSABLE] 2026-08-17 2026年8月期業績予想の修正に関するお知らせ ctype=application/pdf bytes=100,551
[backfill][JPX FAST 2/3] 2026-08-17 2026年8月期業績予想の修正に関するお知らせ https://www2.jpx.co.jp/disc/482A0/140120260817521628.pdf
[backfill][TRY 1/1] 2026-08-17 2026年8月期業績予想の修正に関するお知らせ https://www2.jpx.co.jp/disc/482A0/140120260817521628.pdf
[backfill][HTTP 404] 2026-08-17 2026年8月期業績予想の修正に関するお知らせ
[backfill][SOURCE 3/3] 2026-08-17 2026年8月期業績予想の修正に関するお知らせ
[backfill][SKIP FAILCACHE] 2026-08-17 2026年8月期業績予想の修正に関するお知らせ https://www.release.tdnet.info/inbs/140120260817521628.pdf
[backfill][TRY 2/2] 2026-08-17 2026年8月期業績予想の修正に関するお知らせ http://www.release.tdnet.info/inbs/140120260817521628.pdf
[backfill][TIMEOUT 5s] 2026-08-17 2026年8月期業績予想の修正に関するお知らせ
[backfill][DOC EMPTY] 482A 2026-08-17 17:00:00 2026年8月期業績予想の修正に関するお知らせ raw=https://webapi.yanoshin.jp/rd.php?https://www.release.tdnet.info/inbs/140120260817521
[backfill][DOC CACHE HIT] 5534 2026-08-17 1,123文字 通期連結業績予想の修正に関するお知らせ
[backfill][DOC CACHE HIT] 6036 2026-08-17 28,949文字 （訂正）「2026年6月期第2四半期 決算説明会資料」の一部訂正について
[backfill][DOC CACHE HIT] 7044 2026-08-17 696文字 （訂正）「2026年12月期第２四半期（中間期）決算補足資料」の一部訂正について
[backfill][DOC CACHE HIT] 9439 2026-08-17 1,576文字 通期連結業績予想値と実績値との差異に関するお知らせ
[backfill][DOC CACHE HIT] 9439 2026-08-17 25,306文字 2026年6月期　決算短信〔日本基準〕（連結）
[backfill][DOC CACHE HIT] 9439 2026-08-17 1,166文字 剰余金の配当（無配）に関するお知らせ
[backfill][DOC CACHE HIT] 5251 2026-08-17 2,468文字 （再登録）「中間決算説明資料の開示に関するお知らせ」の再登録について
[backfill][DOC CACHE HIT] 6195 2026-08-17 31,592文字 （訂正・数値データ訂正）「2026年３月期　決算短信〔日本基準〕（連結）」の一部
[backfill][DOC CACHE HIT] 7042 2026-08-17 4,066文字 2027年３月期第１四半期決算説明資料
[backfill][DOC CACHE HIT] 8964 2026-08-17 37,819文字 2026年6月期　決算短信（ＲＥＩＴ）
[backfill][DOC CACHE HIT] 7177 2026-08-17 3,192文字 2026年７月の月次業績（速報）に関するお知らせ
[backfill][DOC CACHE HIT] 3168 2026-08-17 1,149文字 特別配当および期末配当予想の修正に関するお知らせ
[backfill][DOC CACHE HIT] 367A 2026-08-17 500文字 連結子会社からの剰余金の配当受領に関するお知らせ
[backfill][DOC CACHE HIT] 4484 2026-08-17 6,345文字 2027年３月期 第１四半期決算説明会レポート（書き起こし）
[backfill][DOC CACHE HIT] 4651 2026-08-17 9,960文字 2027年３月期　第１四半期決算短信〔日本基準〕（連結）
[backfill][DOC CACHE HIT] 4651 2026-08-17 21,202文字 2027年３月期　第１四半期決算説明資料
[backfill][DOC CACHE HIT] 5242 2026-08-17 1,063文字 2026年12月期第２四半期決算説明会 質疑応答（要旨）
[backfill][DOC CACHE HIT] 7069 2026-08-17 675文字 （訂正）「2026年9月期 第3四半期決算説明資料」の一部訂正について
[backfill][DOC CACHE HIT] 8951 2026-08-17 39,641文字 2026年６月期　決算短信（ＲＥＩＴ）
[backfill][DOC CACHE HIT] 8951 2026-08-17 9,069文字 2026年６月期_決算概要
[backfill][DOC CACHE HIT] 8955 2026-08-17 42,496文字 2026年6月期　決算短信（ＲＥＩＴ）
[backfill][DOC CACHE HIT] 8955 2026-08-17 48,751文字 2026年6月期（第49期）決算説明資料
[backfill][DOC CACHE HIT] 9284 2026-08-17 50,474文字 2026年６月期 決算短信（インフラファンド）
[backfill][DOC CACHE HIT] 2461 2026-08-17 3,208文字 2026年12月期7月度 月次業績速報のお知らせ
[backfill][DOC CACHE HIT] 264A 2026-08-17 891文字 （訂正）「2026年９月期第３四半期決算説明資料」の一部訂正について
[backfill][DOC CACHE HIT] 5632 2026-08-17 559文字 連結子会社からの配当金受領に関するお知らせ
[backfill][DOC CACHE HIT] 2927 2026-08-17 733文字 2026年8月期 期末配当予想の増配に関するお知らせ
[backfill][DOC CACHE HIT] 6061 2026-08-17 1,101文字 （訂正・数値データ訂正）「令和８年６月期　決算短信〔日本基準〕(連結)」の一部訂
[backfill][DOC CACHE HIT] 2991 2026-08-17 1,105文字 2026年７月度　月次業績速報
[backfill][DOC CACHE HIT] 4574 2026-08-17 11,096文字 2026年12月期(FY2026)第２四半期(中間期)連結決算報告
[backfill][DOC CACHE HIT] 4018 2026-08-17 510文字 （訂正）「2026年6月期　決算短信〔日本基準〕（非連結）」の一部訂正に関するお
[backfill][DOC CACHE HIT] 8705 2026-08-17 2,394文字 2026年７月の月次業績等（速報）に関するお知らせ
[backfill][DOC CACHE HIT] 8798 2026-08-17 18,713文字 （訂正・数値データ訂正）「2025年9月期 第1四半期決算短信〔日本基準〕（連結
[backfill][DOC CACHE HIT] 9162 2026-08-17 606文字 （訂正）「2026年６月期 通期連結決算説明資料」の一部訂正について
[backfill][DOC CACHE HIT] 3445 2026-08-17 15,223文字 2026年12月期第２四半期 決算説明会 書き起こし公開のお知らせ
[backfill][DOC CACHE HIT] 319A 2026-08-17 4,923文字 Q&A 2026年12月期第2四半期決算説明
[backfill][XBRL TRY] 9284 https://www.release.tdnet.info/inbs/081220260817521739.zip
[backfill][XBRL TRY] 9284 https://www.release.tdnet.info/inbs/091220260817521739.zip
[backfill][XBRL TRY] 9284 https://www2.jpx.co.jp/disc/92840/081220260817521739.zip
[backfill][XBRL TRY] 9284 https://www2.jpx.co.jp/disc/92840/091220260817521739.zip
[backfill][XBRL TRY] 482A https://www.release.tdnet.info/inbs/081220260817521628.zip
[backfill][XBRL TRY] 482A https://www.release.tdnet.info/inbs/091220260817521628.zip
[backfill][XBRL TRY] 482A https://www2.jpx.co.jp/disc/482A0/081220260817521628.zip
[backfill][XBRL TRY] 482A https://www2.jpx.co.jp/disc/482A0/091220260817521628.zip
[backfill][XBRL TRY] 5534 https://www.release.tdnet.info/inbs/081220260817521941.zip
[backfill][XBRL TRY] 5534 https://www.release.tdnet.info/inbs/091220260817521941.zip
[backfill][XBRL TRY] 5534 https://www2.jpx.co.jp/disc/55340/081220260817521941.zip
[backfill][XBRL TRY] 5534 https://www2.jpx.co.jp/disc/55340/091220260817521941.zip
[backfill][XBRL TRY] 482A https://www.release.tdnet.info/inbs/081220260817522088.zip
[backfill][XBRL TRY] 482A https://www.release.tdnet.info/inbs/091220260817522088.zip
[backfill][XBRL TRY] 482A https://www2.jpx.co.jp/disc/482A0/081220260817522088.zip
[backfill][XBRL TRY] 482A https://www2.jpx.co.jp/disc/482A0/091220260817522088.zip
[forecast_history] 対象=8 initial=4 revision=0 achievement=0 unresolved=6
[OK] 決算:25件, 増資:8件, TOB:2件, 本文:44件, 予想初期:4件, 予想修正:0件, 達成履歴更新:0件 をDBに保存しました。
=== fetch_all: 完全成功 ===
===== 2026-08-18T13:01:12 END status=success rc=0 =====


===== 2026-08-18T13:10:00 START C:\Users\sasit\AppData\Local\Programs\Python\Python310\pythonw.exe D:\kabu\main\1-スクリーニング自動化プログラム\main\fetch_all.py =====
=== fetch_all: TDnetデータ収集開始 ===
[backfill][DOC CACHE HIT] 2681 2026-08-18 32,813文字 (訂正）「2027年３月期  第１四半期決算説明資料」の一部訂正について
[backfill][DOC CACHE HIT] 9941 2026-08-18 4,037文字 2026年９月期 ７月度　月次業績（売上高）速報
[backfill][DOC CACHE HIT] 4320 2026-08-18 3,984文字 （訂正）「2026年９月期第３四半期決算短信〔日本基準〕（連結）」の一部訂正につ
[backfill][DOC CACHE HIT] 8304 2026-08-18 1,262文字 2027年3月期 第1四半期 自己資本比率について
[backfill][DOC CACHE HIT] 8951 2026-08-18 31,497文字 2026年６月期（第50期）決算説明会資料
[backfill][DOC CACHE HIT] 3660 2026-08-18 5,402文字 2026年６月期通期 決算説明会における質疑応答
[backfill][DOC CACHE HIT] 482A 2026-08-17 1,051文字 「2026年8月期業績予想の修正に関するお知らせ」の再掲載について
[backfill][DOC CACHE HIT] 4019 2026-08-17 26,197文字 2026年12月期 第2四半期決算説明会書き起こし
[backfill][SOURCE 1/3] 2026-08-17 2026年8月期業績予想の修正に関するお知らせ
[backfill][TRY 1/3] 2026-08-17 2026年8月期業績予想の修正に関するお知らせ https://webapi.yanoshin.jp/rd.php?https://www.release.tdnet.info/inbs/140120260817521628.pdf
[backfill][UNUSABLE] 2026-08-17 2026年8月期業績予想の修正に関するお知らせ ctype=application/pdf bytes=100,551
[backfill][TRY 2/3] 2026-08-17 2026年8月期業績予想の修正に関するお知らせ http://webapi.yanoshin.jp/rd.php?https://www.release.tdnet.info/inbs/140120260817521628.pdf
[backfill][UNUSABLE] 2026-08-17 2026年8月期業績予想の修正に関するお知らせ ctype=application/pdf bytes=100,551
[backfill][TRY 3/3] 2026-08-17 2026年8月期業績予想の修正に関するお知らせ https://www.release.tdnet.info/inbs/140120260817521628.pdf
[backfill][UNUSABLE] 2026-08-17 2026年8月期業績予想の修正に関するお知らせ ctype=application/pdf bytes=100,551
[backfill][JPX FAST 2/3] 2026-08-17 2026年8月期業績予想の修正に関するお知らせ https://www2.jpx.co.jp/disc/482A0/140120260817521628.pdf
[backfill][TRY 1/1] 2026-08-17 2026年8月期業績予想の修正に関するお知らせ https://www2.jpx.co.jp/disc/482A0/140120260817521628.pdf
[backfill][HTTP 404] 2026-08-17 2026年8月期業績予想の修正に関するお知らせ
[backfill][SOURCE 3/3] 2026-08-17 2026年8月期業績予想の修正に関するお知らせ
[backfill][SKIP FAILCACHE] 2026-08-17 2026年8月期業績予想の修正に関するお知らせ https://www.release.tdnet.info/inbs/140120260817521628.pdf
[backfill][TRY 2/2] 2026-08-17 2026年8月期業績予想の修正に関するお知らせ http://www.release.tdnet.info/inbs/140120260817521628.pdf
[backfill][TIMEOUT 5s] 2026-08-17 2026年8月期業績予想の修正に関するお知らせ
[backfill][DOC EMPTY] 482A 2026-08-17 17:00:00 2026年8月期業績予想の修正に関するお知らせ raw=https://webapi.yanoshin.jp/rd.php?https://www.release.tdnet.info/inbs/140120260817521
[backfill][DOC CACHE HIT] 5534 2026-08-17 1,123文字 通期連結業績予想の修正に関するお知らせ
[backfill][DOC CACHE HIT] 6036 2026-08-17 28,949文字 （訂正）「2026年6月期第2四半期 決算説明会資料」の一部訂正について
[backfill][DOC CACHE HIT] 7044 2026-08-17 696文字 （訂正）「2026年12月期第２四半期（中間期）決算補足資料」の一部訂正について
[backfill][DOC CACHE HIT] 9439 2026-08-17 1,576文字 通期連結業績予想値と実績値との差異に関するお知らせ
[backfill][DOC CACHE HIT] 9439 2026-08-17 25,306文字 2026年6月期　決算短信〔日本基準〕（連結）
[backfill][DOC CACHE HIT] 9439 2026-08-17 1,166文字 剰余金の配当（無配）に関するお知らせ
[backfill][DOC CACHE HIT] 5251 2026-08-17 2,468文字 （再登録）「中間決算説明資料の開示に関するお知らせ」の再登録について
[backfill][DOC CACHE HIT] 6195 2026-08-17 31,592文字 （訂正・数値データ訂正）「2026年３月期　決算短信〔日本基準〕（連結）」の一部
[backfill][DOC CACHE HIT] 7042 2026-08-17 4,066文字 2027年３月期第１四半期決算説明資料
[backfill][DOC CACHE HIT] 8964 2026-08-17 37,819文字 2026年6月期　決算短信（ＲＥＩＴ）
[backfill][DOC CACHE HIT] 7177 2026-08-17 3,192文字 2026年７月の月次業績（速報）に関するお知らせ
[backfill][DOC CACHE HIT] 3168 2026-08-17 1,149文字 特別配当および期末配当予想の修正に関するお知らせ
[backfill][DOC CACHE HIT] 367A 2026-08-17 500文字 連結子会社からの剰余金の配当受領に関するお知らせ
[backfill][DOC CACHE HIT] 4484 2026-08-17 6,345文字 2027年３月期 第１四半期決算説明会レポート（書き起こし）
[backfill][DOC CACHE HIT] 4651 2026-08-17 9,960文字 2027年３月期　第１四半期決算短信〔日本基準〕（連結）
[backfill][DOC CACHE HIT] 4651 2026-08-17 21,202文字 2027年３月期　第１四半期決算説明資料
[backfill][DOC CACHE HIT] 5242 2026-08-17 1,063文字 2026年12月期第２四半期決算説明会 質疑応答（要旨）
[backfill][DOC CACHE HIT] 7069 2026-08-17 675文字 （訂正）「2026年9月期 第3四半期決算説明資料」の一部訂正について
[backfill][DOC CACHE HIT] 8951 2026-08-17 39,641文字 2026年６月期　決算短信（ＲＥＩＴ）
[backfill][DOC CACHE HIT] 8951 2026-08-17 9,069文字 2026年６月期_決算概要
[backfill][DOC CACHE HIT] 8955 2026-08-17 42,496文字 2026年6月期　決算短信（ＲＥＩＴ）
[backfill][DOC CACHE HIT] 8955 2026-08-17 48,751文字 2026年6月期（第49期）決算説明資料
[backfill][DOC CACHE HIT] 9284 2026-08-17 50,474文字 2026年６月期 決算短信（インフラファンド）
[backfill][DOC CACHE HIT] 2461 2026-08-17 3,208文字 2026年12月期7月度 月次業績速報のお知らせ
[backfill][DOC CACHE HIT] 264A 2026-08-17 891文字 （訂正）「2026年９月期第３四半期決算説明資料」の一部訂正について
[backfill][DOC CACHE HIT] 5632 2026-08-17 559文字 連結子会社からの配当金受領に関するお知らせ
[backfill][DOC CACHE HIT] 2927 2026-08-17 733文字 2026年8月期 期末配当予想の増配に関するお知らせ
[backfill][DOC CACHE HIT] 6061 2026-08-17 1,101文字 （訂正・数値データ訂正）「令和８年６月期　決算短信〔日本基準〕(連結)」の一部訂
[backfill][DOC CACHE HIT] 2991 2026-08-17 1,105文字 2026年７月度　月次業績速報
[backfill][DOC CACHE HIT] 4574 2026-08-17 11,096文字 2026年12月期(FY2026)第２四半期(中間期)連結決算報告
[backfill][DOC CACHE HIT] 4018 2026-08-17 510文字 （訂正）「2026年6月期　決算短信〔日本基準〕（非連結）」の一部訂正に関するお
[backfill][DOC CACHE HIT] 8705 2026-08-17 2,394文字 2026年７月の月次業績等（速報）に関するお知らせ
[backfill][DOC CACHE HIT] 8798 2026-08-17 18,713文字 （訂正・数値データ訂正）「2025年9月期 第1四半期決算短信〔日本基準〕（連結
[backfill][DOC CACHE HIT] 9162 2026-08-17 606文字 （訂正）「2026年６月期 通期連結決算説明資料」の一部訂正について
[backfill][DOC CACHE HIT] 3445 2026-08-17 15,223文字 2026年12月期第２四半期 決算説明会 書き起こし公開のお知らせ
[backfill][DOC CACHE HIT] 319A 2026-08-17 4,923文字 Q&A 2026年12月期第2四半期決算説明
[backfill][XBRL TRY] 9284 https://www.release.tdnet.info/inbs/081220260817521739.zip
[backfill][XBRL TRY] 9284 https://www.release.tdnet.info/inbs/091220260817521739.zip
[backfill][XBRL TRY] 9284 https://www2.jpx.co.jp/disc/92840/081220260817521739.zip
[backfill][XBRL TRY] 9284 https://www2.jpx.co.jp/disc/92840/091220260817521739.zip
[backfill][XBRL TRY] 482A https://www.release.tdnet.info/inbs/081220260817521628.zip
[backfill][XBRL TRY] 482A https://www.release.tdnet.info/inbs/091220260817521628.zip
[backfill][XBRL TRY] 482A https://www2.jpx.co.jp/disc/482A0/081220260817521628.zip
[backfill][XBRL TRY] 482A https://www2.jpx.co.jp/disc/482A0/091220260817521628.zip
[backfill][XBRL TRY] 5534 https://www.release.tdnet.info/inbs/081220260817521941.zip
[backfill][XBRL TRY] 5534 https://www.release.tdnet.info/inbs/091220260817521941.zip
[backfill][XBRL TRY] 5534 https://www2.jpx.co.jp/disc/55340/081220260817521941.zip
[backfill][XBRL TRY] 5534 https://www2.jpx.co.jp/disc/55340/091220260817521941.zip
[backfill][XBRL TRY] 482A https://www.release.tdnet.info/inbs/081220260817522088.zip
[backfill][XBRL TRY] 482A https://www.release.tdnet.info/inbs/091220260817522088.zip
[backfill][XBRL TRY] 482A https://www2.jpx.co.jp/disc/482A0/081220260817522088.zip
[backfill][XBRL TRY] 482A https://www2.jpx.co.jp/disc/482A0/091220260817522088.zip
[forecast_history] 対象=8 initial=4 revision=0 achievement=0 unresolved=6
[OK] 決算:25件, 増資:8件, TOB:2件, 本文:44件, 予想初期:4件, 予想修正:0件, 達成履歴更新:0件 をDBに保存しました。
=== fetch_all: 完全成功 ===
===== 2026-08-18T13:11:00 END status=success rc=0 =====


===== 2026-08-18T13:20:00 START C:\Users\sasit\AppData\Local\Programs\Python\Python310\pythonw.exe D:\kabu\main\1-スクリーニング自動化プログラム\main\fetch_all.py =====
=== fetch_all: TDnetデータ収集開始 ===
[backfill][SOURCE 1/3] 2026-08-18 NEXT FUNDS 日本成長株アクティブ上場投信 決算短信
[backfill][TRY 1/3] 2026-08-18 NEXT FUNDS 日本成長株アクティブ上場投信 決算短信 https://webapi.yanoshin.jp/rd.php?https://www.release.tdnet.info/inbs/140120260818522160.pdf
[backfill][URL OK] 2026-08-18 NEXT FUNDS 日本成長株アクティブ上場投信 決算短信 pdf 16,082文字
[backfill][DOC OK] 2083 2026-08-18 pdf 16,082文字 NEXT FUNDS 日本成長株アクティブ上場投信 決算短信
[backfill][SOURCE 1/3] 2026-08-18 NEXT FUNDS 日本高配当株アクティブ上場投信 決算短信
[backfill][TRY 1/3] 2026-08-18 NEXT FUNDS 日本高配当株アクティブ上場投信 決算短信 https://webapi.yanoshin.jp/rd.php?https://www.release.tdnet.info/inbs/140120260818522182.pdf
[backfill][URL OK] 2026-08-18 NEXT FUNDS 日本高配当株アクティブ上場投信 決算短信 pdf 19,835文字
[backfill][DOC OK] 2084 2026-08-18 pdf 19,835文字 NEXT FUNDS 日本高配当株アクティブ上場投信 決算短信
[backfill][SOURCE 1/3] 2026-08-18 2027年3月期 第1四半期 決算補足説明資料
[backfill][TRY 1/3] 2026-08-18 2027年3月期 第1四半期 決算補足説明資料 https://webapi.yanoshin.jp/rd.php?https://www.release.tdnet.info/inbs/140120260817521579.pdf
[backfill][URL OK] 2026-08-18 2027年3月期 第1四半期 決算補足説明資料 pdf 8,579文字
[backfill][DOC OK] 6850 2026-08-18 pdf 8,579文字 2027年3月期 第1四半期 決算補足説明資料
[backfill][SOURCE 1/3] 2026-08-18 2027年３月期第1四半期　決算補足資料
[backfill][TRY 1/3] 2026-08-18 2027年３月期第1四半期　決算補足資料 https://webapi.yanoshin.jp/rd.php?https://www.release.tdnet.info/inbs/140120260807515144.pdf
[backfill][URL OK] 2026-08-18 2027年３月期第1四半期　決算補足資料 pdf 5,303文字
[backfill][DOC OK] 8084 2026-08-18 pdf 5,303文字 2027年３月期第1四半期　決算補足資料
[backfill][DOC CACHE HIT] 2681 2026-08-18 32,813文字 (訂正）「2027年３月期  第１四半期決算説明資料」の一部訂正について
[backfill][DOC CACHE HIT] 9941 2026-08-18 4,037文字 2026年９月期 ７月度　月次業績（売上高）速報
[backfill][DOC CACHE HIT] 4320 2026-08-18 3,984文字 （訂正）「2026年９月期第３四半期決算短信〔日本基準〕（連結）」の一部訂正につ
[backfill][DOC CACHE HIT] 8304 2026-08-18 1,262文字 2027年3月期 第1四半期 自己資本比率について
[backfill][DOC CACHE HIT] 8951 2026-08-18 31,497文字 2026年６月期（第50期）決算説明会資料
[backfill][DOC CACHE HIT] 3660 2026-08-18 5,402文字 2026年６月期通期 決算説明会における質疑応答
[backfill][DOC CACHE HIT] 482A 2026-08-17 1,051文字 「2026年8月期業績予想の修正に関するお知らせ」の再掲載について
[backfill][DOC CACHE HIT] 4019 2026-08-17 26,197文字 2026年12月期 第2四半期決算説明会書き起こし
[backfill][SOURCE 1/3] 2026-08-17 2026年8月期業績予想の修正に関するお知らせ
[backfill][TRY 1/3] 2026-08-17 2026年8月期業績予想の修正に関するお知らせ https://webapi.yanoshin.jp/rd.php?https://www.release.tdnet.info/inbs/140120260817521628.pdf
[backfill][UNUSABLE] 2026-08-17 2026年8月期業績予想の修正に関するお知らせ ctype=application/pdf bytes=100,551
[backfill][TRY 2/3] 2026-08-17 2026年8月期業績予想の修正に関するお知らせ http://webapi.yanoshin.jp/rd.php?https://www.release.tdnet.info/inbs/140120260817521628.pdf
[backfill][UNUSABLE] 2026-08-17 2026年8月期業績予想の修正に関するお知らせ ctype=application/pdf bytes=100,551
[backfill][TRY 3/3] 2026-08-17 2026年8月期業績予想の修正に関するお知らせ https://www.release.tdnet.info/inbs/140120260817521628.pdf
[backfill][UNUSABLE] 2026-08-17 2026年8月期業績予想の修正に関するお知らせ ctype=application/pdf bytes=100,551
[backfill][JPX FAST 2/3] 2026-08-17 2026年8月期業績予想の修正に関するお知らせ https://www2.jpx.co.jp/disc/482A0/140120260817521628.pdf
[backfill][TRY 1/1] 2026-08-17 2026年8月期業績予想の修正に関するお知らせ https://www2.jpx.co.jp/disc/482A0/140120260817521628.pdf
[backfill][HTTP 404] 2026-08-17 2026年8月期業績予想の修正に関するお知らせ
[backfill][SOURCE 3/3] 2026-08-17 2026年8月期業績予想の修正に関するお知らせ
[backfill][SKIP FAILCACHE] 2026-08-17 2026年8月期業績予想の修正に関するお知らせ https://www.release.tdnet.info/inbs/140120260817521628.pdf
[backfill][TRY 2/2] 2026-08-17 2026年8月期業績予想の修正に関するお知らせ http://www.release.tdnet.info/inbs/140120260817521628.pdf
[backfill][TIMEOUT 5s] 2026-08-17 2026年8月期業績予想の修正に関するお知らせ
[backfill][DOC EMPTY] 482A 2026-08-17 17:00:00 2026年8月期業績予想の修正に関するお知らせ raw=https://webapi.yanoshin.jp/rd.php?https://www.release.tdnet.info/inbs/140120260817521
[backfill][DOC CACHE HIT] 5534 2026-08-17 1,123文字 通期連結業績予想の修正に関するお知らせ
[backfill][DOC CACHE HIT] 6036 2026-08-17 28,949文字 （訂正）「2026年6月期第2四半期 決算説明会資料」の一部訂正について
[backfill][DOC CACHE HIT] 7044 2026-08-17 696文字 （訂正）「2026年12月期第２四半期（中間期）決算補足資料」の一部訂正について
[backfill][DOC CACHE HIT] 9439 2026-08-17 1,576文字 通期連結業績予想値と実績値との差異に関するお知らせ
[backfill][DOC CACHE HIT] 9439 2026-08-17 25,306文字 2026年6月期　決算短信〔日本基準〕（連結）
[backfill][DOC CACHE HIT] 9439 2026-08-17 1,166文字 剰余金の配当（無配）に関するお知らせ
[backfill][DOC CACHE HIT] 5251 2026-08-17 2,468文字 （再登録）「中間決算説明資料の開示に関するお知らせ」の再登録について
[backfill][DOC CACHE HIT] 6195 2026-08-17 31,592文字 （訂正・数値データ訂正）「2026年３月期　決算短信〔日本基準〕（連結）」の一部
[backfill][DOC CACHE HIT] 7042 2026-08-17 4,066文字 2027年３月期第１四半期決算説明資料
[backfill][DOC CACHE HIT] 8964 2026-08-17 37,819文字 2026年6月期　決算短信（ＲＥＩＴ）
[backfill][DOC CACHE HIT] 7177 2026-08-17 3,192文字 2026年７月の月次業績（速報）に関するお知らせ
[backfill][DOC CACHE HIT] 3168 2026-08-17 1,149文字 特別配当および期末配当予想の修正に関するお知らせ
[backfill][DOC CACHE HIT] 367A 2026-08-17 500文字 連結子会社からの剰余金の配当受領に関するお知らせ
[backfill][DOC CACHE HIT] 4484 2026-08-17 6,345文字 2027年３月期 第１四半期決算説明会レポート（書き起こし）
[backfill][DOC CACHE HIT] 4651 2026-08-17 9,960文字 2027年３月期　第１四半期決算短信〔日本基準〕（連結）
[backfill][DOC CACHE HIT] 4651 2026-08-17 21,202文字 2027年３月期　第１四半期決算説明資料
[backfill][DOC CACHE HIT] 5242 2026-08-17 1,063文字 2026年12月期第２四半期決算説明会 質疑応答（要旨）
[backfill][DOC CACHE HIT] 7069 2026-08-17 675文字 （訂正）「2026年9月期 第3四半期決算説明資料」の一部訂正について
[backfill][DOC CACHE HIT] 8951 2026-08-17 39,641文字 2026年６月期　決算短信（ＲＥＩＴ）
[backfill][DOC CACHE HIT] 8951 2026-08-17 9,069文字 2026年６月期_決算概要
[backfill][DOC CACHE HIT] 8955 2026-08-17 42,496文字 2026年6月期　決算短信（ＲＥＩＴ）
[backfill][DOC CACHE HIT] 8955 2026-08-17 48,751文字 2026年6月期（第49期）決算説明資料
[backfill][DOC CACHE HIT] 9284 2026-08-17 50,474文字 2026年６月期 決算短信（インフラファンド）
[backfill][DOC CACHE HIT] 2461 2026-08-17 3,208文字 2026年12月期7月度 月次業績速報のお知らせ
[backfill][DOC CACHE HIT] 264A 2026-08-17 891文字 （訂正）「2026年９月期第３四半期決算説明資料」の一部訂正について
[backfill][DOC CACHE HIT] 5632 2026-08-17 559文字 連結子会社からの配当金受領に関するお知らせ
[backfill][DOC CACHE HIT] 2927 2026-08-17 733文字 2026年8月期 期末配当予想の増配に関するお知らせ
[backfill][DOC CACHE HIT] 6061 2026-08-17 1,101文字 （訂正・数値データ訂正）「令和８年６月期　決算短信〔日本基準〕(連結)」の一部訂
[backfill][DOC CACHE HIT] 2991 2026-08-17 1,105文字 2026年７月度　月次業績速報
[backfill][DOC CACHE HIT] 4574 2026-08-17 11,096文字 2026年12月期(FY2026)第２四半期(中間期)連結決算報告
[backfill][DOC CACHE HIT] 4018 2026-08-17 510文字 （訂正）「2026年6月期　決算短信〔日本基準〕（非連結）」の一部訂正に関するお
[backfill][DOC CACHE HIT] 8705 2026-08-17 2,394文字 2026年７月の月次業績等（速報）に関するお知らせ
[backfill][DOC CACHE HIT] 8798 2026-08-17 18,713文字 （訂正・数値データ訂正）「2025年9月期 第1四半期決算短信〔日本基準〕（連結
[backfill][DOC CACHE HIT] 9162 2026-08-17 606文字 （訂正）「2026年６月期 通期連結決算説明資料」の一部訂正について
[backfill][DOC CACHE HIT] 3445 2026-08-17 15,223文字 2026年12月期第２四半期 決算説明会 書き起こし公開のお知らせ
[backfill][DOC CACHE HIT] 319A 2026-08-17 4,923文字 Q&A 2026年12月期第2四半期決算説明
[backfill][XBRL TRY] 9284 https://www.release.tdnet.info/inbs/081220260817521739.zip
[backfill][XBRL TRY] 9284 https://www.release.tdnet.info/inbs/091220260817521739.zip
[backfill][XBRL TRY] 9284 https://www2.jpx.co.jp/disc/92840/081220260817521739.zip
[backfill][XBRL TRY] 9284 https://www2.jpx.co.jp/disc/92840/091220260817521739.zip
[backfill][XBRL TRY] 482A https://www.release.tdnet.info/inbs/081220260817521628.zip
[backfill][XBRL TRY] 482A https://www.release.tdnet.info/inbs/091220260817521628.zip
[backfill][XBRL TRY] 482A https://www2.jpx.co.jp/disc/482A0/081220260817521628.zip
[backfill][XBRL TRY] 482A https://www2.jpx.co.jp/disc/482A0/091220260817521628.zip
[backfill][XBRL TRY] 5534 https://www.release.tdnet.info/inbs/081220260817521941.zip
[backfill][XBRL TRY] 5534 https://www.release.tdnet.info/inbs/091220260817521941.zip
[backfill][XBRL TRY] 5534 https://www2.jpx.co.jp/disc/55340/081220260817521941.zip
[backfill][XBRL TRY] 5534 https://www2.jpx.co.jp/disc/55340/091220260817521941.zip
[backfill][XBRL TRY] 482A https://www.release.tdnet.info/inbs/081220260817522088.zip
[backfill][XBRL TRY] 482A https://www.release.tdnet.info/inbs/091220260817522088.zip
[backfill][XBRL TRY] 482A https://www2.jpx.co.jp/disc/482A0/081220260817522088.zip
[backfill][XBRL TRY] 482A https://www2.jpx.co.jp/disc/482A0/091220260817522088.zip
[backfill][XBRL TRY] 2083 https://www.release.tdnet.info/inbs/081220260818522160.zip
[backfill][XBRL TRY] 2083 https://www.release.tdnet.info/inbs/091220260818522160.zip
[backfill][XBRL TRY] 2083 https://www2.jpx.co.jp/disc/20830/081220260818522160.zip
[backfill][XBRL TRY] 2083 https://www2.jpx.co.jp/disc/20830/091220260818522160.zip
[backfill][XBRL TRY] 2084 https://www.release.tdnet.info/inbs/081220260818522182.zip
[backfill][XBRL TRY] 2084 https://www.release.tdnet.info/inbs/091220260818522182.zip
[backfill][XBRL TRY] 2084 https://www2.jpx.co.jp/disc/20840/081220260818522182.zip
[backfill][XBRL TRY] 2084 https://www2.jpx.co.jp/disc/20840/091220260818522182.zip
[forecast_history] 対象=10 initial=4 revision=0 achievement=0 unresolved=6
[OK] 決算:28件, 増資:8件, TOB:2件, 本文:48件, 予想初期:4件, 予想修正:0件, 達成履歴更新:0件 をDBに保存しました。
=== fetch_all: 完全成功 ===
===== 2026-08-18T13:21:13 END status=success rc=0 =====


===== 2026-08-18T13:30:00 START C:\Users\sasit\AppData\Local\Programs\Python\Python310\pythonw.exe D:\kabu\main\1-スクリーニング自動化プログラム\main\fetch_all.py =====
=== fetch_all: TDnetデータ収集開始 ===
[backfill][DOC CACHE HIT] 2083 2026-08-18 16,082文字 NEXT FUNDS 日本成長株アクティブ上場投信 決算短信
[backfill][DOC CACHE HIT] 2084 2026-08-18 19,835文字 NEXT FUNDS 日本高配当株アクティブ上場投信 決算短信
[backfill][DOC CACHE HIT] 6850 2026-08-18 8,579文字 2027年3月期 第1四半期 決算補足説明資料
[backfill][DOC CACHE HIT] 8084 2026-08-18 5,303文字 2027年３月期第1四半期　決算補足資料
[backfill][DOC CACHE HIT] 2681 2026-08-18 32,813文字 (訂正）「2027年３月期  第１四半期決算説明資料」の一部訂正について
[backfill][DOC CACHE HIT] 9941 2026-08-18 4,037文字 2026年９月期 ７月度　月次業績（売上高）速報
[backfill][DOC CACHE HIT] 4320 2026-08-18 3,984文字 （訂正）「2026年９月期第３四半期決算短信〔日本基準〕（連結）」の一部訂正につ
[backfill][DOC CACHE HIT] 8304 2026-08-18 1,262文字 2027年3月期 第1四半期 自己資本比率について
[backfill][DOC CACHE HIT] 8951 2026-08-18 31,497文字 2026年６月期（第50期）決算説明会資料
[backfill][DOC CACHE HIT] 3660 2026-08-18 5,402文字 2026年６月期通期 決算説明会における質疑応答
[backfill][DOC CACHE HIT] 482A 2026-08-17 1,051文字 「2026年8月期業績予想の修正に関するお知らせ」の再掲載について
[backfill][DOC CACHE HIT] 4019 2026-08-17 26,197文字 2026年12月期 第2四半期決算説明会書き起こし
[backfill][SOURCE 1/3] 2026-08-17 2026年8月期業績予想の修正に関するお知らせ
[backfill][TRY 1/3] 2026-08-17 2026年8月期業績予想の修正に関するお知らせ https://webapi.yanoshin.jp/rd.php?https://www.release.tdnet.info/inbs/140120260817521628.pdf
[backfill][UNUSABLE] 2026-08-17 2026年8月期業績予想の修正に関するお知らせ ctype=application/pdf bytes=100,551
[backfill][TRY 2/3] 2026-08-17 2026年8月期業績予想の修正に関するお知らせ http://webapi.yanoshin.jp/rd.php?https://www.release.tdnet.info/inbs/140120260817521628.pdf
[backfill][UNUSABLE] 2026-08-17 2026年8月期業績予想の修正に関するお知らせ ctype=application/pdf bytes=100,551
[backfill][TRY 3/3] 2026-08-17 2026年8月期業績予想の修正に関するお知らせ https://www.release.tdnet.info/inbs/140120260817521628.pdf
[backfill][UNUSABLE] 2026-08-17 2026年8月期業績予想の修正に関するお知らせ ctype=application/pdf bytes=100,551
[backfill][JPX FAST 2/3] 2026-08-17 2026年8月期業績予想の修正に関するお知らせ https://www2.jpx.co.jp/disc/482A0/140120260817521628.pdf
[backfill][TRY 1/1] 2026-08-17 2026年8月期業績予想の修正に関するお知らせ https://www2.jpx.co.jp/disc/482A0/140120260817521628.pdf
[backfill][HTTP 404] 2026-08-17 2026年8月期業績予想の修正に関するお知らせ
[backfill][SOURCE 3/3] 2026-08-17 2026年8月期業績予想の修正に関するお知らせ
[backfill][SKIP FAILCACHE] 2026-08-17 2026年8月期業績予想の修正に関するお知らせ https://www.release.tdnet.info/inbs/140120260817521628.pdf
[backfill][TRY 2/2] 2026-08-17 2026年8月期業績予想の修正に関するお知らせ http://www.release.tdnet.info/inbs/140120260817521628.pdf
[backfill][TIMEOUT 5s] 2026-08-17 2026年8月期業績予想の修正に関するお知らせ
[backfill][DOC EMPTY] 482A 2026-08-17 17:00:00 2026年8月期業績予想の修正に関するお知らせ raw=https://webapi.yanoshin.jp/rd.php?https://www.release.tdnet.info/inbs/140120260817521
[backfill][DOC CACHE HIT] 5534 2026-08-17 1,123文字 通期連結業績予想の修正に関するお知らせ
[backfill][DOC CACHE HIT] 6036 2026-08-17 28,949文字 （訂正）「2026年6月期第2四半期 決算説明会資料」の一部訂正について
[backfill][DOC CACHE HIT] 7044 2026-08-17 696文字 （訂正）「2026年12月期第２四半期（中間期）決算補足資料」の一部訂正について
[backfill][DOC CACHE HIT] 9439 2026-08-17 1,576文字 通期連結業績予想値と実績値との差異に関するお知らせ
[backfill][DOC CACHE HIT] 9439 2026-08-17 25,306文字 2026年6月期　決算短信〔日本基準〕（連結）
[backfill][DOC CACHE HIT] 9439 2026-08-17 1,166文字 剰余金の配当（無配）に関するお知らせ
[backfill][DOC CACHE HIT] 5251 2026-08-17 2,468文字 （再登録）「中間決算説明資料の開示に関するお知らせ」の再登録について
[backfill][DOC CACHE HIT] 6195 2026-08-17 31,592文字 （訂正・数値データ訂正）「2026年３月期　決算短信〔日本基準〕（連結）」の一部
[backfill][DOC CACHE HIT] 7042 2026-08-17 4,066文字 2027年３月期第１四半期決算説明資料
[backfill][DOC CACHE HIT] 8964 2026-08-17 37,819文字 2026年6月期　決算短信（ＲＥＩＴ）
[backfill][DOC CACHE HIT] 7177 2026-08-17 3,192文字 2026年７月の月次業績（速報）に関するお知らせ
[backfill][DOC CACHE HIT] 3168 2026-08-17 1,149文字 特別配当および期末配当予想の修正に関するお知らせ
[backfill][DOC CACHE HIT] 367A 2026-08-17 500文字 連結子会社からの剰余金の配当受領に関するお知らせ
[backfill][DOC CACHE HIT] 4484 2026-08-17 6,345文字 2027年３月期 第１四半期決算説明会レポート（書き起こし）
[backfill][DOC CACHE HIT] 4651 2026-08-17 9,960文字 2027年３月期　第１四半期決算短信〔日本基準〕（連結）
[backfill][DOC CACHE HIT] 4651 2026-08-17 21,202文字 2027年３月期　第１四半期決算説明資料
[backfill][DOC CACHE HIT] 5242 2026-08-17 1,063文字 2026年12月期第２四半期決算説明会 質疑応答（要旨）
[backfill][DOC CACHE HIT] 7069 2026-08-17 675文字 （訂正）「2026年9月期 第3四半期決算説明資料」の一部訂正について
[backfill][DOC CACHE HIT] 8951 2026-08-17 39,641文字 2026年６月期　決算短信（ＲＥＩＴ）
[backfill][DOC CACHE HIT] 8951 2026-08-17 9,069文字 2026年６月期_決算概要
[backfill][DOC CACHE HIT] 8955 2026-08-17 42,496文字 2026年6月期　決算短信（ＲＥＩＴ）
[backfill][DOC CACHE HIT] 8955 2026-08-17 48,751文字 2026年6月期（第49期）決算説明資料
[backfill][DOC CACHE HIT] 9284 2026-08-17 50,474文字 2026年６月期 決算短信（インフラファンド）
[backfill][DOC CACHE HIT] 2461 2026-08-17 3,208文字 2026年12月期7月度 月次業績速報のお知らせ
[backfill][DOC CACHE HIT] 264A 2026-08-17 891文字 （訂正）「2026年９月期第３四半期決算説明資料」の一部訂正について
[backfill][DOC CACHE HIT] 5632 2026-08-17 559文字 連結子会社からの配当金受領に関するお知らせ
[backfill][DOC CACHE HIT] 2927 2026-08-17 733文字 2026年8月期 期末配当予想の増配に関するお知らせ
[backfill][DOC CACHE HIT] 6061 2026-08-17 1,101文字 （訂正・数値データ訂正）「令和８年６月期　決算短信〔日本基準〕(連結)」の一部訂
[backfill][DOC CACHE HIT] 2991 2026-08-17 1,105文字 2026年７月度　月次業績速報
[backfill][DOC CACHE HIT] 4574 2026-08-17 11,096文字 2026年12月期(FY2026)第２四半期(中間期)連結決算報告
[backfill][DOC CACHE HIT] 4018 2026-08-17 510文字 （訂正）「2026年6月期　決算短信〔日本基準〕（非連結）」の一部訂正に関するお
[backfill][DOC CACHE HIT] 8705 2026-08-17 2,394文字 2026年７月の月次業績等（速報）に関するお知らせ
[backfill][DOC CACHE HIT] 8798 2026-08-17 18,713文字 （訂正・数値データ訂正）「2025年9月期 第1四半期決算短信〔日本基準〕（連結
[backfill][DOC CACHE HIT] 9162 2026-08-17 606文字 （訂正）「2026年６月期 通期連結決算説明資料」の一部訂正について
[backfill][DOC CACHE HIT] 3445 2026-08-17 15,223文字 2026年12月期第２四半期 決算説明会 書き起こし公開のお知らせ
[backfill][DOC CACHE HIT] 319A 2026-08-17 4,923文字 Q&A 2026年12月期第2四半期決算説明
[backfill][XBRL TRY] 9284 https://www.release.tdnet.info/inbs/081220260817521739.zip
[backfill][XBRL TRY] 9284 https://www.release.tdnet.info/inbs/091220260817521739.zip
[backfill][XBRL TRY] 9284 https://www2.jpx.co.jp/disc/92840/081220260817521739.zip
[backfill][XBRL TRY] 9284 https://www2.jpx.co.jp/disc/92840/091220260817521739.zip
[backfill][XBRL TRY] 482A https://www.release.tdnet.info/inbs/081220260817521628.zip
[backfill][XBRL TRY] 482A https://www.release.tdnet.info/inbs/091220260817521628.zip
[backfill][XBRL TRY] 482A https://www2.jpx.co.jp/disc/482A0/081220260817521628.zip
[backfill][XBRL TRY] 482A https://www2.jpx.co.jp/disc/482A0/091220260817521628.zip
[backfill][XBRL TRY] 5534 https://www.release.tdnet.info/inbs/081220260817521941.zip
[backfill][XBRL TRY] 5534 https://www.release.tdnet.info/inbs/091220260817521941.zip
[backfill][XBRL TRY] 5534 https://www2.jpx.co.jp/disc/55340/081220260817521941.zip
[backfill][XBRL TRY] 5534 https://www2.jpx.co.jp/disc/55340/091220260817521941.zip
[backfill][XBRL TRY] 482A https://www.release.tdnet.info/inbs/081220260817522088.zip
[backfill][XBRL TRY] 482A https://www.release.tdnet.info/inbs/091220260817522088.zip
[backfill][XBRL TRY] 482A https://www2.jpx.co.jp/disc/482A0/081220260817522088.zip
[backfill][XBRL TRY] 482A https://www2.jpx.co.jp/disc/482A0/091220260817522088.zip
[backfill][XBRL TRY] 2083 https://www.release.tdnet.info/inbs/081220260818522160.zip
[backfill][XBRL TRY] 2083 https://www.release.tdnet.info/inbs/091220260818522160.zip
[backfill][XBRL TRY] 2083 https://www2.jpx.co.jp/disc/20830/081220260818522160.zip
[backfill][XBRL TRY] 2083 https://www2.jpx.co.jp/disc/20830/091220260818522160.zip
[backfill][XBRL TRY] 2084 https://www.release.tdnet.info/inbs/081220260818522182.zip
[backfill][XBRL TRY] 2084 https://www.release.tdnet.info/inbs/091220260818522182.zip
[backfill][XBRL TRY] 2084 https://www2.jpx.co.jp/disc/20840/081220260818522182.zip
[backfill][XBRL TRY] 2084 https://www2.jpx.co.jp/disc/20840/091220260818522182.zip
[forecast_history] 対象=10 initial=4 revision=0 achievement=0 unresolved=6
[OK] 決算:28件, 増資:8件, TOB:2件, 本文:48件, 予想初期:4件, 予想修正:0件, 達成履歴更新:0件 をDBに保存しました。
=== fetch_all: 完全成功 ===
===== 2026-08-18T13:31:06 END status=success rc=0 =====


===== 2026-08-18T13:40:00 START C:\Users\sasit\AppData\Local\Programs\Python\Python310\pythonw.exe D:\kabu\main\1-スクリーニング自動化プログラム\main\fetch_all.py =====
=== fetch_all: TDnetデータ収集開始 ===
[backfill][DOC CACHE HIT] 2083 2026-08-18 16,082文字 NEXT FUNDS 日本成長株アクティブ上場投信 決算短信
[backfill][DOC CACHE HIT] 2084 2026-08-18 19,835文字 NEXT FUNDS 日本高配当株アクティブ上場投信 決算短信
[backfill][DOC CACHE HIT] 6850 2026-08-18 8,579文字 2027年3月期 第1四半期 決算補足説明資料
[backfill][DOC CACHE HIT] 8084 2026-08-18 5,303文字 2027年３月期第1四半期　決算補足資料
[backfill][DOC CACHE HIT] 2681 2026-08-18 32,813文字 (訂正）「2027年３月期  第１四半期決算説明資料」の一部訂正について
[backfill][DOC CACHE HIT] 9941 2026-08-18 4,037文字 2026年９月期 ７月度　月次業績（売上高）速報
[backfill][DOC CACHE HIT] 4320 2026-08-18 3,984文字 （訂正）「2026年９月期第３四半期決算短信〔日本基準〕（連結）」の一部訂正につ
[backfill][DOC CACHE HIT] 8304 2026-08-18 1,262文字 2027年3月期 第1四半期 自己資本比率について
[backfill][DOC CACHE HIT] 8951 2026-08-18 31,497文字 2026年６月期（第50期）決算説明会資料
[backfill][DOC CACHE HIT] 3660 2026-08-18 5,402文字 2026年６月期通期 決算説明会における質疑応答
[backfill][DOC CACHE HIT] 482A 2026-08-17 1,051文字 「2026年8月期業績予想の修正に関するお知らせ」の再掲載について
[backfill][DOC CACHE HIT] 4019 2026-08-17 26,197文字 2026年12月期 第2四半期決算説明会書き起こし
[backfill][SOURCE 1/3] 2026-08-17 2026年8月期業績予想の修正に関するお知らせ
[backfill][TRY 1/3] 2026-08-17 2026年8月期業績予想の修正に関するお知らせ https://webapi.yanoshin.jp/rd.php?https://www.release.tdnet.info/inbs/140120260817521628.pdf
[backfill][UNUSABLE] 2026-08-17 2026年8月期業績予想の修正に関するお知らせ ctype=application/pdf bytes=100,551
[backfill][TRY 2/3] 2026-08-17 2026年8月期業績予想の修正に関するお知らせ http://webapi.yanoshin.jp/rd.php?https://www.release.tdnet.info/inbs/140120260817521628.pdf
[backfill][UNUSABLE] 2026-08-17 2026年8月期業績予想の修正に関するお知らせ ctype=application/pdf bytes=100,551
[backfill][TRY 3/3] 2026-08-17 2026年8月期業績予想の修正に関するお知らせ https://www.release.tdnet.info/inbs/140120260817521628.pdf
[backfill][UNUSABLE] 2026-08-17 2026年8月期業績予想の修正に関するお知らせ ctype=application/pdf bytes=100,551
[backfill][JPX FAST 2/3] 2026-08-17 2026年8月期業績予想の修正に関するお知らせ https://www2.jpx.co.jp/disc/482A0/140120260817521628.pdf
[backfill][TRY 1/1] 2026-08-17 2026年8月期業績予想の修正に関するお知らせ https://www2.jpx.co.jp/disc/482A0/140120260817521628.pdf
[backfill][HTTP 404] 2026-08-17 2026年8月期業績予想の修正に関するお知らせ
[backfill][SOURCE 3/3] 2026-08-17 2026年8月期業績予想の修正に関するお知らせ
[backfill][SKIP FAILCACHE] 2026-08-17 2026年8月期業績予想の修正に関するお知らせ https://www.release.tdnet.info/inbs/140120260817521628.pdf
[backfill][TRY 2/2] 2026-08-17 2026年8月期業績予想の修正に関するお知らせ http://www.release.tdnet.info/inbs/140120260817521628.pdf
[backfill][TIMEOUT 5s] 2026-08-17 2026年8月期業績予想の修正に関するお知らせ
[backfill][DOC EMPTY] 482A 2026-08-17 17:00:00 2026年8月期業績予想の修正に関するお知らせ raw=https://webapi.yanoshin.jp/rd.php?https://www.release.tdnet.info/inbs/140120260817521
[backfill][DOC CACHE HIT] 5534 2026-08-17 1,123文字 通期連結業績予想の修正に関するお知らせ
[backfill][DOC CACHE HIT] 6036 2026-08-17 28,949文字 （訂正）「2026年6月期第2四半期 決算説明会資料」の一部訂正について
[backfill][DOC CACHE HIT] 7044 2026-08-17 696文字 （訂正）「2026年12月期第２四半期（中間期）決算補足資料」の一部訂正について
[backfill][DOC CACHE HIT] 9439 2026-08-17 1,576文字 通期連結業績予想値と実績値との差異に関するお知らせ
[backfill][DOC CACHE HIT] 9439 2026-08-17 25,306文字 2026年6月期　決算短信〔日本基準〕（連結）
[backfill][DOC CACHE HIT] 9439 2026-08-17 1,166文字 剰余金の配当（無配）に関するお知らせ
[backfill][DOC CACHE HIT] 5251 2026-08-17 2,468文字 （再登録）「中間決算説明資料の開示に関するお知らせ」の再登録について
[backfill][DOC CACHE HIT] 6195 2026-08-17 31,592文字 （訂正・数値データ訂正）「2026年３月期　決算短信〔日本基準〕（連結）」の一部
[backfill][DOC CACHE HIT] 7042 2026-08-17 4,066文字 2027年３月期第１四半期決算説明資料
[backfill][DOC CACHE HIT] 8964 2026-08-17 37,819文字 2026年6月期　決算短信（ＲＥＩＴ）
[backfill][DOC CACHE HIT] 7177 2026-08-17 3,192文字 2026年７月の月次業績（速報）に関するお知らせ
[backfill][DOC CACHE HIT] 3168 2026-08-17 1,149文字 特別配当および期末配当予想の修正に関するお知らせ
[backfill][DOC CACHE HIT] 367A 2026-08-17 500文字 連結子会社からの剰余金の配当受領に関するお知らせ
[backfill][DOC CACHE HIT] 4484 2026-08-17 6,345文字 2027年３月期 第１四半期決算説明会レポート（書き起こし）
[backfill][DOC CACHE HIT] 4651 2026-08-17 9,960文字 2027年３月期　第１四半期決算短信〔日本基準〕（連結）
[backfill][DOC CACHE HIT] 4651 2026-08-17 21,202文字 2027年３月期　第１四半期決算説明資料
[backfill][DOC CACHE HIT] 5242 2026-08-17 1,063文字 2026年12月期第２四半期決算説明会 質疑応答（要旨）
[backfill][DOC CACHE HIT] 7069 2026-08-17 675文字 （訂正）「2026年9月期 第3四半期決算説明資料」の一部訂正について
[backfill][DOC CACHE HIT] 8951 2026-08-17 39,641文字 2026年６月期　決算短信（ＲＥＩＴ）
[backfill][DOC CACHE HIT] 8951 2026-08-17 9,069文字 2026年６月期_決算概要
[backfill][DOC CACHE HIT] 8955 2026-08-17 42,496文字 2026年6月期　決算短信（ＲＥＩＴ）
[backfill][DOC CACHE HIT] 8955 2026-08-17 48,751文字 2026年6月期（第49期）決算説明資料
[backfill][DOC CACHE HIT] 9284 2026-08-17 50,474文字 2026年６月期 決算短信（インフラファンド）
[backfill][DOC CACHE HIT] 2461 2026-08-17 3,208文字 2026年12月期7月度 月次業績速報のお知らせ
[backfill][DOC CACHE HIT] 264A 2026-08-17 891文字 （訂正）「2026年９月期第３四半期決算説明資料」の一部訂正について
[backfill][DOC CACHE HIT] 5632 2026-08-17 559文字 連結子会社からの配当金受領に関するお知らせ
[backfill][DOC CACHE HIT] 2927 2026-08-17 733文字 2026年8月期 期末配当予想の増配に関するお知らせ
[backfill][DOC CACHE HIT] 6061 2026-08-17 1,101文字 （訂正・数値データ訂正）「令和８年６月期　決算短信〔日本基準〕(連結)」の一部訂
[backfill][DOC CACHE HIT] 2991 2026-08-17 1,105文字 2026年７月度　月次業績速報
[backfill][DOC CACHE HIT] 4574 2026-08-17 11,096文字 2026年12月期(FY2026)第２四半期(中間期)連結決算報告
[backfill][DOC CACHE HIT] 4018 2026-08-17 510文字 （訂正）「2026年6月期　決算短信〔日本基準〕（非連結）」の一部訂正に関するお
[backfill][DOC CACHE HIT] 8705 2026-08-17 2,394文字 2026年７月の月次業績等（速報）に関するお知らせ
[backfill][DOC CACHE HIT] 8798 2026-08-17 18,713文字 （訂正・数値データ訂正）「2025年9月期 第1四半期決算短信〔日本基準〕（連結
[backfill][DOC CACHE HIT] 9162 2026-08-17 606文字 （訂正）「2026年６月期 通期連結決算説明資料」の一部訂正について
[backfill][DOC CACHE HIT] 3445 2026-08-17 15,223文字 2026年12月期第２四半期 決算説明会 書き起こし公開のお知らせ
[backfill][DOC CACHE HIT] 319A 2026-08-17 4,923文字 Q&A 2026年12月期第2四半期決算説明
[backfill][XBRL TRY] 9284 https://www.release.tdnet.info/inbs/081220260817521739.zip
[backfill][XBRL TRY] 9284 https://www.release.tdnet.info/inbs/091220260817521739.zip
[backfill][XBRL TRY] 9284 https://www2.jpx.co.jp/disc/92840/081220260817521739.zip
[backfill][XBRL TRY] 9284 https://www2.jpx.co.jp/disc/92840/091220260817521739.zip
[backfill][XBRL TRY] 482A https://www.release.tdnet.info/inbs/081220260817521628.zip
[backfill][XBRL TRY] 482A https://www.release.tdnet.info/inbs/091220260817521628.zip
[backfill][XBRL TRY] 482A https://www2.jpx.co.jp/disc/482A0/081220260817521628.zip
[backfill][XBRL TRY] 482A https://www2.jpx.co.jp/disc/482A0/091220260817521628.zip
[backfill][XBRL TRY] 5534 https://www.release.tdnet.info/inbs/081220260817521941.zip
[backfill][XBRL TRY] 5534 https://www.release.tdnet.info/inbs/091220260817521941.zip
[backfill][XBRL TRY] 5534 https://www2.jpx.co.jp/disc/55340/081220260817521941.zip
[backfill][XBRL TRY] 5534 https://www2.jpx.co.jp/disc/55340/091220260817521941.zip
[backfill][XBRL TRY] 482A https://www.release.tdnet.info/inbs/081220260817522088.zip
[backfill][XBRL TRY] 482A https://www.release.tdnet.info/inbs/091220260817522088.zip
[backfill][XBRL TRY] 482A https://www2.jpx.co.jp/disc/482A0/081220260817522088.zip
[backfill][XBRL TRY] 482A https://www2.jpx.co.jp/disc/482A0/091220260817522088.zip
[backfill][XBRL TRY] 2083 https://www.release.tdnet.info/inbs/081220260818522160.zip
[backfill][XBRL TRY] 2083 https://www.release.tdnet.info/inbs/091220260818522160.zip
[backfill][XBRL TRY] 2083 https://www2.jpx.co.jp/disc/20830/081220260818522160.zip
[backfill][XBRL TRY] 2083 https://www2.jpx.co.jp/disc/20830/091220260818522160.zip
[backfill][XBRL TRY] 2084 https://www.release.tdnet.info/inbs/081220260818522182.zip
[backfill][XBRL TRY] 2084 https://www.release.tdnet.info/inbs/091220260818522182.zip
[backfill][XBRL TRY] 2084 https://www2.jpx.co.jp/disc/20840/081220260818522182.zip
[backfill][XBRL TRY] 2084 https://www2.jpx.co.jp/disc/20840/091220260818522182.zip
[forecast_history] 対象=10 initial=4 revision=0 achievement=0 unresolved=6
[OK] 決算:28件, 増資:8件, TOB:2件, 本文:48件, 予想初期:4件, 予想修正:0件, 達成履歴更新:0件 をDBに保存しました。
=== fetch_all: 完全成功 ===
===== 2026-08-18T13:41:03 END status=success rc=0 =====


===== 2026-08-18T13:50:00 START C:\Users\sasit\AppData\Local\Programs\Python\Python310\pythonw.exe D:\kabu\main\1-スクリーニング自動化プログラム\main\fetch_all.py =====
=== fetch_all: TDnetデータ収集開始 ===
[backfill][DOC CACHE HIT] 2083 2026-08-18 16,082文字 NEXT FUNDS 日本成長株アクティブ上場投信 決算短信
[backfill][DOC CACHE HIT] 2084 2026-08-18 19,835文字 NEXT FUNDS 日本高配当株アクティブ上場投信 決算短信
[backfill][DOC CACHE HIT] 6850 2026-08-18 8,579文字 2027年3月期 第1四半期 決算補足説明資料
[backfill][DOC CACHE HIT] 8084 2026-08-18 5,303文字 2027年３月期第1四半期　決算補足資料
[backfill][DOC CACHE HIT] 2681 2026-08-18 32,813文字 (訂正）「2027年３月期  第１四半期決算説明資料」の一部訂正について
[backfill][DOC CACHE HIT] 9941 2026-08-18 4,037文字 2026年９月期 ７月度　月次業績（売上高）速報
[backfill][DOC CACHE HIT] 4320 2026-08-18 3,984文字 （訂正）「2026年９月期第３四半期決算短信〔日本基準〕（連結）」の一部訂正につ
[backfill][DOC CACHE HIT] 8304 2026-08-18 1,262文字 2027年3月期 第1四半期 自己資本比率について
[backfill][DOC CACHE HIT] 8951 2026-08-18 31,497文字 2026年６月期（第50期）決算説明会資料
[backfill][DOC CACHE HIT] 3660 2026-08-18 5,402文字 2026年６月期通期 決算説明会における質疑応答
[backfill][DOC CACHE HIT] 482A 2026-08-17 1,051文字 「2026年8月期業績予想の修正に関するお知らせ」の再掲載について
[backfill][DOC CACHE HIT] 4019 2026-08-17 26,197文字 2026年12月期 第2四半期決算説明会書き起こし
[backfill][SOURCE 1/3] 2026-08-17 2026年8月期業績予想の修正に関するお知らせ
[backfill][TRY 1/3] 2026-08-17 2026年8月期業績予想の修正に関するお知らせ https://webapi.yanoshin.jp/rd.php?https://www.release.tdnet.info/inbs/140120260817521628.pdf
[backfill][UNUSABLE] 2026-08-17 2026年8月期業績予想の修正に関するお知らせ ctype=application/pdf bytes=100,551
[backfill][TRY 2/3] 2026-08-17 2026年8月期業績予想の修正に関するお知らせ http://webapi.yanoshin.jp/rd.php?https://www.release.tdnet.info/inbs/140120260817521628.pdf
[backfill][UNUSABLE] 2026-08-17 2026年8月期業績予想の修正に関するお知らせ ctype=application/pdf bytes=100,551
[backfill][TRY 3/3] 2026-08-17 2026年8月期業績予想の修正に関するお知らせ https://www.release.tdnet.info/inbs/140120260817521628.pdf
[backfill][UNUSABLE] 2026-08-17 2026年8月期業績予想の修正に関するお知らせ ctype=application/pdf bytes=100,551
[backfill][JPX FAST 2/3] 2026-08-17 2026年8月期業績予想の修正に関するお知らせ https://www2.jpx.co.jp/disc/482A0/140120260817521628.pdf
[backfill][TRY 1/1] 2026-08-17 2026年8月期業績予想の修正に関するお知らせ https://www2.jpx.co.jp/disc/482A0/140120260817521628.pdf
[backfill][HTTP 404] 2026-08-17 2026年8月期業績予想の修正に関するお知らせ
[backfill][SOURCE 3/3] 2026-08-17 2026年8月期業績予想の修正に関するお知らせ
[backfill][SKIP FAILCACHE] 2026-08-17 2026年8月期業績予想の修正に関するお知らせ https://www.release.tdnet.info/inbs/140120260817521628.pdf
[backfill][TRY 2/2] 2026-08-17 2026年8月期業績予想の修正に関するお知らせ http://www.release.tdnet.info/inbs/140120260817521628.pdf
[backfill][TIMEOUT 5s] 2026-08-17 2026年8月期業績予想の修正に関するお知らせ
[backfill][DOC EMPTY] 482A 2026-08-17 17:00:00 2026年8月期業績予想の修正に関するお知らせ raw=https://webapi.yanoshin.jp/rd.php?https://www.release.tdnet.info/inbs/140120260817521
[backfill][DOC CACHE HIT] 5534 2026-08-17 1,123文字 通期連結業績予想の修正に関するお知らせ
[backfill][DOC CACHE HIT] 6036 2026-08-17 28,949文字 （訂正）「2026年6月期第2四半期 決算説明会資料」の一部訂正について
[backfill][DOC CACHE HIT] 7044 2026-08-17 696文字 （訂正）「2026年12月期第２四半期（中間期）決算補足資料」の一部訂正について
[backfill][DOC CACHE HIT] 9439 2026-08-17 1,576文字 通期連結業績予想値と実績値との差異に関するお知らせ
[backfill][DOC CACHE HIT] 9439 2026-08-17 25,306文字 2026年6月期　決算短信〔日本基準〕（連結）
[backfill][DOC CACHE HIT] 9439 2026-08-17 1,166文字 剰余金の配当（無配）に関するお知らせ
[backfill][DOC CACHE HIT] 5251 2026-08-17 2,468文字 （再登録）「中間決算説明資料の開示に関するお知らせ」の再登録について
[backfill][DOC CACHE HIT] 6195 2026-08-17 31,592文字 （訂正・数値データ訂正）「2026年３月期　決算短信〔日本基準〕（連結）」の一部
[backfill][DOC CACHE HIT] 7042 2026-08-17 4,066文字 2027年３月期第１四半期決算説明資料
[backfill][DOC CACHE HIT] 8964 2026-08-17 37,819文字 2026年6月期　決算短信（ＲＥＩＴ）
[backfill][DOC CACHE HIT] 7177 2026-08-17 3,192文字 2026年７月の月次業績（速報）に関するお知らせ
[backfill][DOC CACHE HIT] 3168 2026-08-17 1,149文字 特別配当および期末配当予想の修正に関するお知らせ
[backfill][DOC CACHE HIT] 367A 2026-08-17 500文字 連結子会社からの剰余金の配当受領に関するお知らせ
[backfill][DOC CACHE HIT] 4484 2026-08-17 6,345文字 2027年３月期 第１四半期決算説明会レポート（書き起こし）
[backfill][DOC CACHE HIT] 4651 2026-08-17 9,960文字 2027年３月期　第１四半期決算短信〔日本基準〕（連結）
[backfill][DOC CACHE HIT] 4651 2026-08-17 21,202文字 2027年３月期　第１四半期決算説明資料
[backfill][DOC CACHE HIT] 5242 2026-08-17 1,063文字 2026年12月期第２四半期決算説明会 質疑応答（要旨）
[backfill][DOC CACHE HIT] 7069 2026-08-17 675文字 （訂正）「2026年9月期 第3四半期決算説明資料」の一部訂正について
[backfill][DOC CACHE HIT] 8951 2026-08-17 39,641文字 2026年６月期　決算短信（ＲＥＩＴ）
[backfill][DOC CACHE HIT] 8951 2026-08-17 9,069文字 2026年６月期_決算概要
[backfill][DOC CACHE HIT] 8955 2026-08-17 42,496文字 2026年6月期　決算短信（ＲＥＩＴ）
[backfill][DOC CACHE HIT] 8955 2026-08-17 48,751文字 2026年6月期（第49期）決算説明資料
[backfill][DOC CACHE HIT] 9284 2026-08-17 50,474文字 2026年６月期 決算短信（インフラファンド）
[backfill][DOC CACHE HIT] 2461 2026-08-17 3,208文字 2026年12月期7月度 月次業績速報のお知らせ
[backfill][DOC CACHE HIT] 264A 2026-08-17 891文字 （訂正）「2026年９月期第３四半期決算説明資料」の一部訂正について
[backfill][DOC CACHE HIT] 5632 2026-08-17 559文字 連結子会社からの配当金受領に関するお知らせ
[backfill][DOC CACHE HIT] 2927 2026-08-17 733文字 2026年8月期 期末配当予想の増配に関するお知らせ
[backfill][DOC CACHE HIT] 6061 2026-08-17 1,101文字 （訂正・数値データ訂正）「令和８年６月期　決算短信〔日本基準〕(連結)」の一部訂
[backfill][DOC CACHE HIT] 2991 2026-08-17 1,105文字 2026年７月度　月次業績速報
[backfill][DOC CACHE HIT] 4574 2026-08-17 11,096文字 2026年12月期(FY2026)第２四半期(中間期)連結決算報告
[backfill][DOC CACHE HIT] 4018 2026-08-17 510文字 （訂正）「2026年6月期　決算短信〔日本基準〕（非連結）」の一部訂正に関するお
[backfill][DOC CACHE HIT] 8705 2026-08-17 2,394文字 2026年７月の月次業績等（速報）に関するお知らせ
[backfill][DOC CACHE HIT] 8798 2026-08-17 18,713文字 （訂正・数値データ訂正）「2025年9月期 第1四半期決算短信〔日本基準〕（連結
[backfill][DOC CACHE HIT] 9162 2026-08-17 606文字 （訂正）「2026年６月期 通期連結決算説明資料」の一部訂正について
[backfill][DOC CACHE HIT] 3445 2026-08-17 15,223文字 2026年12月期第２四半期 決算説明会 書き起こし公開のお知らせ
[backfill][DOC CACHE HIT] 319A 2026-08-17 4,923文字 Q&A 2026年12月期第2四半期決算説明
[backfill][XBRL TRY] 9284 https://www.release.tdnet.info/inbs/081220260817521739.zip
[backfill][XBRL TRY] 9284 https://www.release.tdnet.info/inbs/091220260817521739.zip
[backfill][XBRL TRY] 9284 https://www2.jpx.co.jp/disc/92840/081220260817521739.zip
[backfill][XBRL TRY] 9284 https://www2.jpx.co.jp/disc/92840/091220260817521739.zip
[backfill][XBRL TRY] 482A https://www.release.tdnet.info/inbs/081220260817521628.zip
[backfill][XBRL TRY] 482A https://www.release.tdnet.info/inbs/091220260817521628.zip
[backfill][XBRL TRY] 482A https://www2.jpx.co.jp/disc/482A0/081220260817521628.zip
[backfill][XBRL TRY] 482A https://www2.jpx.co.jp/disc/482A0/091220260817521628.zip
[backfill][XBRL TRY] 5534 https://www.release.tdnet.info/inbs/081220260817521941.zip
[backfill][XBRL TRY] 5534 https://www.release.tdnet.info/inbs/091220260817521941.zip
[backfill][XBRL TRY] 5534 https://www2.jpx.co.jp/disc/55340/081220260817521941.zip
[backfill][XBRL TRY] 5534 https://www2.jpx.co.jp/disc/55340/091220260817521941.zip
[backfill][XBRL TRY] 482A https://www.release.tdnet.info/inbs/081220260817522088.zip
[backfill][XBRL TRY] 482A https://www.release.tdnet.info/inbs/091220260817522088.zip
[backfill][XBRL TRY] 482A https://www2.jpx.co.jp/disc/482A0/081220260817522088.zip
[backfill][XBRL TRY] 482A https://www2.jpx.co.jp/disc/482A0/091220260817522088.zip
[backfill][XBRL TRY] 2083 https://www.release.tdnet.info/inbs/081220260818522160.zip
[backfill][XBRL TRY] 2083 https://www.release.tdnet.info/inbs/091220260818522160.zip
[backfill][XBRL TRY] 2083 https://www2.jpx.co.jp/disc/20830/081220260818522160.zip
[backfill][XBRL TRY] 2083 https://www2.jpx.co.jp/disc/20830/091220260818522160.zip
[backfill][XBRL TRY] 2084 https://www.release.tdnet.info/inbs/081220260818522182.zip
[backfill][XBRL TRY] 2084 https://www.release.tdnet.info/inbs/091220260818522182.zip
[backfill][XBRL TRY] 2084 https://www2.jpx.co.jp/disc/20840/081220260818522182.zip
[backfill][XBRL TRY] 2084 https://www2.jpx.co.jp/disc/20840/091220260818522182.zip
[forecast_history] 対象=10 initial=4 revision=0 achievement=0 unresolved=6
[OK] 決算:28件, 増資:8件, TOB:2件, 本文:48件, 予想初期:4件, 予想修正:0件, 達成履歴更新:0件 をDBに保存しました。
=== fetch_all: 完全成功 ===
===== 2026-08-18T13:51:03 END status=success rc=0 =====


===== 2026-08-18T14:00:00 START C:\Users\sasit\AppData\Local\Programs\Python\Python310\pythonw.exe D:\kabu\main\1-スクリーニング自動化プログラム\main\fetch_all.py =====
=== fetch_all: TDnetデータ収集開始 ===
[backfill][DOC CACHE HIT] 2083 2026-08-18 16,082文字 NEXT FUNDS 日本成長株アクティブ上場投信 決算短信
[backfill][DOC CACHE HIT] 2084 2026-08-18 19,835文字 NEXT FUNDS 日本高配当株アクティブ上場投信 決算短信
[backfill][DOC CACHE HIT] 6850 2026-08-18 8,579文字 2027年3月期 第1四半期 決算補足説明資料
[backfill][DOC CACHE HIT] 8084 2026-08-18 5,303文字 2027年３月期第1四半期　決算補足資料
[backfill][DOC CACHE HIT] 2681 2026-08-18 32,813文字 (訂正）「2027年３月期  第１四半期決算説明資料」の一部訂正について
[backfill][DOC CACHE HIT] 9941 2026-08-18 4,037文字 2026年９月期 ７月度　月次業績（売上高）速報
[backfill][DOC CACHE HIT] 4320 2026-08-18 3,984文字 （訂正）「2026年９月期第３四半期決算短信〔日本基準〕（連結）」の一部訂正につ
[backfill][DOC CACHE HIT] 8304 2026-08-18 1,262文字 2027年3月期 第1四半期 自己資本比率について
[backfill][DOC CACHE HIT] 8951 2026-08-18 31,497文字 2026年６月期（第50期）決算説明会資料
[backfill][DOC CACHE HIT] 3660 2026-08-18 5,402文字 2026年６月期通期 決算説明会における質疑応答
[backfill][DOC CACHE HIT] 482A 2026-08-17 1,051文字 「2026年8月期業績予想の修正に関するお知らせ」の再掲載について
[backfill][DOC CACHE HIT] 4019 2026-08-17 26,197文字 2026年12月期 第2四半期決算説明会書き起こし
[backfill][SOURCE 1/3] 2026-08-17 2026年8月期業績予想の修正に関するお知らせ
[backfill][TRY 1/3] 2026-08-17 2026年8月期業績予想の修正に関するお知らせ https://webapi.yanoshin.jp/rd.php?https://www.release.tdnet.info/inbs/140120260817521628.pdf
[backfill][UNUSABLE] 2026-08-17 2026年8月期業績予想の修正に関するお知らせ ctype=application/pdf bytes=100,551
[backfill][TRY 2/3] 2026-08-17 2026年8月期業績予想の修正に関するお知らせ http://webapi.yanoshin.jp/rd.php?https://www.release.tdnet.info/inbs/140120260817521628.pdf
[backfill][UNUSABLE] 2026-08-17 2026年8月期業績予想の修正に関するお知らせ ctype=application/pdf bytes=100,551
[backfill][TRY 3/3] 2026-08-17 2026年8月期業績予想の修正に関するお知らせ https://www.release.tdnet.info/inbs/140120260817521628.pdf
[backfill][UNUSABLE] 2026-08-17 2026年8月期業績予想の修正に関するお知らせ ctype=application/pdf bytes=100,551
[backfill][JPX FAST 2/3] 2026-08-17 2026年8月期業績予想の修正に関するお知らせ https://www2.jpx.co.jp/disc/482A0/140120260817521628.pdf
[backfill][TRY 1/1] 2026-08-17 2026年8月期業績予想の修正に関するお知らせ https://www2.jpx.co.jp/disc/482A0/140120260817521628.pdf
[backfill][HTTP 404] 2026-08-17 2026年8月期業績予想の修正に関するお知らせ
[backfill][SOURCE 3/3] 2026-08-17 2026年8月期業績予想の修正に関するお知らせ
[backfill][SKIP FAILCACHE] 2026-08-17 2026年8月期業績予想の修正に関するお知らせ https://www.release.tdnet.info/inbs/140120260817521628.pdf
[backfill][TRY 2/2] 2026-08-17 2026年8月期業績予想の修正に関するお知らせ http://www.release.tdnet.info/inbs/140120260817521628.pdf
[backfill][TIMEOUT 5s] 2026-08-17 2026年8月期業績予想の修正に関するお知らせ
[backfill][DOC EMPTY] 482A 2026-08-17 17:00:00 2026年8月期業績予想の修正に関するお知らせ raw=https://webapi.yanoshin.jp/rd.php?https://www.release.tdnet.info/inbs/140120260817521
[backfill][DOC CACHE HIT] 5534 2026-08-17 1,123文字 通期連結業績予想の修正に関するお知らせ
[backfill][DOC CACHE HIT] 6036 2026-08-17 28,949文字 （訂正）「2026年6月期第2四半期 決算説明会資料」の一部訂正について
[backfill][DOC CACHE HIT] 7044 2026-08-17 696文字 （訂正）「2026年12月期第２四半期（中間期）決算補足資料」の一部訂正について
[backfill][DOC CACHE HIT] 9439 2026-08-17 1,576文字 通期連結業績予想値と実績値との差異に関するお知らせ
[backfill][DOC CACHE HIT] 9439 2026-08-17 25,306文字 2026年6月期　決算短信〔日本基準〕（連結）
[backfill][DOC CACHE HIT] 9439 2026-08-17 1,166文字 剰余金の配当（無配）に関するお知らせ
[backfill][DOC CACHE HIT] 5251 2026-08-17 2,468文字 （再登録）「中間決算説明資料の開示に関するお知らせ」の再登録について
[backfill][DOC CACHE HIT] 6195 2026-08-17 31,592文字 （訂正・数値データ訂正）「2026年３月期　決算短信〔日本基準〕（連結）」の一部
[backfill][DOC CACHE HIT] 7042 2026-08-17 4,066文字 2027年３月期第１四半期決算説明資料
[backfill][DOC CACHE HIT] 8964 2026-08-17 37,819文字 2026年6月期　決算短信（ＲＥＩＴ）
[backfill][DOC CACHE HIT] 7177 2026-08-17 3,192文字 2026年７月の月次業績（速報）に関するお知らせ
[backfill][DOC CACHE HIT] 3168 2026-08-17 1,149文字 特別配当および期末配当予想の修正に関するお知らせ
[backfill][DOC CACHE HIT] 367A 2026-08-17 500文字 連結子会社からの剰余金の配当受領に関するお知らせ
[backfill][DOC CACHE HIT] 4484 2026-08-17 6,345文字 2027年３月期 第１四半期決算説明会レポート（書き起こし）
[backfill][DOC CACHE HIT] 4651 2026-08-17 9,960文字 2027年３月期　第１四半期決算短信〔日本基準〕（連結）
[backfill][DOC CACHE HIT] 4651 2026-08-17 21,202文字 2027年３月期　第１四半期決算説明資料
[backfill][DOC CACHE HIT] 5242 2026-08-17 1,063文字 2026年12月期第２四半期決算説明会 質疑応答（要旨）
[backfill][DOC CACHE HIT] 7069 2026-08-17 675文字 （訂正）「2026年9月期 第3四半期決算説明資料」の一部訂正について
[backfill][DOC CACHE HIT] 8951 2026-08-17 39,641文字 2026年６月期　決算短信（ＲＥＩＴ）
[backfill][DOC CACHE HIT] 8951 2026-08-17 9,069文字 2026年６月期_決算概要
[backfill][DOC CACHE HIT] 8955 2026-08-17 42,496文字 2026年6月期　決算短信（ＲＥＩＴ）
[backfill][DOC CACHE HIT] 8955 2026-08-17 48,751文字 2026年6月期（第49期）決算説明資料
[backfill][DOC CACHE HIT] 9284 2026-08-17 50,474文字 2026年６月期 決算短信（インフラファンド）
[backfill][DOC CACHE HIT] 2461 2026-08-17 3,208文字 2026年12月期7月度 月次業績速報のお知らせ
[backfill][DOC CACHE HIT] 264A 2026-08-17 891文字 （訂正）「2026年９月期第３四半期決算説明資料」の一部訂正について
[backfill][DOC CACHE HIT] 5632 2026-08-17 559文字 連結子会社からの配当金受領に関するお知らせ
[backfill][DOC CACHE HIT] 2927 2026-08-17 733文字 2026年8月期 期末配当予想の増配に関するお知らせ
[backfill][DOC CACHE HIT] 6061 2026-08-17 1,101文字 （訂正・数値データ訂正）「令和８年６月期　決算短信〔日本基準〕(連結)」の一部訂
[backfill][DOC CACHE HIT] 2991 2026-08-17 1,105文字 2026年７月度　月次業績速報
[backfill][DOC CACHE HIT] 4574 2026-08-17 11,096文字 2026年12月期(FY2026)第２四半期(中間期)連結決算報告
[backfill][DOC CACHE HIT] 4018 2026-08-17 510文字 （訂正）「2026年6月期　決算短信〔日本基準〕（非連結）」の一部訂正に関するお
[backfill][DOC CACHE HIT] 8705 2026-08-17 2,394文字 2026年７月の月次業績等（速報）に関するお知らせ
[backfill][DOC CACHE HIT] 8798 2026-08-17 18,713文字 （訂正・数値データ訂正）「2025年9月期 第1四半期決算短信〔日本基準〕（連結
[backfill][DOC CACHE HIT] 9162 2026-08-17 606文字 （訂正）「2026年６月期 通期連結決算説明資料」の一部訂正について
[backfill][DOC CACHE HIT] 3445 2026-08-17 15,223文字 2026年12月期第２四半期 決算説明会 書き起こし公開のお知らせ
[backfill][DOC CACHE HIT] 319A 2026-08-17 4,923文字 Q&A 2026年12月期第2四半期決算説明
[backfill][XBRL TRY] 9284 https://www.release.tdnet.info/inbs/081220260817521739.zip
[backfill][XBRL TRY] 9284 https://www.release.tdnet.info/inbs/091220260817521739.zip
[backfill][XBRL TRY] 9284 https://www2.jpx.co.jp/disc/92840/081220260817521739.zip
[backfill][XBRL TRY] 9284 https://www2.jpx.co.jp/disc/92840/091220260817521739.zip
[backfill][XBRL TRY] 482A https://www.release.tdnet.info/inbs/081220260817521628.zip
[backfill][XBRL TRY] 482A https://www.release.tdnet.info/inbs/091220260817521628.zip
[backfill][XBRL TRY] 482A https://www2.jpx.co.jp/disc/482A0/081220260817521628.zip
[backfill][XBRL TRY] 482A https://www2.jpx.co.jp/disc/482A0/091220260817521628.zip
[backfill][XBRL TRY] 5534 https://www.release.tdnet.info/inbs/081220260817521941.zip
[backfill][XBRL TRY] 5534 https://www.release.tdnet.info/inbs/091220260817521941.zip
[backfill][XBRL TRY] 5534 https://www2.jpx.co.jp/disc/55340/081220260817521941.zip
[backfill][XBRL TRY] 5534 https://www2.jpx.co.jp/disc/55340/091220260817521941.zip
[backfill][XBRL TRY] 482A https://www.release.tdnet.info/inbs/081220260817522088.zip
[backfill][XBRL TRY] 482A https://www.release.tdnet.info/inbs/091220260817522088.zip
[backfill][XBRL TRY] 482A https://www2.jpx.co.jp/disc/482A0/081220260817522088.zip
[backfill][XBRL TRY] 482A https://www2.jpx.co.jp/disc/482A0/091220260817522088.zip
[backfill][XBRL TRY] 2083 https://www.release.tdnet.info/inbs/081220260818522160.zip
[backfill][XBRL TRY] 2083 https://www.release.tdnet.info/inbs/091220260818522160.zip
[backfill][XBRL TRY] 2083 https://www2.jpx.co.jp/disc/20830/081220260818522160.zip
[backfill][XBRL TRY] 2083 https://www2.jpx.co.jp/disc/20830/091220260818522160.zip
[backfill][XBRL TRY] 2084 https://www.release.tdnet.info/inbs/081220260818522182.zip
[backfill][XBRL TRY] 2084 https://www.release.tdnet.info/inbs/091220260818522182.zip
[backfill][XBRL TRY] 2084 https://www2.jpx.co.jp/disc/20840/081220260818522182.zip
[backfill][XBRL TRY] 2084 https://www2.jpx.co.jp/disc/20840/091220260818522182.zip
[forecast_history] 対象=10 initial=4 revision=0 achievement=0 unresolved=6
[OK] 決算:28件, 増資:8件, TOB:2件, 本文:48件, 予想初期:4件, 予想修正:0件, 達成履歴更新:0件 をDBに保存しました。
=== fetch_all: 完全成功 ===
===== 2026-08-18T14:01:05 END status=success rc=0 =====


===== 2026-08-18T14:10:01 START C:\Users\sasit\AppData\Local\Programs\Python\Python310\pythonw.exe D:\kabu\main\1-スクリーニング自動化プログラム\main\fetch_all.py =====
=== fetch_all: TDnetデータ収集開始 ===
[backfill][DOC CACHE HIT] 2083 2026-08-18 16,082文字 NEXT FUNDS 日本成長株アクティブ上場投信 決算短信
[backfill][DOC CACHE HIT] 2084 2026-08-18 19,835文字 NEXT FUNDS 日本高配当株アクティブ上場投信 決算短信
[backfill][DOC CACHE HIT] 6850 2026-08-18 8,579文字 2027年3月期 第1四半期 決算補足説明資料
[backfill][DOC CACHE HIT] 8084 2026-08-18 5,303文字 2027年３月期第1四半期　決算補足資料
[backfill][DOC CACHE HIT] 2681 2026-08-18 32,813文字 (訂正）「2027年３月期  第１四半期決算説明資料」の一部訂正について
[backfill][DOC CACHE HIT] 9941 2026-08-18 4,037文字 2026年９月期 ７月度　月次業績（売上高）速報
[backfill][DOC CACHE HIT] 4320 2026-08-18 3,984文字 （訂正）「2026年９月期第３四半期決算短信〔日本基準〕（連結）」の一部訂正につ
[backfill][DOC CACHE HIT] 8304 2026-08-18 1,262文字 2027年3月期 第1四半期 自己資本比率について
[backfill][DOC CACHE HIT] 8951 2026-08-18 31,497文字 2026年６月期（第50期）決算説明会資料
[backfill][DOC CACHE HIT] 3660 2026-08-18 5,402文字 2026年６月期通期 決算説明会における質疑応答
[backfill][DOC CACHE HIT] 482A 2026-08-17 1,051文字 「2026年8月期業績予想の修正に関するお知らせ」の再掲載について
[backfill][DOC CACHE HIT] 4019 2026-08-17 26,197文字 2026年12月期 第2四半期決算説明会書き起こし
[backfill][SOURCE 1/3] 2026-08-17 2026年8月期業績予想の修正に関するお知らせ
[backfill][TRY 1/3] 2026-08-17 2026年8月期業績予想の修正に関するお知らせ https://webapi.yanoshin.jp/rd.php?https://www.release.tdnet.info/inbs/140120260817521628.pdf
[backfill][UNUSABLE] 2026-08-17 2026年8月期業績予想の修正に関するお知らせ ctype=application/pdf bytes=100,551
[backfill][TRY 2/3] 2026-08-17 2026年8月期業績予想の修正に関するお知らせ http://webapi.yanoshin.jp/rd.php?https://www.release.tdnet.info/inbs/140120260817521628.pdf
[backfill][UNUSABLE] 2026-08-17 2026年8月期業績予想の修正に関するお知らせ ctype=application/pdf bytes=100,551
[backfill][TRY 3/3] 2026-08-17 2026年8月期業績予想の修正に関するお知らせ https://www.release.tdnet.info/inbs/140120260817521628.pdf
[backfill][UNUSABLE] 2026-08-17 2026年8月期業績予想の修正に関するお知らせ ctype=application/pdf bytes=100,551
[backfill][JPX FAST 2/3] 2026-08-17 2026年8月期業績予想の修正に関するお知らせ https://www2.jpx.co.jp/disc/482A0/140120260817521628.pdf
[backfill][TRY 1/1] 2026-08-17 2026年8月期業績予想の修正に関するお知らせ https://www2.jpx.co.jp/disc/482A0/140120260817521628.pdf
[backfill][HTTP 404] 2026-08-17 2026年8月期業績予想の修正に関するお知らせ
[backfill][SOURCE 3/3] 2026-08-17 2026年8月期業績予想の修正に関するお知らせ
[backfill][SKIP FAILCACHE] 2026-08-17 2026年8月期業績予想の修正に関するお知らせ https://www.release.tdnet.info/inbs/140120260817521628.pdf
[backfill][TRY 2/2] 2026-08-17 2026年8月期業績予想の修正に関するお知らせ http://www.release.tdnet.info/inbs/140120260817521628.pdf
[backfill][TIMEOUT 5s] 2026-08-17 2026年8月期業績予想の修正に関するお知らせ
[backfill][DOC EMPTY] 482A 2026-08-17 17:00:00 2026年8月期業績予想の修正に関するお知らせ raw=https://webapi.yanoshin.jp/rd.php?https://www.release.tdnet.info/inbs/140120260817521
[backfill][DOC CACHE HIT] 5534 2026-08-17 1,123文字 通期連結業績予想の修正に関するお知らせ
[backfill][DOC CACHE HIT] 6036 2026-08-17 28,949文字 （訂正）「2026年6月期第2四半期 決算説明会資料」の一部訂正について
[backfill][DOC CACHE HIT] 7044 2026-08-17 696文字 （訂正）「2026年12月期第２四半期（中間期）決算補足資料」の一部訂正について
[backfill][DOC CACHE HIT] 9439 2026-08-17 1,576文字 通期連結業績予想値と実績値との差異に関するお知らせ
[backfill][DOC CACHE HIT] 9439 2026-08-17 25,306文字 2026年6月期　決算短信〔日本基準〕（連結）
[backfill][DOC CACHE HIT] 9439 2026-08-17 1,166文字 剰余金の配当（無配）に関するお知らせ
[backfill][DOC CACHE HIT] 5251 2026-08-17 2,468文字 （再登録）「中間決算説明資料の開示に関するお知らせ」の再登録について
[backfill][DOC CACHE HIT] 6195 2026-08-17 31,592文字 （訂正・数値データ訂正）「2026年３月期　決算短信〔日本基準〕（連結）」の一部
[backfill][DOC CACHE HIT] 7042 2026-08-17 4,066文字 2027年３月期第１四半期決算説明資料
[backfill][DOC CACHE HIT] 8964 2026-08-17 37,819文字 2026年6月期　決算短信（ＲＥＩＴ）
[backfill][DOC CACHE HIT] 7177 2026-08-17 3,192文字 2026年７月の月次業績（速報）に関するお知らせ
[backfill][DOC CACHE HIT] 3168 2026-08-17 1,149文字 特別配当および期末配当予想の修正に関するお知らせ
[backfill][DOC CACHE HIT] 367A 2026-08-17 500文字 連結子会社からの剰余金の配当受領に関するお知らせ
[backfill][DOC CACHE HIT] 4484 2026-08-17 6,345文字 2027年３月期 第１四半期決算説明会レポート（書き起こし）
[backfill][DOC CACHE HIT] 4651 2026-08-17 9,960文字 2027年３月期　第１四半期決算短信〔日本基準〕（連結）
[backfill][DOC CACHE HIT] 4651 2026-08-17 21,202文字 2027年３月期　第１四半期決算説明資料
[backfill][DOC CACHE HIT] 5242 2026-08-17 1,063文字 2026年12月期第２四半期決算説明会 質疑応答（要旨）
[backfill][DOC CACHE HIT] 7069 2026-08-17 675文字 （訂正）「2026年9月期 第3四半期決算説明資料」の一部訂正について
[backfill][DOC CACHE HIT] 8951 2026-08-17 39,641文字 2026年６月期　決算短信（ＲＥＩＴ）
[backfill][DOC CACHE HIT] 8951 2026-08-17 9,069文字 2026年６月期_決算概要
[backfill][DOC CACHE HIT] 8955 2026-08-17 42,496文字 2026年6月期　決算短信（ＲＥＩＴ）
[backfill][DOC CACHE HIT] 8955 2026-08-17 48,751文字 2026年6月期（第49期）決算説明資料
[backfill][DOC CACHE HIT] 9284 2026-08-17 50,474文字 2026年６月期 決算短信（インフラファンド）
[backfill][DOC CACHE HIT] 2461 2026-08-17 3,208文字 2026年12月期7月度 月次業績速報のお知らせ
[backfill][DOC CACHE HIT] 264A 2026-08-17 891文字 （訂正）「2026年９月期第３四半期決算説明資料」の一部訂正について
[backfill][DOC CACHE HIT] 5632 2026-08-17 559文字 連結子会社からの配当金受領に関するお知らせ
[backfill][DOC CACHE HIT] 2927 2026-08-17 733文字 2026年8月期 期末配当予想の増配に関するお知らせ
[backfill][DOC CACHE HIT] 6061 2026-08-17 1,101文字 （訂正・数値データ訂正）「令和８年６月期　決算短信〔日本基準〕(連結)」の一部訂
[backfill][DOC CACHE HIT] 2991 2026-08-17 1,105文字 2026年７月度　月次業績速報
[backfill][DOC CACHE HIT] 4574 2026-08-17 11,096文字 2026年12月期(FY2026)第２四半期(中間期)連結決算報告
[backfill][DOC CACHE HIT] 4018 2026-08-17 510文字 （訂正）「2026年6月期　決算短信〔日本基準〕（非連結）」の一部訂正に関するお
[backfill][DOC CACHE HIT] 8705 2026-08-17 2,394文字 2026年７月の月次業績等（速報）に関するお知らせ
[backfill][DOC CACHE HIT] 8798 2026-08-17 18,713文字 （訂正・数値データ訂正）「2025年9月期 第1四半期決算短信〔日本基準〕（連結
[backfill][DOC CACHE HIT] 9162 2026-08-17 606文字 （訂正）「2026年６月期 通期連結決算説明資料」の一部訂正について
[backfill][DOC CACHE HIT] 3445 2026-08-17 15,223文字 2026年12月期第２四半期 決算説明会 書き起こし公開のお知らせ
[backfill][DOC CACHE HIT] 319A 2026-08-17 4,923文字 Q&A 2026年12月期第2四半期決算説明
[backfill][XBRL TRY] 9284 https://www.release.tdnet.info/inbs/081220260817521739.zip
[backfill][XBRL TRY] 9284 https://www.release.tdnet.info/inbs/091220260817521739.zip
[backfill][XBRL TRY] 9284 https://www2.jpx.co.jp/disc/92840/081220260817521739.zip
[backfill][XBRL TRY] 9284 https://www2.jpx.co.jp/disc/92840/091220260817521739.zip
[backfill][XBRL TRY] 482A https://www.release.tdnet.info/inbs/081220260817521628.zip
[backfill][XBRL TRY] 482A https://www.release.tdnet.info/inbs/091220260817521628.zip
[backfill][XBRL TRY] 482A https://www2.jpx.co.jp/disc/482A0/081220260817521628.zip
[backfill][XBRL TRY] 482A https://www2.jpx.co.jp/disc/482A0/091220260817521628.zip
[backfill][XBRL TRY] 5534 https://www.release.tdnet.info/inbs/081220260817521941.zip
[backfill][XBRL TRY] 5534 https://www.release.tdnet.info/inbs/091220260817521941.zip
[backfill][XBRL TRY] 5534 https://www2.jpx.co.jp/disc/55340/081220260817521941.zip
[backfill][XBRL TRY] 5534 https://www2.jpx.co.jp/disc/55340/091220260817521941.zip
[backfill][XBRL TRY] 482A https://www.release.tdnet.info/inbs/081220260817522088.zip
[backfill][XBRL TRY] 482A https://www.release.tdnet.info/inbs/091220260817522088.zip
[backfill][XBRL TRY] 482A https://www2.jpx.co.jp/disc/482A0/081220260817522088.zip
[backfill][XBRL TRY] 482A https://www2.jpx.co.jp/disc/482A0/091220260817522088.zip
[backfill][XBRL TRY] 2083 https://www.release.tdnet.info/inbs/081220260818522160.zip
[backfill][XBRL TRY] 2083 https://www.release.tdnet.info/inbs/091220260818522160.zip
[backfill][XBRL TRY] 2083 https://www2.jpx.co.jp/disc/20830/081220260818522160.zip
[backfill][XBRL TRY] 2083 https://www2.jpx.co.jp/disc/20830/091220260818522160.zip
[backfill][XBRL TRY] 2084 https://www.release.tdnet.info/inbs/081220260818522182.zip
[backfill][XBRL TRY] 2084 https://www.release.tdnet.info/inbs/091220260818522182.zip
[backfill][XBRL TRY] 2084 https://www2.jpx.co.jp/disc/20840/081220260818522182.zip
[backfill][XBRL TRY] 2084 https://www2.jpx.co.jp/disc/20840/091220260818522182.zip
[forecast_history] 対象=10 initial=4 revision=0 achievement=0 unresolved=6
[OK] 決算:28件, 増資:8件, TOB:2件, 本文:48件, 予想初期:4件, 予想修正:0件, 達成履歴更新:0件 をDBに保存しました。
=== fetch_all: 完全成功 ===
===== 2026-08-18T14:11:04 END status=success rc=0 =====


===== 2026-08-18T14:20:00 START C:\Users\sasit\AppData\Local\Programs\Python\Python310\pythonw.exe D:\kabu\main\1-スクリーニング自動化プログラム\main\fetch_all.py =====
=== fetch_all: TDnetデータ収集開始 ===
[backfill][DOC CACHE HIT] 2083 2026-08-18 16,082文字 NEXT FUNDS 日本成長株アクティブ上場投信 決算短信
[backfill][DOC CACHE HIT] 2084 2026-08-18 19,835文字 NEXT FUNDS 日本高配当株アクティブ上場投信 決算短信
[backfill][DOC CACHE HIT] 6850 2026-08-18 8,579文字 2027年3月期 第1四半期 決算補足説明資料
[backfill][DOC CACHE HIT] 8084 2026-08-18 5,303文字 2027年３月期第1四半期　決算補足資料
[backfill][DOC CACHE HIT] 2681 2026-08-18 32,813文字 (訂正）「2027年３月期  第１四半期決算説明資料」の一部訂正について
[backfill][DOC CACHE HIT] 9941 2026-08-18 4,037文字 2026年９月期 ７月度　月次業績（売上高）速報
[backfill][DOC CACHE HIT] 4320 2026-08-18 3,984文字 （訂正）「2026年９月期第３四半期決算短信〔日本基準〕（連結）」の一部訂正につ
[backfill][DOC CACHE HIT] 8304 2026-08-18 1,262文字 2027年3月期 第1四半期 自己資本比率について
[backfill][DOC CACHE HIT] 8951 2026-08-18 31,497文字 2026年６月期（第50期）決算説明会資料
[backfill][DOC CACHE HIT] 3660 2026-08-18 5,402文字 2026年６月期通期 決算説明会における質疑応答
[backfill][DOC CACHE HIT] 482A 2026-08-17 1,051文字 「2026年8月期業績予想の修正に関するお知らせ」の再掲載について
[backfill][DOC CACHE HIT] 4019 2026-08-17 26,197文字 2026年12月期 第2四半期決算説明会書き起こし
[backfill][SOURCE 1/3] 2026-08-17 2026年8月期業績予想の修正に関するお知らせ
[backfill][TRY 1/3] 2026-08-17 2026年8月期業績予想の修正に関するお知らせ https://webapi.yanoshin.jp/rd.php?https://www.release.tdnet.info/inbs/140120260817521628.pdf
[backfill][UNUSABLE] 2026-08-17 2026年8月期業績予想の修正に関するお知らせ ctype=application/pdf bytes=100,551
[backfill][TRY 2/3] 2026-08-17 2026年8月期業績予想の修正に関するお知らせ http://webapi.yanoshin.jp/rd.php?https://www.release.tdnet.info/inbs/140120260817521628.pdf
[backfill][UNUSABLE] 2026-08-17 2026年8月期業績予想の修正に関するお知らせ ctype=application/pdf bytes=100,551
[backfill][TRY 3/3] 2026-08-17 2026年8月期業績予想の修正に関するお知らせ https://www.release.tdnet.info/inbs/140120260817521628.pdf
[backfill][UNUSABLE] 2026-08-17 2026年8月期業績予想の修正に関するお知らせ ctype=application/pdf bytes=100,551
[backfill][JPX FAST 2/3] 2026-08-17 2026年8月期業績予想の修正に関するお知らせ https://www2.jpx.co.jp/disc/482A0/140120260817521628.pdf
[backfill][TRY 1/1] 2026-08-17 2026年8月期業績予想の修正に関するお知らせ https://www2.jpx.co.jp/disc/482A0/140120260817521628.pdf
[backfill][HTTP 404] 2026-08-17 2026年8月期業績予想の修正に関するお知らせ
[backfill][SOURCE 3/3] 2026-08-17 2026年8月期業績予想の修正に関するお知らせ
[backfill][SKIP FAILCACHE] 2026-08-17 2026年8月期業績予想の修正に関するお知らせ https://www.release.tdnet.info/inbs/140120260817521628.pdf
[backfill][TRY 2/2] 2026-08-17 2026年8月期業績予想の修正に関するお知らせ http://www.release.tdnet.info/inbs/140120260817521628.pdf
[backfill][TIMEOUT 5s] 2026-08-17 2026年8月期業績予想の修正に関するお知らせ
[backfill][DOC EMPTY] 482A 2026-08-17 17:00:00 2026年8月期業績予想の修正に関するお知らせ raw=https://webapi.yanoshin.jp/rd.php?https://www.release.tdnet.info/inbs/140120260817521
[backfill][DOC CACHE HIT] 5534 2026-08-17 1,123文字 通期連結業績予想の修正に関するお知らせ
[backfill][DOC CACHE HIT] 6036 2026-08-17 28,949文字 （訂正）「2026年6月期第2四半期 決算説明会資料」の一部訂正について
[backfill][DOC CACHE HIT] 7044 2026-08-17 696文字 （訂正）「2026年12月期第２四半期（中間期）決算補足資料」の一部訂正について
[backfill][DOC CACHE HIT] 9439 2026-08-17 1,576文字 通期連結業績予想値と実績値との差異に関するお知らせ
[backfill][DOC CACHE HIT] 9439 2026-08-17 25,306文字 2026年6月期　決算短信〔日本基準〕（連結）
[backfill][DOC CACHE HIT] 9439 2026-08-17 1,166文字 剰余金の配当（無配）に関するお知らせ
[backfill][DOC CACHE HIT] 5251 2026-08-17 2,468文字 （再登録）「中間決算説明資料の開示に関するお知らせ」の再登録について
[backfill][DOC CACHE HIT] 6195 2026-08-17 31,592文字 （訂正・数値データ訂正）「2026年３月期　決算短信〔日本基準〕（連結）」の一部
[backfill][DOC CACHE HIT] 7042 2026-08-17 4,066文字 2027年３月期第１四半期決算説明資料
[backfill][DOC CACHE HIT] 8964 2026-08-17 37,819文字 2026年6月期　決算短信（ＲＥＩＴ）
[backfill][DOC CACHE HIT] 7177 2026-08-17 3,192文字 2026年７月の月次業績（速報）に関するお知らせ
[backfill][DOC CACHE HIT] 3168 2026-08-17 1,149文字 特別配当および期末配当予想の修正に関するお知らせ
[backfill][DOC CACHE HIT] 367A 2026-08-17 500文字 連結子会社からの剰余金の配当受領に関するお知らせ
[backfill][DOC CACHE HIT] 4484 2026-08-17 6,345文字 2027年３月期 第１四半期決算説明会レポート（書き起こし）
[backfill][DOC CACHE HIT] 4651 2026-08-17 9,960文字 2027年３月期　第１四半期決算短信〔日本基準〕（連結）
[backfill][DOC CACHE HIT] 4651 2026-08-17 21,202文字 2027年３月期　第１四半期決算説明資料
[backfill][DOC CACHE HIT] 5242 2026-08-17 1,063文字 2026年12月期第２四半期決算説明会 質疑応答（要旨）
[backfill][DOC CACHE HIT] 7069 2026-08-17 675文字 （訂正）「2026年9月期 第3四半期決算説明資料」の一部訂正について
[backfill][DOC CACHE HIT] 8951 2026-08-17 39,641文字 2026年６月期　決算短信（ＲＥＩＴ）
[backfill][DOC CACHE HIT] 8951 2026-08-17 9,069文字 2026年６月期_決算概要
[backfill][DOC CACHE HIT] 8955 2026-08-17 42,496文字 2026年6月期　決算短信（ＲＥＩＴ）
[backfill][DOC CACHE HIT] 8955 2026-08-17 48,751文字 2026年6月期（第49期）決算説明資料
[backfill][DOC CACHE HIT] 9284 2026-08-17 50,474文字 2026年６月期 決算短信（インフラファンド）
[backfill][DOC CACHE HIT] 2461 2026-08-17 3,208文字 2026年12月期7月度 月次業績速報のお知らせ
[backfill][DOC CACHE HIT] 264A 2026-08-17 891文字 （訂正）「2026年９月期第３四半期決算説明資料」の一部訂正について
[backfill][DOC CACHE HIT] 5632 2026-08-17 559文字 連結子会社からの配当金受領に関するお知らせ
[backfill][DOC CACHE HIT] 2927 2026-08-17 733文字 2026年8月期 期末配当予想の増配に関するお知らせ
[backfill][DOC CACHE HIT] 6061 2026-08-17 1,101文字 （訂正・数値データ訂正）「令和８年６月期　決算短信〔日本基準〕(連結)」の一部訂
[backfill][DOC CACHE HIT] 2991 2026-08-17 1,105文字 2026年７月度　月次業績速報
[backfill][DOC CACHE HIT] 4574 2026-08-17 11,096文字 2026年12月期(FY2026)第２四半期(中間期)連結決算報告
[backfill][DOC CACHE HIT] 4018 2026-08-17 510文字 （訂正）「2026年6月期　決算短信〔日本基準〕（非連結）」の一部訂正に関するお
[backfill][DOC CACHE HIT] 8705 2026-08-17 2,394文字 2026年７月の月次業績等（速報）に関するお知らせ
[backfill][DOC CACHE HIT] 8798 2026-08-17 18,713文字 （訂正・数値データ訂正）「2025年9月期 第1四半期決算短信〔日本基準〕（連結
[backfill][DOC CACHE HIT] 9162 2026-08-17 606文字 （訂正）「2026年６月期 通期連結決算説明資料」の一部訂正について
[backfill][DOC CACHE HIT] 3445 2026-08-17 15,223文字 2026年12月期第２四半期 決算説明会 書き起こし公開のお知らせ
[backfill][DOC CACHE HIT] 319A 2026-08-17 4,923文字 Q&A 2026年12月期第2四半期決算説明
[backfill][XBRL TRY] 9284 https://www.release.tdnet.info/inbs/081220260817521739.zip
[backfill][XBRL TRY] 9284 https://www.release.tdnet.info/inbs/091220260817521739.zip
[backfill][XBRL TRY] 9284 https://www2.jpx.co.jp/disc/92840/081220260817521739.zip
[backfill][XBRL TRY] 9284 https://www2.jpx.co.jp/disc/92840/091220260817521739.zip
[backfill][XBRL TRY] 482A https://www.release.tdnet.info/inbs/081220260817521628.zip
[backfill][XBRL TRY] 482A https://www.release.tdnet.info/inbs/091220260817521628.zip
[backfill][XBRL TRY] 482A https://www2.jpx.co.jp/disc/482A0/081220260817521628.zip
[backfill][XBRL TRY] 482A https://www2.jpx.co.jp/disc/482A0/091220260817521628.zip
[backfill][XBRL TRY] 5534 https://www.release.tdnet.info/inbs/081220260817521941.zip
[backfill][XBRL TRY] 5534 https://www.release.tdnet.info/inbs/091220260817521941.zip
[backfill][XBRL TRY] 5534 https://www2.jpx.co.jp/disc/55340/081220260817521941.zip
[backfill][XBRL TRY] 5534 https://www2.jpx.co.jp/disc/55340/091220260817521941.zip
[backfill][XBRL TRY] 482A https://www.release.tdnet.info/inbs/081220260817522088.zip
[backfill][XBRL TRY] 482A https://www.release.tdnet.info/inbs/091220260817522088.zip
[backfill][XBRL TRY] 482A https://www2.jpx.co.jp/disc/482A0/081220260817522088.zip
[backfill][XBRL TRY] 482A https://www2.jpx.co.jp/disc/482A0/091220260817522088.zip
[backfill][XBRL TRY] 2083 https://www.release.tdnet.info/inbs/081220260818522160.zip
[backfill][XBRL TRY] 2083 https://www.release.tdnet.info/inbs/091220260818522160.zip
[backfill][XBRL TRY] 2083 https://www2.jpx.co.jp/disc/20830/081220260818522160.zip
[backfill][XBRL TRY] 2083 https://www2.jpx.co.jp/disc/20830/091220260818522160.zip
[backfill][XBRL TRY] 2084 https://www.release.tdnet.info/inbs/081220260818522182.zip
[backfill][XBRL TRY] 2084 https://www.release.tdnet.info/inbs/091220260818522182.zip
[backfill][XBRL TRY] 2084 https://www2.jpx.co.jp/disc/20840/081220260818522182.zip
[backfill][XBRL TRY] 2084 https://www2.jpx.co.jp/disc/20840/091220260818522182.zip
[forecast_history] 対象=10 initial=4 revision=0 achievement=0 unresolved=6
[OK] 決算:28件, 増資:8件, TOB:2件, 本文:48件, 予想初期:4件, 予想修正:0件, 達成履歴更新:0件 をDBに保存しました。
=== fetch_all: 完全成功 ===
===== 2026-08-18T14:21:00 END status=success rc=0 =====


===== 2026-08-18T14:30:00 START C:\Users\sasit\AppData\Local\Programs\Python\Python310\pythonw.exe D:\kabu\main\1-スクリーニング自動化プログラム\main\fetch_all.py =====
=== fetch_all: TDnetデータ収集開始 ===
[backfill][SOURCE 1/3] 2026-08-18 （訂正）「令和9年3月期第1四半期決算短信〔日本基準〕（連結）」の一部訂正に関するお
[backfill][TRY 1/3] 2026-08-18 （訂正）「令和9年3月期第1四半期決算短信〔日本基準〕（連結）」の一部訂正に関するお https://webapi.yanoshin.jp/rd.php?https://www.release.tdnet.info/inbs/140120260818522411.pdf
[backfill][URL OK] 2026-08-18 （訂正）「令和9年3月期第1四半期決算短信〔日本基準〕（連結）」の一部訂正に関するお pdf 601文字
[backfill][DOC OK] 9887 2026-08-18 pdf 601文字 （訂正）「令和9年3月期第1四半期決算短信〔日本基準〕（連結）」の一部訂正に関す
[backfill][SOURCE 1/3] 2026-08-18 剰余金の配当に関するお知らせ
[backfill][TRY 1/3] 2026-08-18 剰余金の配当に関するお知らせ https://webapi.yanoshin.jp/rd.php?https://www.release.tdnet.info/inbs/140120260818522233.pdf
[backfill][URL OK] 2026-08-18 剰余金の配当に関するお知らせ pdf 1,043文字
[backfill][DOC OK] 4826 2026-08-18 pdf 1,043文字 剰余金の配当に関するお知らせ
[backfill][SOURCE 1/3] 2026-08-18 2026年6月期　決算説明資料
[backfill][TRY 1/3] 2026-08-18 2026年6月期　決算説明資料 https://webapi.yanoshin.jp/rd.php?https://www.release.tdnet.info/inbs/140120260817522041.pdf
[backfill][URL OK] 2026-08-18 2026年6月期　決算説明資料 pdf 25,533文字
[backfill][DOC OK] 6340 2026-08-18 pdf 25,533文字 2026年6月期　決算説明資料
[backfill][DOC CACHE HIT] 2083 2026-08-18 16,082文字 NEXT FUNDS 日本成長株アクティブ上場投信 決算短信
[backfill][DOC CACHE HIT] 2084 2026-08-18 19,835文字 NEXT FUNDS 日本高配当株アクティブ上場投信 決算短信
[backfill][DOC CACHE HIT] 6850 2026-08-18 8,579文字 2027年3月期 第1四半期 決算補足説明資料
[backfill][DOC CACHE HIT] 8084 2026-08-18 5,303文字 2027年３月期第1四半期　決算補足資料
[backfill][DOC CACHE HIT] 2681 2026-08-18 32,813文字 (訂正）「2027年３月期  第１四半期決算説明資料」の一部訂正について
[backfill][DOC CACHE HIT] 9941 2026-08-18 4,037文字 2026年９月期 ７月度　月次業績（売上高）速報
[backfill][DOC CACHE HIT] 4320 2026-08-18 3,984文字 （訂正）「2026年９月期第３四半期決算短信〔日本基準〕（連結）」の一部訂正につ
[backfill][DOC CACHE HIT] 8304 2026-08-18 1,262文字 2027年3月期 第1四半期 自己資本比率について
[backfill][DOC CACHE HIT] 8951 2026-08-18 31,497文字 2026年６月期（第50期）決算説明会資料
[backfill][DOC CACHE HIT] 3660 2026-08-18 5,402文字 2026年６月期通期 決算説明会における質疑応答
[backfill][DOC CACHE HIT] 482A 2026-08-17 1,051文字 「2026年8月期業績予想の修正に関するお知らせ」の再掲載について
[backfill][DOC CACHE HIT] 4019 2026-08-17 26,197文字 2026年12月期 第2四半期決算説明会書き起こし
[backfill][SOURCE 1/3] 2026-08-17 2026年8月期業績予想の修正に関するお知らせ
[backfill][TRY 1/3] 2026-08-17 2026年8月期業績予想の修正に関するお知らせ https://webapi.yanoshin.jp/rd.php?https://www.release.tdnet.info/inbs/140120260817521628.pdf
[backfill][UNUSABLE] 2026-08-17 2026年8月期業績予想の修正に関するお知らせ ctype=application/pdf bytes=100,551
[backfill][TRY 2/3] 2026-08-17 2026年8月期業績予想の修正に関するお知らせ http://webapi.yanoshin.jp/rd.php?https://www.release.tdnet.info/inbs/140120260817521628.pdf
[backfill][UNUSABLE] 2026-08-17 2026年8月期業績予想の修正に関するお知らせ ctype=application/pdf bytes=100,551
[backfill][TRY 3/3] 2026-08-17 2026年8月期業績予想の修正に関するお知らせ https://www.release.tdnet.info/inbs/140120260817521628.pdf
[backfill][UNUSABLE] 2026-08-17 2026年8月期業績予想の修正に関するお知らせ ctype=application/pdf bytes=100,551
[backfill][JPX FAST 2/3] 2026-08-17 2026年8月期業績予想の修正に関するお知らせ https://www2.jpx.co.jp/disc/482A0/140120260817521628.pdf
[backfill][TRY 1/1] 2026-08-17 2026年8月期業績予想の修正に関するお知らせ https://www2.jpx.co.jp/disc/482A0/140120260817521628.pdf
[backfill][HTTP 404] 2026-08-17 2026年8月期業績予想の修正に関するお知らせ
[backfill][SOURCE 3/3] 2026-08-17 2026年8月期業績予想の修正に関するお知らせ
[backfill][SKIP FAILCACHE] 2026-08-17 2026年8月期業績予想の修正に関するお知らせ https://www.release.tdnet.info/inbs/140120260817521628.pdf
[backfill][TRY 2/2] 2026-08-17 2026年8月期業績予想の修正に関するお知らせ http://www.release.tdnet.info/inbs/140120260817521628.pdf
[backfill][TIMEOUT 5s] 2026-08-17 2026年8月期業績予想の修正に関するお知らせ
[backfill][DOC EMPTY] 482A 2026-08-17 17:00:00 2026年8月期業績予想の修正に関するお知らせ raw=https://webapi.yanoshin.jp/rd.php?https://www.release.tdnet.info/inbs/140120260817521
[backfill][DOC CACHE HIT] 5534 2026-08-17 1,123文字 通期連結業績予想の修正に関するお知らせ
[backfill][DOC CACHE HIT] 6036 2026-08-17 28,949文字 （訂正）「2026年6月期第2四半期 決算説明会資料」の一部訂正について
[backfill][DOC CACHE HIT] 7044 2026-08-17 696文字 （訂正）「2026年12月期第２四半期（中間期）決算補足資料」の一部訂正について
[backfill][DOC CACHE HIT] 9439 2026-08-17 1,576文字 通期連結業績予想値と実績値との差異に関するお知らせ
[backfill][DOC CACHE HIT] 9439 2026-08-17 25,306文字 2026年6月期　決算短信〔日本基準〕（連結）
[backfill][DOC CACHE HIT] 9439 2026-08-17 1,166文字 剰余金の配当（無配）に関するお知らせ
[backfill][DOC CACHE HIT] 5251 2026-08-17 2,468文字 （再登録）「中間決算説明資料の開示に関するお知らせ」の再登録について
[backfill][DOC CACHE HIT] 6195 2026-08-17 31,592文字 （訂正・数値データ訂正）「2026年３月期　決算短信〔日本基準〕（連結）」の一部
[backfill][DOC CACHE HIT] 7042 2026-08-17 4,066文字 2027年３月期第１四半期決算説明資料
[backfill][DOC CACHE HIT] 8964 2026-08-17 37,819文字 2026年6月期　決算短信（ＲＥＩＴ）
[backfill][DOC CACHE HIT] 7177 2026-08-17 3,192文字 2026年７月の月次業績（速報）に関するお知らせ
[backfill][DOC CACHE HIT] 3168 2026-08-17 1,149文字 特別配当および期末配当予想の修正に関するお知らせ
[backfill][DOC CACHE HIT] 367A 2026-08-17 500文字 連結子会社からの剰余金の配当受領に関するお知らせ
[backfill][DOC CACHE HIT] 4484 2026-08-17 6,345文字 2027年３月期 第１四半期決算説明会レポート（書き起こし）
[backfill][DOC CACHE HIT] 4651 2026-08-17 9,960文字 2027年３月期　第１四半期決算短信〔日本基準〕（連結）
[backfill][DOC CACHE HIT] 4651 2026-08-17 21,202文字 2027年３月期　第１四半期決算説明資料
[backfill][DOC CACHE HIT] 5242 2026-08-17 1,063文字 2026年12月期第２四半期決算説明会 質疑応答（要旨）
[backfill][DOC CACHE HIT] 7069 2026-08-17 675文字 （訂正）「2026年9月期 第3四半期決算説明資料」の一部訂正について
[backfill][DOC CACHE HIT] 8951 2026-08-17 39,641文字 2026年６月期　決算短信（ＲＥＩＴ）
[backfill][DOC CACHE HIT] 8951 2026-08-17 9,069文字 2026年６月期_決算概要
[backfill][DOC CACHE HIT] 8955 2026-08-17 42,496文字 2026年6月期　決算短信（ＲＥＩＴ）
[backfill][DOC CACHE HIT] 8955 2026-08-17 48,751文字 2026年6月期（第49期）決算説明資料
[backfill][DOC CACHE HIT] 9284 2026-08-17 50,474文字 2026年６月期 決算短信（インフラファンド）
[backfill][DOC CACHE HIT] 2461 2026-08-17 3,208文字 2026年12月期7月度 月次業績速報のお知らせ
[backfill][DOC CACHE HIT] 264A 2026-08-17 891文字 （訂正）「2026年９月期第３四半期決算説明資料」の一部訂正について
[backfill][DOC CACHE HIT] 5632 2026-08-17 559文字 連結子会社からの配当金受領に関するお知らせ
[backfill][DOC CACHE HIT] 2927 2026-08-17 733文字 2026年8月期 期末配当予想の増配に関するお知らせ
[backfill][DOC CACHE HIT] 6061 2026-08-17 1,101文字 （訂正・数値データ訂正）「令和８年６月期　決算短信〔日本基準〕(連結)」の一部訂
[backfill][DOC CACHE HIT] 2991 2026-08-17 1,105文字 2026年７月度　月次業績速報
[backfill][DOC CACHE HIT] 4574 2026-08-17 11,096文字 2026年12月期(FY2026)第２四半期(中間期)連結決算報告
[backfill][DOC CACHE HIT] 4018 2026-08-17 510文字 （訂正）「2026年6月期　決算短信〔日本基準〕（非連結）」の一部訂正に関するお
[backfill][DOC CACHE HIT] 8705 2026-08-17 2,394文字 2026年７月の月次業績等（速報）に関するお知らせ
[backfill][DOC CACHE HIT] 8798 2026-08-17 18,713文字 （訂正・数値データ訂正）「2025年9月期 第1四半期決算短信〔日本基準〕（連結
[backfill][DOC CACHE HIT] 9162 2026-08-17 606文字 （訂正）「2026年６月期 通期連結決算説明資料」の一部訂正について
[backfill][DOC CACHE HIT] 3445 2026-08-17 15,223文字 2026年12月期第２四半期 決算説明会 書き起こし公開のお知らせ
[backfill][DOC CACHE HIT] 319A 2026-08-17 4,923文字 Q&A 2026年12月期第2四半期決算説明
[backfill][XBRL TRY] 9284 https://www.release.tdnet.info/inbs/081220260817521739.zip
[backfill][XBRL TRY] 9284 https://www.release.tdnet.info/inbs/091220260817521739.zip
[backfill][XBRL TRY] 9284 https://www2.jpx.co.jp/disc/92840/081220260817521739.zip
[backfill][XBRL TRY] 9284 https://www2.jpx.co.jp/disc/92840/091220260817521739.zip
[backfill][XBRL TRY] 482A https://www.release.tdnet.info/inbs/081220260817521628.zip
[backfill][XBRL TRY] 482A https://www.release.tdnet.info/inbs/091220260817521628.zip
[backfill][XBRL TRY] 482A https://www2.jpx.co.jp/disc/482A0/081220260817521628.zip
[backfill][XBRL TRY] 482A https://www2.jpx.co.jp/disc/482A0/091220260817521628.zip
[backfill][XBRL TRY] 5534 https://www.release.tdnet.info/inbs/081220260817521941.zip
[backfill][XBRL TRY] 5534 https://www.release.tdnet.info/inbs/091220260817521941.zip
[backfill][XBRL TRY] 5534 https://www2.jpx.co.jp/disc/55340/081220260817521941.zip
[backfill][XBRL TRY] 5534 https://www2.jpx.co.jp/disc/55340/091220260817521941.zip
[backfill][XBRL TRY] 482A https://www.release.tdnet.info/inbs/081220260817522088.zip
[backfill][XBRL TRY] 482A https://www.release.tdnet.info/inbs/091220260817522088.zip
[backfill][XBRL TRY] 482A https://www2.jpx.co.jp/disc/482A0/081220260817522088.zip
[backfill][XBRL TRY] 482A https://www2.jpx.co.jp/disc/482A0/091220260817522088.zip
[backfill][XBRL TRY] 2083 https://www.release.tdnet.info/inbs/081220260818522160.zip
[backfill][XBRL TRY] 2083 https://www.release.tdnet.info/inbs/091220260818522160.zip
[backfill][XBRL TRY] 2083 https://www2.jpx.co.jp/disc/20830/081220260818522160.zip
[backfill][XBRL TRY] 2083 https://www2.jpx.co.jp/disc/20830/091220260818522160.zip
[backfill][XBRL TRY] 2084 https://www.release.tdnet.info/inbs/081220260818522182.zip
[backfill][XBRL TRY] 2084 https://www.release.tdnet.info/inbs/091220260818522182.zip
[backfill][XBRL TRY] 2084 https://www2.jpx.co.jp/disc/20840/081220260818522182.zip
[backfill][XBRL TRY] 2084 https://www2.jpx.co.jp/disc/20840/091220260818522182.zip
[forecast_history] 対象=10 initial=4 revision=0 achievement=0 unresolved=6
[OK] 決算:29件, 増資:8件, TOB:2件, 本文:51件, 予想初期:4件, 予想修正:0件, 達成履歴更新:0件 をDBに保存しました。
=== fetch_all: 完全成功 ===
===== 2026-08-18T14:31:09 END status=success rc=0 =====


===== 2026-08-18T14:40:00 START C:\Users\sasit\AppData\Local\Programs\Python\Python310\pythonw.exe D:\kabu\main\1-スクリーニング自動化プログラム\main\fetch_all.py =====
=== fetch_all: TDnetデータ収集開始 ===
[backfill][DOC CACHE HIT] 9887 2026-08-18 601文字 （訂正）「令和9年3月期第1四半期決算短信〔日本基準〕（連結）」の一部訂正に関す
[backfill][DOC CACHE HIT] 4826 2026-08-18 1,043文字 剰余金の配当に関するお知らせ
[backfill][DOC CACHE HIT] 6340 2026-08-18 25,533文字 2026年6月期　決算説明資料
[backfill][DOC CACHE HIT] 2083 2026-08-18 16,082文字 NEXT FUNDS 日本成長株アクティブ上場投信 決算短信
[backfill][DOC CACHE HIT] 2084 2026-08-18 19,835文字 NEXT FUNDS 日本高配当株アクティブ上場投信 決算短信
[backfill][DOC CACHE HIT] 6850 2026-08-18 8,579文字 2027年3月期 第1四半期 決算補足説明資料
[backfill][DOC CACHE HIT] 8084 2026-08-18 5,303文字 2027年３月期第1四半期　決算補足資料
[backfill][DOC CACHE HIT] 2681 2026-08-18 32,813文字 (訂正）「2027年３月期  第１四半期決算説明資料」の一部訂正について
[backfill][DOC CACHE HIT] 9941 2026-08-18 4,037文字 2026年９月期 ７月度　月次業績（売上高）速報
[backfill][DOC CACHE HIT] 4320 2026-08-18 3,984文字 （訂正）「2026年９月期第３四半期決算短信〔日本基準〕（連結）」の一部訂正につ
[backfill][DOC CACHE HIT] 8304 2026-08-18 1,262文字 2027年3月期 第1四半期 自己資本比率について
[backfill][DOC CACHE HIT] 8951 2026-08-18 31,497文字 2026年６月期（第50期）決算説明会資料
[backfill][DOC CACHE HIT] 3660 2026-08-18 5,402文字 2026年６月期通期 決算説明会における質疑応答
[backfill][DOC CACHE HIT] 482A 2026-08-17 1,051文字 「2026年8月期業績予想の修正に関するお知らせ」の再掲載について
[backfill][DOC CACHE HIT] 4019 2026-08-17 26,197文字 2026年12月期 第2四半期決算説明会書き起こし
[backfill][SOURCE 1/3] 2026-08-17 2026年8月期業績予想の修正に関するお知らせ
[backfill][TRY 1/3] 2026-08-17 2026年8月期業績予想の修正に関するお知らせ https://webapi.yanoshin.jp/rd.php?https://www.release.tdnet.info/inbs/140120260817521628.pdf
[backfill][UNUSABLE] 2026-08-17 2026年8月期業績予想の修正に関するお知らせ ctype=application/pdf bytes=100,551
[backfill][TRY 2/3] 2026-08-17 2026年8月期業績予想の修正に関するお知らせ http://webapi.yanoshin.jp/rd.php?https://www.release.tdnet.info/inbs/140120260817521628.pdf
[backfill][UNUSABLE] 2026-08-17 2026年8月期業績予想の修正に関するお知らせ ctype=application/pdf bytes=100,551
[backfill][TRY 3/3] 2026-08-17 2026年8月期業績予想の修正に関するお知らせ https://www.release.tdnet.info/inbs/140120260817521628.pdf
[backfill][UNUSABLE] 2026-08-17 2026年8月期業績予想の修正に関するお知らせ ctype=application/pdf bytes=100,551
[backfill][JPX FAST 2/3] 2026-08-17 2026年8月期業績予想の修正に関するお知らせ https://www2.jpx.co.jp/disc/482A0/140120260817521628.pdf
[backfill][TRY 1/1] 2026-08-17 2026年8月期業績予想の修正に関するお知らせ https://www2.jpx.co.jp/disc/482A0/140120260817521628.pdf
[backfill][HTTP 404] 2026-08-17 2026年8月期業績予想の修正に関するお知らせ
[backfill][SOURCE 3/3] 2026-08-17 2026年8月期業績予想の修正に関するお知らせ
[backfill][SKIP FAILCACHE] 2026-08-17 2026年8月期業績予想の修正に関するお知らせ https://www.release.tdnet.info/inbs/140120260817521628.pdf
[backfill][TRY 2/2] 2026-08-17 2026年8月期業績予想の修正に関するお知らせ http://www.release.tdnet.info/inbs/140120260817521628.pdf
[backfill][TIMEOUT 5s] 2026-08-17 2026年8月期業績予想の修正に関するお知らせ
[backfill][DOC EMPTY] 482A 2026-08-17 17:00:00 2026年8月期業績予想の修正に関するお知らせ raw=https://webapi.yanoshin.jp/rd.php?https://www.release.tdnet.info/inbs/140120260817521
[backfill][DOC CACHE HIT] 5534 2026-08-17 1,123文字 通期連結業績予想の修正に関するお知らせ
[backfill][DOC CACHE HIT] 6036 2026-08-17 28,949文字 （訂正）「2026年6月期第2四半期 決算説明会資料」の一部訂正について
[backfill][DOC CACHE HIT] 7044 2026-08-17 696文字 （訂正）「2026年12月期第２四半期（中間期）決算補足資料」の一部訂正について
[backfill][DOC CACHE HIT] 9439 2026-08-17 1,576文字 通期連結業績予想値と実績値との差異に関するお知らせ
[backfill][DOC CACHE HIT] 9439 2026-08-17 25,306文字 2026年6月期　決算短信〔日本基準〕（連結）
[backfill][DOC CACHE HIT] 9439 2026-08-17 1,166文字 剰余金の配当（無配）に関するお知らせ
[backfill][DOC CACHE HIT] 5251 2026-08-17 2,468文字 （再登録）「中間決算説明資料の開示に関するお知らせ」の再登録について
[backfill][DOC CACHE HIT] 6195 2026-08-17 31,592文字 （訂正・数値データ訂正）「2026年３月期　決算短信〔日本基準〕（連結）」の一部
[backfill][DOC CACHE HIT] 7042 2026-08-17 4,066文字 2027年３月期第１四半期決算説明資料
[backfill][DOC CACHE HIT] 8964 2026-08-17 37,819文字 2026年6月期　決算短信（ＲＥＩＴ）
[backfill][DOC CACHE HIT] 7177 2026-08-17 3,192文字 2026年７月の月次業績（速報）に関するお知らせ
[backfill][DOC CACHE HIT] 3168 2026-08-17 1,149文字 特別配当および期末配当予想の修正に関するお知らせ
[backfill][DOC CACHE HIT] 367A 2026-08-17 500文字 連結子会社からの剰余金の配当受領に関するお知らせ
[backfill][DOC CACHE HIT] 4484 2026-08-17 6,345文字 2027年３月期 第１四半期決算説明会レポート（書き起こし）
[backfill][DOC CACHE HIT] 4651 2026-08-17 9,960文字 2027年３月期　第１四半期決算短信〔日本基準〕（連結）
[backfill][DOC CACHE HIT] 4651 2026-08-17 21,202文字 2027年３月期　第１四半期決算説明資料
[backfill][DOC CACHE HIT] 5242 2026-08-17 1,063文字 2026年12月期第２四半期決算説明会 質疑応答（要旨）
[backfill][DOC CACHE HIT] 7069 2026-08-17 675文字 （訂正）「2026年9月期 第3四半期決算説明資料」の一部訂正について
[backfill][DOC CACHE HIT] 8951 2026-08-17 39,641文字 2026年６月期　決算短信（ＲＥＩＴ）
[backfill][DOC CACHE HIT] 8951 2026-08-17 9,069文字 2026年６月期_決算概要
[backfill][DOC CACHE HIT] 8955 2026-08-17 42,496文字 2026年6月期　決算短信（ＲＥＩＴ）
[backfill][DOC CACHE HIT] 8955 2026-08-17 48,751文字 2026年6月期（第49期）決算説明資料
[backfill][DOC CACHE HIT] 9284 2026-08-17 50,474文字 2026年６月期 決算短信（インフラファンド）
[backfill][DOC CACHE HIT] 2461 2026-08-17 3,208文字 2026年12月期7月度 月次業績速報のお知らせ
[backfill][DOC CACHE HIT] 264A 2026-08-17 891文字 （訂正）「2026年９月期第３四半期決算説明資料」の一部訂正について
[backfill][DOC CACHE HIT] 5632 2026-08-17 559文字 連結子会社からの配当金受領に関するお知らせ
[backfill][DOC CACHE HIT] 2927 2026-08-17 733文字 2026年8月期 期末配当予想の増配に関するお知らせ
[backfill][DOC CACHE HIT] 6061 2026-08-17 1,101文字 （訂正・数値データ訂正）「令和８年６月期　決算短信〔日本基準〕(連結)」の一部訂
[backfill][DOC CACHE HIT] 2991 2026-08-17 1,105文字 2026年７月度　月次業績速報
[backfill][DOC CACHE HIT] 4574 2026-08-17 11,096文字 2026年12月期(FY2026)第２四半期(中間期)連結決算報告
[backfill][DOC CACHE HIT] 4018 2026-08-17 510文字 （訂正）「2026年6月期　決算短信〔日本基準〕（非連結）」の一部訂正に関するお
[backfill][DOC CACHE HIT] 8705 2026-08-17 2,394文字 2026年７月の月次業績等（速報）に関するお知らせ
[backfill][DOC CACHE HIT] 8798 2026-08-17 18,713文字 （訂正・数値データ訂正）「2025年9月期 第1四半期決算短信〔日本基準〕（連結
[backfill][DOC CACHE HIT] 9162 2026-08-17 606文字 （訂正）「2026年６月期 通期連結決算説明資料」の一部訂正について
[backfill][DOC CACHE HIT] 3445 2026-08-17 15,223文字 2026年12月期第２四半期 決算説明会 書き起こし公開のお知らせ
[backfill][DOC CACHE HIT] 319A 2026-08-17 4,923文字 Q&A 2026年12月期第2四半期決算説明
[backfill][XBRL TRY] 9284 https://www.release.tdnet.info/inbs/081220260817521739.zip
[backfill][XBRL TRY] 9284 https://www.release.tdnet.info/inbs/091220260817521739.zip
[backfill][XBRL TRY] 9284 https://www2.jpx.co.jp/disc/92840/081220260817521739.zip
[backfill][XBRL TRY] 9284 https://www2.jpx.co.jp/disc/92840/091220260817521739.zip
[backfill][XBRL TRY] 482A https://www.release.tdnet.info/inbs/081220260817521628.zip
[backfill][XBRL TRY] 482A https://www.release.tdnet.info/inbs/091220260817521628.zip
[backfill][XBRL TRY] 482A https://www2.jpx.co.jp/disc/482A0/081220260817521628.zip
[backfill][XBRL TRY] 482A https://www2.jpx.co.jp/disc/482A0/091220260817521628.zip
[backfill][XBRL TRY] 5534 https://www.release.tdnet.info/inbs/081220260817521941.zip
[backfill][XBRL TRY] 5534 https://www.release.tdnet.info/inbs/091220260817521941.zip
[backfill][XBRL TRY] 5534 https://www2.jpx.co.jp/disc/55340/081220260817521941.zip
[backfill][XBRL TRY] 5534 https://www2.jpx.co.jp/disc/55340/091220260817521941.zip
[backfill][XBRL TRY] 482A https://www.release.tdnet.info/inbs/081220260817522088.zip
[backfill][XBRL TRY] 482A https://www.release.tdnet.info/inbs/091220260817522088.zip
[backfill][XBRL TRY] 482A https://www2.jpx.co.jp/disc/482A0/081220260817522088.zip
[backfill][XBRL TRY] 482A https://www2.jpx.co.jp/disc/482A0/091220260817522088.zip
[backfill][XBRL TRY] 2083 https://www.release.tdnet.info/inbs/081220260818522160.zip
[backfill][XBRL TRY] 2083 https://www.release.tdnet.info/inbs/091220260818522160.zip
[backfill][XBRL TRY] 2083 https://www2.jpx.co.jp/disc/20830/081220260818522160.zip
[backfill][XBRL TRY] 2083 https://www2.jpx.co.jp/disc/20830/091220260818522160.zip
[backfill][XBRL TRY] 2084 https://www.release.tdnet.info/inbs/081220260818522182.zip
[backfill][XBRL TRY] 2084 https://www.release.tdnet.info/inbs/091220260818522182.zip
[backfill][XBRL TRY] 2084 https://www2.jpx.co.jp/disc/20840/081220260818522182.zip
[backfill][XBRL TRY] 2084 https://www2.jpx.co.jp/disc/20840/091220260818522182.zip
[forecast_history] 対象=10 initial=4 revision=0 achievement=0 unresolved=6
[OK] 決算:29件, 増資:9件, TOB:2件, 本文:51件, 予想初期:4件, 予想修正:0件, 達成履歴更新:0件 をDBに保存しました。
=== fetch_all: 完全成功 ===
===== 2026-08-18T14:41:04 END status=success rc=0 =====


===== 2026-08-18T14:50:01 START C:\Users\sasit\AppData\Local\Programs\Python\Python310\pythonw.exe D:\kabu\main\1-スクリーニング自動化プログラム\main\fetch_all.py =====
=== fetch_all: TDnetデータ収集開始 ===
[backfill][DOC CACHE HIT] 9887 2026-08-18 601文字 （訂正）「令和9年3月期第1四半期決算短信〔日本基準〕（連結）」の一部訂正に関す
[backfill][DOC CACHE HIT] 4826 2026-08-18 1,043文字 剰余金の配当に関するお知らせ
[backfill][DOC CACHE HIT] 6340 2026-08-18 25,533文字 2026年6月期　決算説明資料
[backfill][DOC CACHE HIT] 2083 2026-08-18 16,082文字 NEXT FUNDS 日本成長株アクティブ上場投信 決算短信
[backfill][DOC CACHE HIT] 2084 2026-08-18 19,835文字 NEXT FUNDS 日本高配当株アクティブ上場投信 決算短信
[backfill][DOC CACHE HIT] 6850 2026-08-18 8,579文字 2027年3月期 第1四半期 決算補足説明資料
[backfill][DOC CACHE HIT] 8084 2026-08-18 5,303文字 2027年３月期第1四半期　決算補足資料
[backfill][DOC CACHE HIT] 2681 2026-08-18 32,813文字 (訂正）「2027年３月期  第１四半期決算説明資料」の一部訂正について
[backfill][DOC CACHE HIT] 9941 2026-08-18 4,037文字 2026年９月期 ７月度　月次業績（売上高）速報
[backfill][DOC CACHE HIT] 4320 2026-08-18 3,984文字 （訂正）「2026年９月期第３四半期決算短信〔日本基準〕（連結）」の一部訂正につ
[backfill][DOC CACHE HIT] 8304 2026-08-18 1,262文字 2027年3月期 第1四半期 自己資本比率について
[backfill][DOC CACHE HIT] 8951 2026-08-18 31,497文字 2026年６月期（第50期）決算説明会資料
[backfill][DOC CACHE HIT] 3660 2026-08-18 5,402文字 2026年６月期通期 決算説明会における質疑応答
[backfill][DOC CACHE HIT] 482A 2026-08-17 1,051文字 「2026年8月期業績予想の修正に関するお知らせ」の再掲載について
[backfill][DOC CACHE HIT] 4019 2026-08-17 26,197文字 2026年12月期 第2四半期決算説明会書き起こし
[backfill][SOURCE 1/3] 2026-08-17 2026年8月期業績予想の修正に関するお知らせ
[backfill][TRY 1/3] 2026-08-17 2026年8月期業績予想の修正に関するお知らせ https://webapi.yanoshin.jp/rd.php?https://www.release.tdnet.info/inbs/140120260817521628.pdf
[backfill][UNUSABLE] 2026-08-17 2026年8月期業績予想の修正に関するお知らせ ctype=application/pdf bytes=100,551
[backfill][TRY 2/3] 2026-08-17 2026年8月期業績予想の修正に関するお知らせ http://webapi.yanoshin.jp/rd.php?https://www.release.tdnet.info/inbs/140120260817521628.pdf
[backfill][UNUSABLE] 2026-08-17 2026年8月期業績予想の修正に関するお知らせ ctype=application/pdf bytes=100,551
[backfill][TRY 3/3] 2026-08-17 2026年8月期業績予想の修正に関するお知らせ https://www.release.tdnet.info/inbs/140120260817521628.pdf
[backfill][UNUSABLE] 2026-08-17 2026年8月期業績予想の修正に関するお知らせ ctype=application/pdf bytes=100,551
[backfill][JPX FAST 2/3] 2026-08-17 2026年8月期業績予想の修正に関するお知らせ https://www2.jpx.co.jp/disc/482A0/140120260817521628.pdf
[backfill][TRY 1/1] 2026-08-17 2026年8月期業績予想の修正に関するお知らせ https://www2.jpx.co.jp/disc/482A0/140120260817521628.pdf
[backfill][HTTP 404] 2026-08-17 2026年8月期業績予想の修正に関するお知らせ
[backfill][SOURCE 3/3] 2026-08-17 2026年8月期業績予想の修正に関するお知らせ
[backfill][SKIP FAILCACHE] 2026-08-17 2026年8月期業績予想の修正に関するお知らせ https://www.release.tdnet.info/inbs/140120260817521628.pdf
[backfill][TRY 2/2] 2026-08-17 2026年8月期業績予想の修正に関するお知らせ http://www.release.tdnet.info/inbs/140120260817521628.pdf
[backfill][TIMEOUT 5s] 2026-08-17 2026年8月期業績予想の修正に関するお知らせ
[backfill][DOC EMPTY] 482A 2026-08-17 17:00:00 2026年8月期業績予想の修正に関するお知らせ raw=https://webapi.yanoshin.jp/rd.php?https://www.release.tdnet.info/inbs/140120260817521
[backfill][DOC CACHE HIT] 5534 2026-08-17 1,123文字 通期連結業績予想の修正に関するお知らせ
[backfill][DOC CACHE HIT] 6036 2026-08-17 28,949文字 （訂正）「2026年6月期第2四半期 決算説明会資料」の一部訂正について
[backfill][DOC CACHE HIT] 7044 2026-08-17 696文字 （訂正）「2026年12月期第２四半期（中間期）決算補足資料」の一部訂正について
[backfill][DOC CACHE HIT] 9439 2026-08-17 1,576文字 通期連結業績予想値と実績値との差異に関するお知らせ
[backfill][DOC CACHE HIT] 9439 2026-08-17 25,306文字 2026年6月期　決算短信〔日本基準〕（連結）
[backfill][DOC CACHE HIT] 9439 2026-08-17 1,166文字 剰余金の配当（無配）に関するお知らせ
[backfill][DOC CACHE HIT] 5251 2026-08-17 2,468文字 （再登録）「中間決算説明資料の開示に関するお知らせ」の再登録について
[backfill][DOC CACHE HIT] 6195 2026-08-17 31,592文字 （訂正・数値データ訂正）「2026年３月期　決算短信〔日本基準〕（連結）」の一部
[backfill][DOC CACHE HIT] 7042 2026-08-17 4,066文字 2027年３月期第１四半期決算説明資料
[backfill][DOC CACHE HIT] 8964 2026-08-17 37,819文字 2026年6月期　決算短信（ＲＥＩＴ）
[backfill][DOC CACHE HIT] 7177 2026-08-17 3,192文字 2026年７月の月次業績（速報）に関するお知らせ
[backfill][DOC CACHE HIT] 3168 2026-08-17 1,149文字 特別配当および期末配当予想の修正に関するお知らせ
[backfill][DOC CACHE HIT] 367A 2026-08-17 500文字 連結子会社からの剰余金の配当受領に関するお知らせ
[backfill][DOC CACHE HIT] 4484 2026-08-17 6,345文字 2027年３月期 第１四半期決算説明会レポート（書き起こし）
[backfill][DOC CACHE HIT] 4651 2026-08-17 9,960文字 2027年３月期　第１四半期決算短信〔日本基準〕（連結）
[backfill][DOC CACHE HIT] 4651 2026-08-17 21,202文字 2027年３月期　第１四半期決算説明資料
[backfill][DOC CACHE HIT] 5242 2026-08-17 1,063文字 2026年12月期第２四半期決算説明会 質疑応答（要旨）
[backfill][DOC CACHE HIT] 7069 2026-08-17 675文字 （訂正）「2026年9月期 第3四半期決算説明資料」の一部訂正について
[backfill][DOC CACHE HIT] 8951 2026-08-17 39,641文字 2026年６月期　決算短信（ＲＥＩＴ）
[backfill][DOC CACHE HIT] 8951 2026-08-17 9,069文字 2026年６月期_決算概要
[backfill][DOC CACHE HIT] 8955 2026-08-17 42,496文字 2026年6月期　決算短信（ＲＥＩＴ）
[backfill][DOC CACHE HIT] 8955 2026-08-17 48,751文字 2026年6月期（第49期）決算説明資料
[backfill][DOC CACHE HIT] 9284 2026-08-17 50,474文字 2026年６月期 決算短信（インフラファンド）
[backfill][DOC CACHE HIT] 2461 2026-08-17 3,208文字 2026年12月期7月度 月次業績速報のお知らせ
[backfill][DOC CACHE HIT] 264A 2026-08-17 891文字 （訂正）「2026年９月期第３四半期決算説明資料」の一部訂正について
[backfill][DOC CACHE HIT] 5632 2026-08-17 559文字 連結子会社からの配当金受領に関するお知らせ
[backfill][DOC CACHE HIT] 2927 2026-08-17 733文字 2026年8月期 期末配当予想の増配に関するお知らせ
[backfill][DOC CACHE HIT] 6061 2026-08-17 1,101文字 （訂正・数値データ訂正）「令和８年６月期　決算短信〔日本基準〕(連結)」の一部訂
[backfill][DOC CACHE HIT] 2991 2026-08-17 1,105文字 2026年７月度　月次業績速報
[backfill][DOC CACHE HIT] 4574 2026-08-17 11,096文字 2026年12月期(FY2026)第２四半期(中間期)連結決算報告
[backfill][DOC CACHE HIT] 4018 2026-08-17 510文字 （訂正）「2026年6月期　決算短信〔日本基準〕（非連結）」の一部訂正に関するお
[backfill][DOC CACHE HIT] 8705 2026-08-17 2,394文字 2026年７月の月次業績等（速報）に関するお知らせ
[backfill][DOC CACHE HIT] 8798 2026-08-17 18,713文字 （訂正・数値データ訂正）「2025年9月期 第1四半期決算短信〔日本基準〕（連結
[backfill][DOC CACHE HIT] 9162 2026-08-17 606文字 （訂正）「2026年６月期 通期連結決算説明資料」の一部訂正について
[backfill][DOC CACHE HIT] 3445 2026-08-17 15,223文字 2026年12月期第２四半期 決算説明会 書き起こし公開のお知らせ
[backfill][DOC CACHE HIT] 319A 2026-08-17 4,923文字 Q&A 2026年12月期第2四半期決算説明
[backfill][XBRL TRY] 9284 https://www.release.tdnet.info/inbs/081220260817521739.zip
[backfill][XBRL TRY] 9284 https://www.release.tdnet.info/inbs/091220260817521739.zip
[backfill][XBRL TRY] 9284 https://www2.jpx.co.jp/disc/92840/081220260817521739.zip
[backfill][XBRL TRY] 9284 https://www2.jpx.co.jp/disc/92840/091220260817521739.zip
[backfill][XBRL TRY] 482A https://www.release.tdnet.info/inbs/081220260817521628.zip
[backfill][XBRL TRY] 482A https://www.release.tdnet.info/inbs/091220260817521628.zip
[backfill][XBRL TRY] 482A https://www2.jpx.co.jp/disc/482A0/081220260817521628.zip
[backfill][XBRL TRY] 482A https://www2.jpx.co.jp/disc/482A0/091220260817521628.zip
[backfill][XBRL TRY] 5534 https://www.release.tdnet.info/inbs/081220260817521941.zip
[backfill][XBRL TRY] 5534 https://www.release.tdnet.info/inbs/091220260817521941.zip
[backfill][XBRL TRY] 5534 https://www2.jpx.co.jp/disc/55340/081220260817521941.zip
[backfill][XBRL TRY] 5534 https://www2.jpx.co.jp/disc/55340/091220260817521941.zip
[backfill][XBRL TRY] 482A https://www.release.tdnet.info/inbs/081220260817522088.zip
[backfill][XBRL TRY] 482A https://www.release.tdnet.info/inbs/091220260817522088.zip
[backfill][XBRL TRY] 482A https://www2.jpx.co.jp/disc/482A0/081220260817522088.zip
[backfill][XBRL TRY] 482A https://www2.jpx.co.jp/disc/482A0/091220260817522088.zip
[backfill][XBRL TRY] 2083 https://www.release.tdnet.info/inbs/081220260818522160.zip
[backfill][XBRL TRY] 2083 https://www.release.tdnet.info/inbs/091220260818522160.zip
[backfill][XBRL TRY] 2083 https://www2.jpx.co.jp/disc/20830/081220260818522160.zip
[backfill][XBRL TRY] 2083 https://www2.jpx.co.jp/disc/20830/091220260818522160.zip
[backfill][XBRL TRY] 2084 https://www.release.tdnet.info/inbs/081220260818522182.zip
[backfill][XBRL TRY] 2084 https://www.release.tdnet.info/inbs/091220260818522182.zip
[backfill][XBRL TRY] 2084 https://www2.jpx.co.jp/disc/20840/081220260818522182.zip
[backfill][XBRL TRY] 2084 https://www2.jpx.co.jp/disc/20840/091220260818522182.zip
[forecast_history] 対象=10 initial=4 revision=0 achievement=0 unresolved=6
[OK] 決算:29件, 増資:9件, TOB:2件, 本文:51件, 予想初期:4件, 予想修正:0件, 達成履歴更新:0件 をDBに保存しました。
=== fetch_all: 完全成功 ===
===== 2026-08-18T14:51:06 END status=success rc=0 =====


===== 2026-08-18T15:00:00 START C:\Users\sasit\AppData\Local\Programs\Python\Python310\pythonw.exe D:\kabu\main\1-スクリーニング自動化プログラム\main\fetch_all.py =====
=== fetch_all: TDnetデータ収集開始 ===
[backfill][DOC CACHE HIT] 9887 2026-08-18 601文字 （訂正）「令和9年3月期第1四半期決算短信〔日本基準〕（連結）」の一部訂正に関す
[backfill][DOC CACHE HIT] 4826 2026-08-18 1,043文字 剰余金の配当に関するお知らせ
[backfill][DOC CACHE HIT] 6340 2026-08-18 25,533文字 2026年6月期　決算説明資料
[backfill][DOC CACHE HIT] 2083 2026-08-18 16,082文字 NEXT FUNDS 日本成長株アクティブ上場投信 決算短信
[backfill][DOC CACHE HIT] 2084 2026-08-18 19,835文字 NEXT FUNDS 日本高配当株アクティブ上場投信 決算短信
[backfill][DOC CACHE HIT] 6850 2026-08-18 8,579文字 2027年3月期 第1四半期 決算補足説明資料
[backfill][DOC CACHE HIT] 8084 2026-08-18 5,303文字 2027年３月期第1四半期　決算補足資料
[backfill][DOC CACHE HIT] 2681 2026-08-18 32,813文字 (訂正）「2027年３月期  第１四半期決算説明資料」の一部訂正について
[backfill][DOC CACHE HIT] 9941 2026-08-18 4,037文字 2026年９月期 ７月度　月次業績（売上高）速報
[backfill][DOC CACHE HIT] 4320 2026-08-18 3,984文字 （訂正）「2026年９月期第３四半期決算短信〔日本基準〕（連結）」の一部訂正につ
[backfill][DOC CACHE HIT] 8304 2026-08-18 1,262文字 2027年3月期 第1四半期 自己資本比率について
[backfill][DOC CACHE HIT] 8951 2026-08-18 31,497文字 2026年６月期（第50期）決算説明会資料
[backfill][DOC CACHE HIT] 3660 2026-08-18 5,402文字 2026年６月期通期 決算説明会における質疑応答
[backfill][DOC CACHE HIT] 482A 2026-08-17 1,051文字 「2026年8月期業績予想の修正に関するお知らせ」の再掲載について
[backfill][DOC CACHE HIT] 4019 2026-08-17 26,197文字 2026年12月期 第2四半期決算説明会書き起こし
[backfill][SOURCE 1/3] 2026-08-17 2026年8月期業績予想の修正に関するお知らせ
[backfill][TRY 1/3] 2026-08-17 2026年8月期業績予想の修正に関するお知らせ https://webapi.yanoshin.jp/rd.php?https://www.release.tdnet.info/inbs/140120260817521628.pdf
[backfill][UNUSABLE] 2026-08-17 2026年8月期業績予想の修正に関するお知らせ ctype=application/pdf bytes=100,551
[backfill][TRY 2/3] 2026-08-17 2026年8月期業績予想の修正に関するお知らせ http://webapi.yanoshin.jp/rd.php?https://www.release.tdnet.info/inbs/140120260817521628.pdf
[backfill][UNUSABLE] 2026-08-17 2026年8月期業績予想の修正に関するお知らせ ctype=application/pdf bytes=100,551
[backfill][TRY 3/3] 2026-08-17 2026年8月期業績予想の修正に関するお知らせ https://www.release.tdnet.info/inbs/140120260817521628.pdf
[backfill][UNUSABLE] 2026-08-17 2026年8月期業績予想の修正に関するお知らせ ctype=application/pdf bytes=100,551
[backfill][JPX FAST 2/3] 2026-08-17 2026年8月期業績予想の修正に関するお知らせ https://www2.jpx.co.jp/disc/482A0/140120260817521628.pdf
[backfill][TRY 1/1] 2026-08-17 2026年8月期業績予想の修正に関するお知らせ https://www2.jpx.co.jp/disc/482A0/140120260817521628.pdf
[backfill][HTTP 404] 2026-08-17 2026年8月期業績予想の修正に関するお知らせ
[backfill][SOURCE 3/3] 2026-08-17 2026年8月期業績予想の修正に関するお知らせ
[backfill][SKIP FAILCACHE] 2026-08-17 2026年8月期業績予想の修正に関するお知らせ https://www.release.tdnet.info/inbs/140120260817521628.pdf
[backfill][TRY 2/2] 2026-08-17 2026年8月期業績予想の修正に関するお知らせ http://www.release.tdnet.info/inbs/140120260817521628.pdf
[backfill][TIMEOUT 5s] 2026-08-17 2026年8月期業績予想の修正に関するお知らせ
[backfill][DOC EMPTY] 482A 2026-08-17 17:00:00 2026年8月期業績予想の修正に関するお知らせ raw=https://webapi.yanoshin.jp/rd.php?https://www.release.tdnet.info/inbs/140120260817521
[backfill][DOC CACHE HIT] 5534 2026-08-17 1,123文字 通期連結業績予想の修正に関するお知らせ
[backfill][DOC CACHE HIT] 6036 2026-08-17 28,949文字 （訂正）「2026年6月期第2四半期 決算説明会資料」の一部訂正について
[backfill][DOC CACHE HIT] 7044 2026-08-17 696文字 （訂正）「2026年12月期第２四半期（中間期）決算補足資料」の一部訂正について
[backfill][DOC CACHE HIT] 9439 2026-08-17 1,576文字 通期連結業績予想値と実績値との差異に関するお知らせ
[backfill][DOC CACHE HIT] 9439 2026-08-17 25,306文字 2026年6月期　決算短信〔日本基準〕（連結）
[backfill][DOC CACHE HIT] 9439 2026-08-17 1,166文字 剰余金の配当（無配）に関するお知らせ
[backfill][DOC CACHE HIT] 5251 2026-08-17 2,468文字 （再登録）「中間決算説明資料の開示に関するお知らせ」の再登録について
[backfill][DOC CACHE HIT] 6195 2026-08-17 31,592文字 （訂正・数値データ訂正）「2026年３月期　決算短信〔日本基準〕（連結）」の一部
[backfill][DOC CACHE HIT] 7042 2026-08-17 4,066文字 2027年３月期第１四半期決算説明資料
[backfill][DOC CACHE HIT] 8964 2026-08-17 37,819文字 2026年6月期　決算短信（ＲＥＩＴ）
[backfill][DOC CACHE HIT] 7177 2026-08-17 3,192文字 2026年７月の月次業績（速報）に関するお知らせ
[backfill][DOC CACHE HIT] 3168 2026-08-17 1,149文字 特別配当および期末配当予想の修正に関するお知らせ
[backfill][DOC CACHE HIT] 367A 2026-08-17 500文字 連結子会社からの剰余金の配当受領に関するお知らせ
[backfill][DOC CACHE HIT] 4484 2026-08-17 6,345文字 2027年３月期 第１四半期決算説明会レポート（書き起こし）
[backfill][DOC CACHE HIT] 4651 2026-08-17 9,960文字 2027年３月期　第１四半期決算短信〔日本基準〕（連結）
[backfill][DOC CACHE HIT] 4651 2026-08-17 21,202文字 2027年３月期　第１四半期決算説明資料
[backfill][DOC CACHE HIT] 5242 2026-08-17 1,063文字 2026年12月期第２四半期決算説明会 質疑応答（要旨）
[backfill][DOC CACHE HIT] 7069 2026-08-17 675文字 （訂正）「2026年9月期 第3四半期決算説明資料」の一部訂正について
[backfill][DOC CACHE HIT] 8951 2026-08-17 39,641文字 2026年６月期　決算短信（ＲＥＩＴ）
[backfill][DOC CACHE HIT] 8951 2026-08-17 9,069文字 2026年６月期_決算概要
[backfill][DOC CACHE HIT] 8955 2026-08-17 42,496文字 2026年6月期　決算短信（ＲＥＩＴ）
[backfill][DOC CACHE HIT] 8955 2026-08-17 48,751文字 2026年6月期（第49期）決算説明資料
[backfill][DOC CACHE HIT] 9284 2026-08-17 50,474文字 2026年６月期 決算短信（インフラファンド）
[backfill][DOC CACHE HIT] 2461 2026-08-17 3,208文字 2026年12月期7月度 月次業績速報のお知らせ
[backfill][DOC CACHE HIT] 264A 2026-08-17 891文字 （訂正）「2026年９月期第３四半期決算説明資料」の一部訂正について
[backfill][DOC CACHE HIT] 5632 2026-08-17 559文字 連結子会社からの配当金受領に関するお知らせ
[backfill][DOC CACHE HIT] 2927 2026-08-17 733文字 2026年8月期 期末配当予想の増配に関するお知らせ
[backfill][DOC CACHE HIT] 6061 2026-08-17 1,101文字 （訂正・数値データ訂正）「令和８年６月期　決算短信〔日本基準〕(連結)」の一部訂
[backfill][DOC CACHE HIT] 2991 2026-08-17 1,105文字 2026年７月度　月次業績速報
[backfill][DOC CACHE HIT] 4574 2026-08-17 11,096文字 2026年12月期(FY2026)第２四半期(中間期)連結決算報告
[backfill][DOC CACHE HIT] 4018 2026-08-17 510文字 （訂正）「2026年6月期　決算短信〔日本基準〕（非連結）」の一部訂正に関するお
[backfill][DOC CACHE HIT] 8705 2026-08-17 2,394文字 2026年７月の月次業績等（速報）に関するお知らせ
[backfill][DOC CACHE HIT] 8798 2026-08-17 18,713文字 （訂正・数値データ訂正）「2025年9月期 第1四半期決算短信〔日本基準〕（連結
[backfill][DOC CACHE HIT] 9162 2026-08-17 606文字 （訂正）「2026年６月期 通期連結決算説明資料」の一部訂正について
[backfill][DOC CACHE HIT] 3445 2026-08-17 15,223文字 2026年12月期第２四半期 決算説明会 書き起こし公開のお知らせ
[backfill][DOC CACHE HIT] 319A 2026-08-17 4,923文字 Q&A 2026年12月期第2四半期決算説明
[backfill][XBRL TRY] 9284 https://www.release.tdnet.info/inbs/081220260817521739.zip
[backfill][XBRL TRY] 9284 https://www.release.tdnet.info/inbs/091220260817521739.zip
[backfill][XBRL TRY] 9284 https://www2.jpx.co.jp/disc/92840/081220260817521739.zip
[backfill][XBRL TRY] 9284 https://www2.jpx.co.jp/disc/92840/091220260817521739.zip
[backfill][XBRL TRY] 482A https://www.release.tdnet.info/inbs/081220260817521628.zip
[backfill][XBRL TRY] 482A https://www.release.tdnet.info/inbs/091220260817521628.zip
[backfill][XBRL TRY] 482A https://www2.jpx.co.jp/disc/482A0/081220260817521628.zip
[backfill][XBRL TRY] 482A https://www2.jpx.co.jp/disc/482A0/091220260817521628.zip
[backfill][XBRL TRY] 5534 https://www.release.tdnet.info/inbs/081220260817521941.zip
[backfill][XBRL TRY] 5534 https://www.release.tdnet.info/inbs/091220260817521941.zip
[backfill][XBRL TRY] 5534 https://www2.jpx.co.jp/disc/55340/081220260817521941.zip
[backfill][XBRL TRY] 5534 https://www2.jpx.co.jp/disc/55340/091220260817521941.zip
[backfill][XBRL TRY] 482A https://www.release.tdnet.info/inbs/081220260817522088.zip
[backfill][XBRL TRY] 482A https://www.release.tdnet.info/inbs/091220260817522088.zip
[backfill][XBRL TRY] 482A https://www2.jpx.co.jp/disc/482A0/081220260817522088.zip
[backfill][XBRL TRY] 482A https://www2.jpx.co.jp/disc/482A0/091220260817522088.zip
[backfill][XBRL TRY] 2083 https://www.release.tdnet.info/inbs/081220260818522160.zip
[backfill][XBRL TRY] 2083 https://www.release.tdnet.info/inbs/091220260818522160.zip
[backfill][XBRL TRY] 2083 https://www2.jpx.co.jp/disc/20830/081220260818522160.zip
[backfill][XBRL TRY] 2083 https://www2.jpx.co.jp/disc/20830/091220260818522160.zip
[backfill][XBRL TRY] 2084 https://www.release.tdnet.info/inbs/081220260818522182.zip
[backfill][XBRL TRY] 2084 https://www.release.tdnet.info/inbs/091220260818522182.zip
[backfill][XBRL TRY] 2084 https://www2.jpx.co.jp/disc/20840/081220260818522182.zip
[backfill][XBRL TRY] 2084 https://www2.jpx.co.jp/disc/20840/091220260818522182.zip
[forecast_history] 対象=10 initial=4 revision=0 achievement=0 unresolved=6
[OK] 決算:29件, 増資:9件, TOB:2件, 本文:51件, 予想初期:4件, 予想修正:0件, 達成履歴更新:0件 をDBに保存しました。
=== fetch_all: 完全成功 ===
===== 2026-08-18T15:01:09 END status=success rc=0 =====


===== 2026-08-18T15:10:00 START C:\Users\sasit\AppData\Local\Programs\Python\Python310\pythonw.exe D:\kabu\main\1-スクリーニング自動化プログラム\main\fetch_all.py =====
=== fetch_all: TDnetデータ収集開始 ===
[backfill][DOC CACHE HIT] 9887 2026-08-18 601文字 （訂正）「令和9年3月期第1四半期決算短信〔日本基準〕（連結）」の一部訂正に関す
[backfill][DOC CACHE HIT] 4826 2026-08-18 1,043文字 剰余金の配当に関するお知らせ
[backfill][DOC CACHE HIT] 6340 2026-08-18 25,533文字 2026年6月期　決算説明資料
[backfill][DOC CACHE HIT] 2083 2026-08-18 16,082文字 NEXT FUNDS 日本成長株アクティブ上場投信 決算短信
[backfill][DOC CACHE HIT] 2084 2026-08-18 19,835文字 NEXT FUNDS 日本高配当株アクティブ上場投信 決算短信
[backfill][DOC CACHE HIT] 6850 2026-08-18 8,579文字 2027年3月期 第1四半期 決算補足説明資料
[backfill][DOC CACHE HIT] 8084 2026-08-18 5,303文字 2027年３月期第1四半期　決算補足資料
[backfill][DOC CACHE HIT] 2681 2026-08-18 32,813文字 (訂正）「2027年３月期  第１四半期決算説明資料」の一部訂正について
[backfill][DOC CACHE HIT] 9941 2026-08-18 4,037文字 2026年９月期 ７月度　月次業績（売上高）速報
[backfill][DOC CACHE HIT] 4320 2026-08-18 3,984文字 （訂正）「2026年９月期第３四半期決算短信〔日本基準〕（連結）」の一部訂正につ
[backfill][DOC CACHE HIT] 8304 2026-08-18 1,262文字 2027年3月期 第1四半期 自己資本比率について
[backfill][DOC CACHE HIT] 8951 2026-08-18 31,497文字 2026年６月期（第50期）決算説明会資料
[backfill][DOC CACHE HIT] 3660 2026-08-18 5,402文字 2026年６月期通期 決算説明会における質疑応答
[backfill][DOC CACHE HIT] 482A 2026-08-17 1,051文字 「2026年8月期業績予想の修正に関するお知らせ」の再掲載について
[backfill][DOC CACHE HIT] 4019 2026-08-17 26,197文字 2026年12月期 第2四半期決算説明会書き起こし
[backfill][SOURCE 1/3] 2026-08-17 2026年8月期業績予想の修正に関するお知らせ
[backfill][TRY 1/3] 2026-08-17 2026年8月期業績予想の修正に関するお知らせ https://webapi.yanoshin.jp/rd.php?https://www.release.tdnet.info/inbs/140120260817521628.pdf
[backfill][UNUSABLE] 2026-08-17 2026年8月期業績予想の修正に関するお知らせ ctype=application/pdf bytes=100,551
[backfill][TRY 2/3] 2026-08-17 2026年8月期業績予想の修正に関するお知らせ http://webapi.yanoshin.jp/rd.php?https://www.release.tdnet.info/inbs/140120260817521628.pdf
[backfill][UNUSABLE] 2026-08-17 2026年8月期業績予想の修正に関するお知らせ ctype=application/pdf bytes=100,551
[backfill][TRY 3/3] 2026-08-17 2026年8月期業績予想の修正に関するお知らせ https://www.release.tdnet.info/inbs/140120260817521628.pdf
[backfill][UNUSABLE] 2026-08-17 2026年8月期業績予想の修正に関するお知らせ ctype=application/pdf bytes=100,551
[backfill][JPX FAST 2/3] 2026-08-17 2026年8月期業績予想の修正に関するお知らせ https://www2.jpx.co.jp/disc/482A0/140120260817521628.pdf
[backfill][TRY 1/1] 2026-08-17 2026年8月期業績予想の修正に関するお知らせ https://www2.jpx.co.jp/disc/482A0/140120260817521628.pdf
[backfill][HTTP 404] 2026-08-17 2026年8月期業績予想の修正に関するお知らせ
[backfill][SOURCE 3/3] 2026-08-17 2026年8月期業績予想の修正に関するお知らせ
[backfill][SKIP FAILCACHE] 2026-08-17 2026年8月期業績予想の修正に関するお知らせ https://www.release.tdnet.info/inbs/140120260817521628.pdf
[backfill][TRY 2/2] 2026-08-17 2026年8月期業績予想の修正に関するお知らせ http://www.release.tdnet.info/inbs/140120260817521628.pdf
[backfill][TIMEOUT 5s] 2026-08-17 2026年8月期業績予想の修正に関するお知らせ
[backfill][DOC EMPTY] 482A 2026-08-17 17:00:00 2026年8月期業績予想の修正に関するお知らせ raw=https://webapi.yanoshin.jp/rd.php?https://www.release.tdnet.info/inbs/140120260817521
[backfill][DOC CACHE HIT] 5534 2026-08-17 1,123文字 通期連結業績予想の修正に関するお知らせ
[backfill][DOC CACHE HIT] 6036 2026-08-17 28,949文字 （訂正）「2026年6月期第2四半期 決算説明会資料」の一部訂正について
[backfill][DOC CACHE HIT] 7044 2026-08-17 696文字 （訂正）「2026年12月期第２四半期（中間期）決算補足資料」の一部訂正について
[backfill][DOC CACHE HIT] 9439 2026-08-17 1,576文字 通期連結業績予想値と実績値との差異に関するお知らせ
[backfill][DOC CACHE HIT] 9439 2026-08-17 25,306文字 2026年6月期　決算短信〔日本基準〕（連結）
[backfill][DOC CACHE HIT] 9439 2026-08-17 1,166文字 剰余金の配当（無配）に関するお知らせ
[backfill][DOC CACHE HIT] 5251 2026-08-17 2,468文字 （再登録）「中間決算説明資料の開示に関するお知らせ」の再登録について
[backfill][DOC CACHE HIT] 6195 2026-08-17 31,592文字 （訂正・数値データ訂正）「2026年３月期　決算短信〔日本基準〕（連結）」の一部
[backfill][DOC CACHE HIT] 7042 2026-08-17 4,066文字 2027年３月期第１四半期決算説明資料
[backfill][DOC CACHE HIT] 8964 2026-08-17 37,819文字 2026年6月期　決算短信（ＲＥＩＴ）
[backfill][DOC CACHE HIT] 7177 2026-08-17 3,192文字 2026年７月の月次業績（速報）に関するお知らせ
[backfill][DOC CACHE HIT] 3168 2026-08-17 1,149文字 特別配当および期末配当予想の修正に関するお知らせ
[backfill][DOC CACHE HIT] 367A 2026-08-17 500文字 連結子会社からの剰余金の配当受領に関するお知らせ
[backfill][DOC CACHE HIT] 4484 2026-08-17 6,345文字 2027年３月期 第１四半期決算説明会レポート（書き起こし）
[backfill][DOC CACHE HIT] 4651 2026-08-17 9,960文字 2027年３月期　第１四半期決算短信〔日本基準〕（連結）
[backfill][DOC CACHE HIT] 4651 2026-08-17 21,202文字 2027年３月期　第１四半期決算説明資料
[backfill][DOC CACHE HIT] 5242 2026-08-17 1,063文字 2026年12月期第２四半期決算説明会 質疑応答（要旨）
[backfill][DOC CACHE HIT] 7069 2026-08-17 675文字 （訂正）「2026年9月期 第3四半期決算説明資料」の一部訂正について
[backfill][DOC CACHE HIT] 8951 2026-08-17 39,641文字 2026年６月期　決算短信（ＲＥＩＴ）
[backfill][DOC CACHE HIT] 8951 2026-08-17 9,069文字 2026年６月期_決算概要
[backfill][DOC CACHE HIT] 8955 2026-08-17 42,496文字 2026年6月期　決算短信（ＲＥＩＴ）
[backfill][DOC CACHE HIT] 8955 2026-08-17 48,751文字 2026年6月期（第49期）決算説明資料
[backfill][DOC CACHE HIT] 9284 2026-08-17 50,474文字 2026年６月期 決算短信（インフラファンド）
[backfill][DOC CACHE HIT] 2461 2026-08-17 3,208文字 2026年12月期7月度 月次業績速報のお知らせ
[backfill][DOC CACHE HIT] 264A 2026-08-17 891文字 （訂正）「2026年９月期第３四半期決算説明資料」の一部訂正について
[backfill][DOC CACHE HIT] 5632 2026-08-17 559文字 連結子会社からの配当金受領に関するお知らせ
[backfill][DOC CACHE HIT] 2927 2026-08-17 733文字 2026年8月期 期末配当予想の増配に関するお知らせ
[backfill][DOC CACHE HIT] 6061 2026-08-17 1,101文字 （訂正・数値データ訂正）「令和８年６月期　決算短信〔日本基準〕(連結)」の一部訂
[backfill][DOC CACHE HIT] 2991 2026-08-17 1,105文字 2026年７月度　月次業績速報
[backfill][DOC CACHE HIT] 4574 2026-08-17 11,096文字 2026年12月期(FY2026)第２四半期(中間期)連結決算報告
[backfill][DOC CACHE HIT] 4018 2026-08-17 510文字 （訂正）「2026年6月期　決算短信〔日本基準〕（非連結）」の一部訂正に関するお
[backfill][DOC CACHE HIT] 8705 2026-08-17 2,394文字 2026年７月の月次業績等（速報）に関するお知らせ
[backfill][DOC CACHE HIT] 8798 2026-08-17 18,713文字 （訂正・数値データ訂正）「2025年9月期 第1四半期決算短信〔日本基準〕（連結
[backfill][DOC CACHE HIT] 9162 2026-08-17 606文字 （訂正）「2026年６月期 通期連結決算説明資料」の一部訂正について
[backfill][DOC CACHE HIT] 3445 2026-08-17 15,223文字 2026年12月期第２四半期 決算説明会 書き起こし公開のお知らせ
[backfill][DOC CACHE HIT] 319A 2026-08-17 4,923文字 Q&A 2026年12月期第2四半期決算説明
[backfill][XBRL TRY] 9284 https://www.release.tdnet.info/inbs/081220260817521739.zip
[backfill][XBRL TRY] 9284 https://www.release.tdnet.info/inbs/091220260817521739.zip
[backfill][XBRL TRY] 9284 https://www2.jpx.co.jp/disc/92840/081220260817521739.zip
[backfill][XBRL TRY] 9284 https://www2.jpx.co.jp/disc/92840/091220260817521739.zip
[backfill][XBRL TRY] 482A https://www.release.tdnet.info/inbs/081220260817521628.zip
[backfill][XBRL TRY] 482A https://www.release.tdnet.info/inbs/091220260817521628.zip
[backfill][XBRL TRY] 482A https://www2.jpx.co.jp/disc/482A0/081220260817521628.zip
[backfill][XBRL TRY] 482A https://www2.jpx.co.jp/disc/482A0/091220260817521628.zip
[backfill][XBRL TRY] 5534 https://www.release.tdnet.info/inbs/081220260817521941.zip
[backfill][XBRL TRY] 5534 https://www.release.tdnet.info/inbs/091220260817521941.zip
[backfill][XBRL TRY] 5534 https://www2.jpx.co.jp/disc/55340/081220260817521941.zip
[backfill][XBRL TRY] 5534 https://www2.jpx.co.jp/disc/55340/091220260817521941.zip
[backfill][XBRL TRY] 482A https://www.release.tdnet.info/inbs/081220260817522088.zip
[backfill][XBRL TRY] 482A https://www.release.tdnet.info/inbs/091220260817522088.zip
[backfill][XBRL TRY] 482A https://www2.jpx.co.jp/disc/482A0/081220260817522088.zip
[backfill][XBRL TRY] 482A https://www2.jpx.co.jp/disc/482A0/091220260817522088.zip
[backfill][XBRL TRY] 2083 https://www.release.tdnet.info/inbs/081220260818522160.zip
[backfill][XBRL TRY] 2083 https://www.release.tdnet.info/inbs/091220260818522160.zip
[backfill][XBRL TRY] 2083 https://www2.jpx.co.jp/disc/20830/081220260818522160.zip
[backfill][XBRL TRY] 2083 https://www2.jpx.co.jp/disc/20830/091220260818522160.zip
[backfill][XBRL TRY] 2084 https://www.release.tdnet.info/inbs/081220260818522182.zip
[backfill][XBRL TRY] 2084 https://www.release.tdnet.info/inbs/091220260818522182.zip
[backfill][XBRL TRY] 2084 https://www2.jpx.co.jp/disc/20840/081220260818522182.zip
[backfill][XBRL TRY] 2084 https://www2.jpx.co.jp/disc/20840/091220260818522182.zip
[forecast_history] 対象=10 initial=4 revision=0 achievement=0 unresolved=6
[OK] 決算:29件, 増資:10件, TOB:2件, 本文:51件, 予想初期:4件, 予想修正:0件, 達成履歴更新:0件 をDBに保存しました。
=== fetch_all: 完全成功 ===
===== 2026-08-18T15:11:06 END status=success rc=0 =====


===== 2026-08-18T15:20:00 START C:\Users\sasit\AppData\Local\Programs\Python\Python310\pythonw.exe D:\kabu\main\1-スクリーニング自動化プログラム\main\fetch_all.py =====
=== fetch_all: TDnetデータ収集開始 ===
[backfill][DOC CACHE HIT] 9887 2026-08-18 601文字 （訂正）「令和9年3月期第1四半期決算短信〔日本基準〕（連結）」の一部訂正に関す
[backfill][DOC CACHE HIT] 4826 2026-08-18 1,043文字 剰余金の配当に関するお知らせ
[backfill][DOC CACHE HIT] 6340 2026-08-18 25,533文字 2026年6月期　決算説明資料
[backfill][DOC CACHE HIT] 2083 2026-08-18 16,082文字 NEXT FUNDS 日本成長株アクティブ上場投信 決算短信
[backfill][DOC CACHE HIT] 2084 2026-08-18 19,835文字 NEXT FUNDS 日本高配当株アクティブ上場投信 決算短信
[backfill][DOC CACHE HIT] 6850 2026-08-18 8,579文字 2027年3月期 第1四半期 決算補足説明資料
[backfill][DOC CACHE HIT] 8084 2026-08-18 5,303文字 2027年３月期第1四半期　決算補足資料
[backfill][DOC CACHE HIT] 2681 2026-08-18 32,813文字 (訂正）「2027年３月期  第１四半期決算説明資料」の一部訂正について
[backfill][DOC CACHE HIT] 9941 2026-08-18 4,037文字 2026年９月期 ７月度　月次業績（売上高）速報
[backfill][DOC CACHE HIT] 4320 2026-08-18 3,984文字 （訂正）「2026年９月期第３四半期決算短信〔日本基準〕（連結）」の一部訂正につ
[backfill][DOC CACHE HIT] 8304 2026-08-18 1,262文字 2027年3月期 第1四半期 自己資本比率について
[backfill][DOC CACHE HIT] 8951 2026-08-18 31,497文字 2026年６月期（第50期）決算説明会資料
[backfill][DOC CACHE HIT] 3660 2026-08-18 5,402文字 2026年６月期通期 決算説明会における質疑応答
[backfill][DOC CACHE HIT] 482A 2026-08-17 1,051文字 「2026年8月期業績予想の修正に関するお知らせ」の再掲載について
[backfill][DOC CACHE HIT] 4019 2026-08-17 26,197文字 2026年12月期 第2四半期決算説明会書き起こし
[backfill][SOURCE 1/3] 2026-08-17 2026年8月期業績予想の修正に関するお知らせ
[backfill][TRY 1/3] 2026-08-17 2026年8月期業績予想の修正に関するお知らせ https://webapi.yanoshin.jp/rd.php?https://www.release.tdnet.info/inbs/140120260817521628.pdf
[backfill][UNUSABLE] 2026-08-17 2026年8月期業績予想の修正に関するお知らせ ctype=application/pdf bytes=100,551
[backfill][TRY 2/3] 2026-08-17 2026年8月期業績予想の修正に関するお知らせ http://webapi.yanoshin.jp/rd.php?https://www.release.tdnet.info/inbs/140120260817521628.pdf
[backfill][UNUSABLE] 2026-08-17 2026年8月期業績予想の修正に関するお知らせ ctype=application/pdf bytes=100,551
[backfill][TRY 3/3] 2026-08-17 2026年8月期業績予想の修正に関するお知らせ https://www.release.tdnet.info/inbs/140120260817521628.pdf
[backfill][UNUSABLE] 2026-08-17 2026年8月期業績予想の修正に関するお知らせ ctype=application/pdf bytes=100,551
[backfill][JPX FAST 2/3] 2026-08-17 2026年8月期業績予想の修正に関するお知らせ https://www2.jpx.co.jp/disc/482A0/140120260817521628.pdf
[backfill][TRY 1/1] 2026-08-17 2026年8月期業績予想の修正に関するお知らせ https://www2.jpx.co.jp/disc/482A0/140120260817521628.pdf
[backfill][HTTP 404] 2026-08-17 2026年8月期業績予想の修正に関するお知らせ
[backfill][SOURCE 3/3] 2026-08-17 2026年8月期業績予想の修正に関するお知らせ
[backfill][SKIP FAILCACHE] 2026-08-17 2026年8月期業績予想の修正に関するお知らせ https://www.release.tdnet.info/inbs/140120260817521628.pdf
[backfill][TRY 2/2] 2026-08-17 2026年8月期業績予想の修正に関するお知らせ http://www.release.tdnet.info/inbs/140120260817521628.pdf
[backfill][TIMEOUT 5s] 2026-08-17 2026年8月期業績予想の修正に関するお知らせ
[backfill][DOC EMPTY] 482A 2026-08-17 17:00:00 2026年8月期業績予想の修正に関するお知らせ raw=https://webapi.yanoshin.jp/rd.php?https://www.release.tdnet.info/inbs/140120260817521
[backfill][DOC CACHE HIT] 5534 2026-08-17 1,123文字 通期連結業績予想の修正に関するお知らせ
[backfill][DOC CACHE HIT] 6036 2026-08-17 28,949文字 （訂正）「2026年6月期第2四半期 決算説明会資料」の一部訂正について
[backfill][DOC CACHE HIT] 7044 2026-08-17 696文字 （訂正）「2026年12月期第２四半期（中間期）決算補足資料」の一部訂正について
[backfill][DOC CACHE HIT] 9439 2026-08-17 1,576文字 通期連結業績予想値と実績値との差異に関するお知らせ
[backfill][DOC CACHE HIT] 9439 2026-08-17 25,306文字 2026年6月期　決算短信〔日本基準〕（連結）
[backfill][DOC CACHE HIT] 9439 2026-08-17 1,166文字 剰余金の配当（無配）に関するお知らせ
[backfill][DOC CACHE HIT] 5251 2026-08-17 2,468文字 （再登録）「中間決算説明資料の開示に関するお知らせ」の再登録について
[backfill][DOC CACHE HIT] 6195 2026-08-17 31,592文字 （訂正・数値データ訂正）「2026年３月期　決算短信〔日本基準〕（連結）」の一部
[backfill][DOC CACHE HIT] 7042 2026-08-17 4,066文字 2027年３月期第１四半期決算説明資料
[backfill][DOC CACHE HIT] 8964 2026-08-17 37,819文字 2026年6月期　決算短信（ＲＥＩＴ）
[backfill][DOC CACHE HIT] 7177 2026-08-17 3,192文字 2026年７月の月次業績（速報）に関するお知らせ
[backfill][DOC CACHE HIT] 3168 2026-08-17 1,149文字 特別配当および期末配当予想の修正に関するお知らせ
[backfill][DOC CACHE HIT] 367A 2026-08-17 500文字 連結子会社からの剰余金の配当受領に関するお知らせ
[backfill][DOC CACHE HIT] 4484 2026-08-17 6,345文字 2027年３月期 第１四半期決算説明会レポート（書き起こし）
[backfill][DOC CACHE HIT] 4651 2026-08-17 9,960文字 2027年３月期　第１四半期決算短信〔日本基準〕（連結）
[backfill][DOC CACHE HIT] 4651 2026-08-17 21,202文字 2027年３月期　第１四半期決算説明資料
[backfill][DOC CACHE HIT] 5242 2026-08-17 1,063文字 2026年12月期第２四半期決算説明会 質疑応答（要旨）
[backfill][DOC CACHE HIT] 7069 2026-08-17 675文字 （訂正）「2026年9月期 第3四半期決算説明資料」の一部訂正について
[backfill][DOC CACHE HIT] 8951 2026-08-17 39,641文字 2026年６月期　決算短信（ＲＥＩＴ）
[backfill][DOC CACHE HIT] 8951 2026-08-17 9,069文字 2026年６月期_決算概要
[backfill][DOC CACHE HIT] 8955 2026-08-17 42,496文字 2026年6月期　決算短信（ＲＥＩＴ）
[backfill][DOC CACHE HIT] 8955 2026-08-17 48,751文字 2026年6月期（第49期）決算説明資料
[backfill][DOC CACHE HIT] 9284 2026-08-17 50,474文字 2026年６月期 決算短信（インフラファンド）
[backfill][DOC CACHE HIT] 2461 2026-08-17 3,208文字 2026年12月期7月度 月次業績速報のお知らせ
[backfill][DOC CACHE HIT] 264A 2026-08-17 891文字 （訂正）「2026年９月期第３四半期決算説明資料」の一部訂正について
[backfill][DOC CACHE HIT] 5632 2026-08-17 559文字 連結子会社からの配当金受領に関するお知らせ
[backfill][DOC CACHE HIT] 2927 2026-08-17 733文字 2026年8月期 期末配当予想の増配に関するお知らせ
[backfill][DOC CACHE HIT] 6061 2026-08-17 1,101文字 （訂正・数値データ訂正）「令和８年６月期　決算短信〔日本基準〕(連結)」の一部訂
[backfill][DOC CACHE HIT] 2991 2026-08-17 1,105文字 2026年７月度　月次業績速報
[backfill][DOC CACHE HIT] 4574 2026-08-17 11,096文字 2026年12月期(FY2026)第２四半期(中間期)連結決算報告
[backfill][DOC CACHE HIT] 4018 2026-08-17 510文字 （訂正）「2026年6月期　決算短信〔日本基準〕（非連結）」の一部訂正に関するお
[backfill][DOC CACHE HIT] 8705 2026-08-17 2,394文字 2026年７月の月次業績等（速報）に関するお知らせ
[backfill][DOC CACHE HIT] 8798 2026-08-17 18,713文字 （訂正・数値データ訂正）「2025年9月期 第1四半期決算短信〔日本基準〕（連結
[backfill][DOC CACHE HIT] 9162 2026-08-17 606文字 （訂正）「2026年６月期 通期連結決算説明資料」の一部訂正について
[backfill][DOC CACHE HIT] 3445 2026-08-17 15,223文字 2026年12月期第２四半期 決算説明会 書き起こし公開のお知らせ
[backfill][DOC CACHE HIT] 319A 2026-08-17 4,923文字 Q&A 2026年12月期第2四半期決算説明
[backfill][XBRL TRY] 9284 https://www.release.tdnet.info/inbs/081220260817521739.zip
[backfill][XBRL TRY] 9284 https://www.release.tdnet.info/inbs/091220260817521739.zip
[backfill][XBRL TRY] 9284 https://www2.jpx.co.jp/disc/92840/081220260817521739.zip
[backfill][XBRL TRY] 9284 https://www2.jpx.co.jp/disc/92840/091220260817521739.zip
[backfill][XBRL TRY] 482A https://www.release.tdnet.info/inbs/081220260817521628.zip
[backfill][XBRL TRY] 482A https://www.release.tdnet.info/inbs/091220260817521628.zip
[backfill][XBRL TRY] 482A https://www2.jpx.co.jp/disc/482A0/081220260817521628.zip
[backfill][XBRL TRY] 482A https://www2.jpx.co.jp/disc/482A0/091220260817521628.zip
[backfill][XBRL TRY] 5534 https://www.release.tdnet.info/inbs/081220260817521941.zip
[backfill][XBRL TRY] 5534 https://www.release.tdnet.info/inbs/091220260817521941.zip
[backfill][XBRL TRY] 5534 https://www2.jpx.co.jp/disc/55340/081220260817521941.zip
[backfill][XBRL TRY] 5534 https://www2.jpx.co.jp/disc/55340/091220260817521941.zip
[backfill][XBRL TRY] 482A https://www.release.tdnet.info/inbs/081220260817522088.zip
[backfill][XBRL TRY] 482A https://www.release.tdnet.info/inbs/091220260817522088.zip
[backfill][XBRL TRY] 482A https://www2.jpx.co.jp/disc/482A0/081220260817522088.zip
[backfill][XBRL TRY] 482A https://www2.jpx.co.jp/disc/482A0/091220260817522088.zip
[backfill][XBRL TRY] 2083 https://www.release.tdnet.info/inbs/081220260818522160.zip
[backfill][XBRL TRY] 2083 https://www.release.tdnet.info/inbs/091220260818522160.zip
[backfill][XBRL TRY] 2083 https://www2.jpx.co.jp/disc/20830/081220260818522160.zip
[backfill][XBRL TRY] 2083 https://www2.jpx.co.jp/disc/20830/091220260818522160.zip
[backfill][XBRL TRY] 2084 https://www.release.tdnet.info/inbs/081220260818522182.zip
[backfill][XBRL TRY] 2084 https://www.release.tdnet.info/inbs/091220260818522182.zip
[backfill][XBRL TRY] 2084 https://www2.jpx.co.jp/disc/20840/081220260818522182.zip
[backfill][XBRL TRY] 2084 https://www2.jpx.co.jp/disc/20840/091220260818522182.zip
[forecast_history] 対象=10 initial=4 revision=0 achievement=0 unresolved=6
[OK] 決算:29件, 増資:10件, TOB:2件, 本文:51件, 予想初期:4件, 予想修正:0件, 達成履歴更新:0件 をDBに保存しました。
=== fetch_all: 完全成功 ===
===== 2026-08-18T15:21:17 END status=success rc=0 =====


===== 2026-08-18T15:30:00 START C:\Users\sasit\AppData\Local\Programs\Python\Python310\pythonw.exe D:\kabu\main\1-スクリーニング自動化プログラム\main\fetch_all.py =====
=== fetch_all: TDnetデータ収集開始 ===
[backfill][DOC CACHE HIT] 9887 2026-08-18 601文字 （訂正）「令和9年3月期第1四半期決算短信〔日本基準〕（連結）」の一部訂正に関す
[backfill][DOC CACHE HIT] 4826 2026-08-18 1,043文字 剰余金の配当に関するお知らせ
[backfill][DOC CACHE HIT] 6340 2026-08-18 25,533文字 2026年6月期　決算説明資料
[backfill][DOC CACHE HIT] 2083 2026-08-18 16,082文字 NEXT FUNDS 日本成長株アクティブ上場投信 決算短信
[backfill][DOC CACHE HIT] 2084 2026-08-18 19,835文字 NEXT FUNDS 日本高配当株アクティブ上場投信 決算短信
[backfill][DOC CACHE HIT] 6850 2026-08-18 8,579文字 2027年3月期 第1四半期 決算補足説明資料
[backfill][DOC CACHE HIT] 8084 2026-08-18 5,303文字 2027年３月期第1四半期　決算補足資料
[backfill][DOC CACHE HIT] 2681 2026-08-18 32,813文字 (訂正）「2027年３月期  第１四半期決算説明資料」の一部訂正について
[backfill][DOC CACHE HIT] 9941 2026-08-18 4,037文字 2026年９月期 ７月度　月次業績（売上高）速報
[backfill][DOC CACHE HIT] 4320 2026-08-18 3,984文字 （訂正）「2026年９月期第３四半期決算短信〔日本基準〕（連結）」の一部訂正につ
[backfill][DOC CACHE HIT] 8304 2026-08-18 1,262文字 2027年3月期 第1四半期 自己資本比率について
[backfill][DOC CACHE HIT] 8951 2026-08-18 31,497文字 2026年６月期（第50期）決算説明会資料
[backfill][DOC CACHE HIT] 3660 2026-08-18 5,402文字 2026年６月期通期 決算説明会における質疑応答
[backfill][DOC CACHE HIT] 482A 2026-08-17 1,051文字 「2026年8月期業績予想の修正に関するお知らせ」の再掲載について
[backfill][DOC CACHE HIT] 4019 2026-08-17 26,197文字 2026年12月期 第2四半期決算説明会書き起こし
[backfill][SOURCE 1/3] 2026-08-17 2026年8月期業績予想の修正に関するお知らせ
[backfill][TRY 1/3] 2026-08-17 2026年8月期業績予想の修正に関するお知らせ https://webapi.yanoshin.jp/rd.php?https://www.release.tdnet.info/inbs/140120260817521628.pdf
[backfill][UNUSABLE] 2026-08-17 2026年8月期業績予想の修正に関するお知らせ ctype=application/pdf bytes=100,551
[backfill][TRY 2/3] 2026-08-17 2026年8月期業績予想の修正に関するお知らせ http://webapi.yanoshin.jp/rd.php?https://www.release.tdnet.info/inbs/140120260817521628.pdf
[backfill][UNUSABLE] 2026-08-17 2026年8月期業績予想の修正に関するお知らせ ctype=application/pdf bytes=100,551
[backfill][TRY 3/3] 2026-08-17 2026年8月期業績予想の修正に関するお知らせ https://www.release.tdnet.info/inbs/140120260817521628.pdf
[backfill][UNUSABLE] 2026-08-17 2026年8月期業績予想の修正に関するお知らせ ctype=application/pdf bytes=100,551
[backfill][JPX FAST 2/3] 2026-08-17 2026年8月期業績予想の修正に関するお知らせ https://www2.jpx.co.jp/disc/482A0/140120260817521628.pdf
[backfill][TRY 1/1] 2026-08-17 2026年8月期業績予想の修正に関するお知らせ https://www2.jpx.co.jp/disc/482A0/140120260817521628.pdf
[backfill][HTTP 404] 2026-08-17 2026年8月期業績予想の修正に関するお知らせ
[backfill][SOURCE 3/3] 2026-08-17 2026年8月期業績予想の修正に関するお知らせ
[backfill][SKIP FAILCACHE] 2026-08-17 2026年8月期業績予想の修正に関するお知らせ https://www.release.tdnet.info/inbs/140120260817521628.pdf
[backfill][TRY 2/2] 2026-08-17 2026年8月期業績予想の修正に関するお知らせ http://www.release.tdnet.info/inbs/140120260817521628.pdf
[backfill][TIMEOUT 5s] 2026-08-17 2026年8月期業績予想の修正に関するお知らせ
[backfill][DOC EMPTY] 482A 2026-08-17 17:00:00 2026年8月期業績予想の修正に関するお知らせ raw=https://webapi.yanoshin.jp/rd.php?https://www.release.tdnet.info/inbs/140120260817521
[backfill][DOC CACHE HIT] 5534 2026-08-17 1,123文字 通期連結業績予想の修正に関するお知らせ
[backfill][DOC CACHE HIT] 6036 2026-08-17 28,949文字 （訂正）「2026年6月期第2四半期 決算説明会資料」の一部訂正について
[backfill][DOC CACHE HIT] 7044 2026-08-17 696文字 （訂正）「2026年12月期第２四半期（中間期）決算補足資料」の一部訂正について
[backfill][DOC CACHE HIT] 9439 2026-08-17 1,576文字 通期連結業績予想値と実績値との差異に関するお知らせ
[backfill][DOC CACHE HIT] 9439 2026-08-17 25,306文字 2026年6月期　決算短信〔日本基準〕（連結）
[backfill][DOC CACHE HIT] 9439 2026-08-17 1,166文字 剰余金の配当（無配）に関するお知らせ
[backfill][DOC CACHE HIT] 5251 2026-08-17 2,468文字 （再登録）「中間決算説明資料の開示に関するお知らせ」の再登録について
[backfill][DOC CACHE HIT] 6195 2026-08-17 31,592文字 （訂正・数値データ訂正）「2026年３月期　決算短信〔日本基準〕（連結）」の一部
[backfill][DOC CACHE HIT] 7042 2026-08-17 4,066文字 2027年３月期第１四半期決算説明資料
[backfill][DOC CACHE HIT] 8964 2026-08-17 37,819文字 2026年6月期　決算短信（ＲＥＩＴ）
[backfill][DOC CACHE HIT] 7177 2026-08-17 3,192文字 2026年７月の月次業績（速報）に関するお知らせ
[backfill][DOC CACHE HIT] 3168 2026-08-17 1,149文字 特別配当および期末配当予想の修正に関するお知らせ
[backfill][DOC CACHE HIT] 367A 2026-08-17 500文字 連結子会社からの剰余金の配当受領に関するお知らせ
[backfill][DOC CACHE HIT] 4484 2026-08-17 6,345文字 2027年３月期 第１四半期決算説明会レポート（書き起こし）
[backfill][DOC CACHE HIT] 4651 2026-08-17 9,960文字 2027年３月期　第１四半期決算短信〔日本基準〕（連結）
[backfill][DOC CACHE HIT] 4651 2026-08-17 21,202文字 2027年３月期　第１四半期決算説明資料
[backfill][DOC CACHE HIT] 5242 2026-08-17 1,063文字 2026年12月期第２四半期決算説明会 質疑応答（要旨）
[backfill][DOC CACHE HIT] 7069 2026-08-17 675文字 （訂正）「2026年9月期 第3四半期決算説明資料」の一部訂正について
[backfill][DOC CACHE HIT] 8951 2026-08-17 39,641文字 2026年６月期　決算短信（ＲＥＩＴ）
[backfill][DOC CACHE HIT] 8951 2026-08-17 9,069文字 2026年６月期_決算概要
[backfill][DOC CACHE HIT] 8955 2026-08-17 42,496文字 2026年6月期　決算短信（ＲＥＩＴ）
[backfill][DOC CACHE HIT] 8955 2026-08-17 48,751文字 2026年6月期（第49期）決算説明資料
[backfill][DOC CACHE HIT] 9284 2026-08-17 50,474文字 2026年６月期 決算短信（インフラファンド）
[backfill][DOC CACHE HIT] 2461 2026-08-17 3,208文字 2026年12月期7月度 月次業績速報のお知らせ
[backfill][DOC CACHE HIT] 264A 2026-08-17 891文字 （訂正）「2026年９月期第３四半期決算説明資料」の一部訂正について
[backfill][DOC CACHE HIT] 5632 2026-08-17 559文字 連結子会社からの配当金受領に関するお知らせ
[backfill][DOC CACHE HIT] 2927 2026-08-17 733文字 2026年8月期 期末配当予想の増配に関するお知らせ
[backfill][DOC CACHE HIT] 6061 2026-08-17 1,101文字 （訂正・数値データ訂正）「令和８年６月期　決算短信〔日本基準〕(連結)」の一部訂
[backfill][DOC CACHE HIT] 2991 2026-08-17 1,105文字 2026年７月度　月次業績速報
[backfill][DOC CACHE HIT] 4574 2026-08-17 11,096文字 2026年12月期(FY2026)第２四半期(中間期)連結決算報告
[backfill][DOC CACHE HIT] 4018 2026-08-17 510文字 （訂正）「2026年6月期　決算短信〔日本基準〕（非連結）」の一部訂正に関するお
[backfill][DOC CACHE HIT] 8705 2026-08-17 2,394文字 2026年７月の月次業績等（速報）に関するお知らせ
[backfill][DOC CACHE HIT] 8798 2026-08-17 18,713文字 （訂正・数値データ訂正）「2025年9月期 第1四半期決算短信〔日本基準〕（連結
[backfill][DOC CACHE HIT] 9162 2026-08-17 606文字 （訂正）「2026年６月期 通期連結決算説明資料」の一部訂正について
[backfill][DOC CACHE HIT] 3445 2026-08-17 15,223文字 2026年12月期第２四半期 決算説明会 書き起こし公開のお知らせ
[backfill][DOC CACHE HIT] 319A 2026-08-17 4,923文字 Q&A 2026年12月期第2四半期決算説明
[backfill][XBRL TRY] 9284 https://www.release.tdnet.info/inbs/081220260817521739.zip
[backfill][XBRL TRY] 9284 https://www.release.tdnet.info/inbs/091220260817521739.zip
[backfill][XBRL TRY] 9284 https://www2.jpx.co.jp/disc/92840/081220260817521739.zip
[backfill][XBRL TRY] 9284 https://www2.jpx.co.jp/disc/92840/091220260817521739.zip
[backfill][XBRL TRY] 482A https://www.release.tdnet.info/inbs/081220260817521628.zip
[backfill][XBRL TRY] 482A https://www.release.tdnet.info/inbs/091220260817521628.zip
[backfill][XBRL TRY] 482A https://www2.jpx.co.jp/disc/482A0/081220260817521628.zip
[backfill][XBRL TRY] 482A https://www2.jpx.co.jp/disc/482A0/091220260817521628.zip
[backfill][XBRL TRY] 5534 https://www.release.tdnet.info/inbs/081220260817521941.zip
[backfill][XBRL TRY] 5534 https://www.release.tdnet.info/inbs/091220260817521941.zip
[backfill][XBRL TRY] 5534 https://www2.jpx.co.jp/disc/55340/081220260817521941.zip
[backfill][XBRL TRY] 5534 https://www2.jpx.co.jp/disc/55340/091220260817521941.zip
[backfill][XBRL TRY] 482A https://www.release.tdnet.info/inbs/081220260817522088.zip
[backfill][XBRL TRY] 482A https://www.release.tdnet.info/inbs/091220260817522088.zip
[backfill][XBRL TRY] 482A https://www2.jpx.co.jp/disc/482A0/081220260817522088.zip
[backfill][XBRL TRY] 482A https://www2.jpx.co.jp/disc/482A0/091220260817522088.zip
[backfill][XBRL TRY] 2083 https://www.release.tdnet.info/inbs/081220260818522160.zip
[backfill][XBRL TRY] 2083 https://www.release.tdnet.info/inbs/091220260818522160.zip
[backfill][XBRL TRY] 2083 https://www2.jpx.co.jp/disc/20830/081220260818522160.zip
[backfill][XBRL TRY] 2083 https://www2.jpx.co.jp/disc/20830/091220260818522160.zip
[backfill][XBRL TRY] 2084 https://www.release.tdnet.info/inbs/081220260818522182.zip
[backfill][XBRL TRY] 2084 https://www.release.tdnet.info/inbs/091220260818522182.zip
[backfill][XBRL TRY] 2084 https://www2.jpx.co.jp/disc/20840/081220260818522182.zip
[backfill][XBRL TRY] 2084 https://www2.jpx.co.jp/disc/20840/091220260818522182.zip
[forecast_history] 対象=10 initial=4 revision=0 achievement=0 unresolved=6
[OK] 決算:29件, 増資:10件, TOB:2件, 本文:51件, 予想初期:4件, 予想修正:0件, 達成履歴更新:0件 をDBに保存しました。
=== fetch_all: 完全成功 ===
===== 2026-08-18T15:31:22 END status=success rc=0 =====


===== 2026-08-18T16:00:00 START C:\Users\sasit\AppData\Local\Programs\Python\Python310\pythonw.exe D:\kabu\main\1-スクリーニング自動化プログラム\main\fetch_all.py =====
=== fetch_all: TDnetデータ収集開始 ===
[backfill][SOURCE 1/6] 2026-08-18 2026年８月期通期連結・個別業績予想の修正に関するお知らせ
[backfill][TRY 1/3] 2026-08-18 2026年８月期通期連結・個別業績予想の修正に関するお知らせ https://webapi.yanoshin.jp/rd.php?https://www.release.tdnet.info/inbs/140120260818522188.pdf
[backfill][URL OK] 2026-08-18 2026年８月期通期連結・個別業績予想の修正に関するお知らせ pdf 1,914文字
[backfill][DOC OK] 3174 2026-08-18 pdf 1,914文字 2026年８月期通期連結・個別業績予想の修正に関するお知らせ
[backfill][SOURCE 1/6] 2026-08-18 2026年６月期 決算短信〔日本基準〕（連結）
[backfill][TRY 1/3] 2026-08-18 2026年６月期 決算短信〔日本基準〕（連結） https://webapi.yanoshin.jp/rd.php?https://www.release.tdnet.info/inbs/140120260806512049.pdf
[backfill][URL OK] 2026-08-18 2026年６月期 決算短信〔日本基準〕（連結） pdf 11,715文字
[backfill][DOC OK] 6327 2026-08-18 pdf 11,715文字 2026年６月期 決算短信〔日本基準〕（連結）
[backfill][SOURCE 1/3] 2026-08-18 剰余金の配当に関するお知らせ
[backfill][TRY 1/3] 2026-08-18 剰余金の配当に関するお知らせ https://webapi.yanoshin.jp/rd.php?https://www.release.tdnet.info/inbs/140120260806512055.pdf
[backfill][URL OK] 2026-08-18 剰余金の配当に関するお知らせ pdf 1,023文字
[backfill][DOC OK] 6327 2026-08-18 pdf 1,023文字 剰余金の配当に関するお知らせ
[backfill][SOURCE 1/6] 2026-08-18 2026年6月期　決算短信〔日本基準〕（連結）
[backfill][TRY 1/3] 2026-08-18 2026年6月期　決算短信〔日本基準〕（連結） https://webapi.yanoshin.jp/rd.php?https://www.release.tdnet.info/inbs/140120260803506761.pdf
[backfill][URL OK] 2026-08-18 2026年6月期　決算短信〔日本基準〕（連結） pdf 21,424文字
[backfill][DOC OK] 1999 2026-08-18 pdf 21,424文字 2026年6月期　決算短信〔日本基準〕（連結）
[backfill][SOURCE 1/6] 2026-08-18 通期連結業績予想値と実績値との差異に関するお知らせ
[backfill][TRY 1/3] 2026-08-18 通期連結業績予想値と実績値との差異に関するお知らせ https://webapi.yanoshin.jp/rd.php?https://www.release.tdnet.info/inbs/140120260803506774.pdf
[backfill][URL OK] 2026-08-18 通期連結業績予想値と実績値との差異に関するお知らせ pdf 765文字
[backfill][DOC OK] 1999 2026-08-18 pdf 765文字 通期連結業績予想値と実績値との差異に関するお知らせ
[backfill][SOURCE 1/3] 2026-08-18 2026年12月期 第2四半期決算説明資料
[backfill][TRY 1/3] 2026-08-18 2026年12月期 第2四半期決算説明資料 https://webapi.yanoshin.jp/rd.php?https://www.release.tdnet.info/inbs/140120260818522340.pdf
[backfill][URL OK] 2026-08-18 2026年12月期 第2四半期決算説明資料 pdf 36,315文字
[backfill][DOC OK] 2160 2026-08-18 pdf 36,315文字 2026年12月期 第2四半期決算説明資料
[backfill][SOURCE 1/6] 2026-08-18 業績予想及び配当予想の修正に関するお知らせ
[backfill][TRY 1/3] 2026-08-18 業績予想及び配当予想の修正に関するお知らせ https://webapi.yanoshin.jp/rd.php?https://www.release.tdnet.info/inbs/140120260818522441.pdf
[backfill][URL OK] 2026-08-18 業績予想及び配当予想の修正に関するお知らせ pdf 1,833文字
[backfill][DOC OK] 2735 2026-08-18 pdf 1,833文字 業績予想及び配当予想の修正に関するお知らせ
[backfill][SOURCE 1/6] 2026-08-18 2026年６月期 決算短信（REIT）
[backfill][TRY 1/3] 2026-08-18 2026年６月期 決算短信（REIT） https://webapi.yanoshin.jp/rd.php?https://www.release.tdnet.info/inbs/140120260813519337.pdf
[backfill][URL OK] 2026-08-18 2026年６月期 決算短信（REIT） pdf 46,065文字
[backfill][DOC OK] 3487 2026-08-18 pdf 46,065文字 2026年６月期 決算短信（REIT）
[backfill][SOURCE 1/3] 2026-08-18 2026年６月期 決算説明会資料
[backfill][TRY 1/3] 2026-08-18 2026年６月期 決算説明会資料 https://webapi.yanoshin.jp/rd.php?https://www.release.tdnet.info/inbs/140120260814520201.pdf
[backfill][URL OK] 2026-08-18 2026年６月期 決算説明会資料 pdf 54,901文字
[backfill][DOC OK] 3487 2026-08-18 pdf 54,901文字 2026年６月期 決算説明会資料
[backfill][SOURCE 1/3] 2026-08-18 業績目標コミットメント型ストック・オプション（有償ストック・オプション）の発行に関す
[backfill][TRY 1/3] 2026-08-18 業績目標コミットメント型ストック・オプション（有償ストック・オプション）の発行に関す https://webapi.yanoshin.jp/rd.php?https://www.release.tdnet.info/inbs/140120260818522187.pdf
[backfill][URL OK] 2026-08-18 業績目標コミットメント型ストック・オプション（有償ストック・オプション）の発行に関す pdf 7,102文字
[backfill][DOC OK] 4264 2026-08-18 pdf 7,102文字 業績目標コミットメント型ストック・オプション（有償ストック・オプション）の発行に
[backfill][SOURCE 1/3] 2026-08-18 （訂正）「2026年12月期 第２四半期決算補足資料」の一部訂正について
[backfill][TRY 1/3] 2026-08-18 （訂正）「2026年12月期 第２四半期決算補足資料」の一部訂正について https://webapi.yanoshin.jp/rd.php?https://www.release.tdnet.info/inbs/140120260817522020.pdf
[backfill][URL OK] 2026-08-18 （訂正）「2026年12月期 第２四半期決算補足資料」の一部訂正について pdf 501文字
[backfill][DOC OK] 4776 2026-08-18 pdf 501文字 （訂正）「2026年12月期 第２四半期決算補足資料」の一部訂正について
[backfill][SOURCE 1/3] 2026-08-18 「2026年6月期決算説明資料」に関する動画書き起こし
[backfill][TRY 1/3] 2026-08-18 「2026年6月期決算説明資料」に関する動画書き起こし https://webapi.yanoshin.jp/rd.php?https://www.release.tdnet.info/inbs/140120260818522325.pdf
[backfill][URL OK] 2026-08-18 「2026年6月期決算説明資料」に関する動画書き起こし pdf 35,052文字
[backfill][DOC OK] 598A 2026-08-18 pdf 35,052文字 「2026年6月期決算説明資料」に関する動画書き起こし
[backfill][SOURCE 1/3] 2026-08-18 2026年９月 期第３四半期 決算に関する質疑応答集
[backfill][TRY 1/3] 2026-08-18 2026年９月 期第３四半期 決算に関する質疑応答集 https://webapi.yanoshin.jp/rd.php?https://www.release.tdnet.info/inbs/140120260818522275.pdf
[backfill][URL OK] 2026-08-18 2026年９月 期第３四半期 決算に関する質疑応答集 pdf 1,294文字
[backfill][DOC OK] 6046 2026-08-18 pdf 1,294文字 2026年９月 期第３四半期 決算に関する質疑応答集
[backfill][SOURCE 1/3] 2026-08-18 2026年9月期 第3第四半期決算 質疑応答集
[backfill][TRY 1/3] 2026-08-18 2026年9月期 第3第四半期決算 質疑応答集 https://webapi.yanoshin.jp/rd.php?https://www.release.tdnet.info/inbs/140120260818522352.pdf
[backfill][URL OK] 2026-08-18 2026年9月期 第3第四半期決算 質疑応答集 pdf 2,329文字
[backfill][DOC OK] 6094 2026-08-18 pdf 2,329文字 2026年9月期 第3第四半期決算 質疑応答集
[backfill][SOURCE 1/3] 2026-08-18 [Q&A書き起こし]2027年３月期 第１四半期決算説明会
[backfill][TRY 1/3] 2026-08-18 [Q&A書き起こし]2027年３月期 第１四半期決算説明会 https://webapi.yanoshin.jp/rd.php?https://www.release.tdnet.info/inbs/140120260818522336.pdf
[backfill][URL OK] 2026-08-18 [Q&A書き起こし]2027年３月期 第１四半期決算説明会 pdf 2,633文字
[backfill][DOC OK] 7383 2026-08-18 pdf 2,633文字 [Q&A書き起こし]2027年３月期 第１四半期決算説明会
[backfill][SOURCE 1/6] 2026-08-18 2026年6月期決算短信〔日本基準〕（連結）
[backfill][TRY 1/3] 2026-08-18 2026年6月期決算短信〔日本基準〕（連結） https://webapi.yanoshin.jp/rd.php?https://www.release.tdnet.info/inbs/140120260809515913.pdf
[backfill][URL OK] 2026-08-18 2026年6月期決算短信〔日本基準〕（連結） pdf 39,379文字
[backfill][DOC OK] 7532 2026-08-18 pdf 39,379文字 2026年6月期決算短信〔日本基準〕（連結）
[backfill][SOURCE 1/3] 2026-08-18 2026年６月期剰余金の配当（増配）及び2027年６月期配当予想に関するお知らせ
[backfill][TRY 1/3] 2026-08-18 2026年６月期剰余金の配当（増配）及び2027年６月期配当予想に関するお知らせ https://webapi.yanoshin.jp/rd.php?https://www.release.tdnet.info/inbs/140120260814521479.pdf
[backfill][URL OK] 2026-08-18 2026年６月期剰余金の配当（増配）及び2027年６月期配当予想に関するお知らせ pdf 1,771文字
[backfill][DOC OK] 7532 2026-08-18 pdf 1,771文字 2026年６月期剰余金の配当（増配）及び2027年６月期配当予想に関するお知らせ
[backfill][SOURCE 1/3] 2026-08-18 （訂正）「過年度の有価証券報告書等の訂正報告書の提出及び過年度の決算短信等の訂正に関
[backfill][TRY 1/3] 2026-08-18 （訂正）「過年度の有価証券報告書等の訂正報告書の提出及び過年度の決算短信等の訂正に関 https://webapi.yanoshin.jp/rd.php?https://www.release.tdnet.info/inbs/140120260818522454.pdf
[backfill][URL OK] 2026-08-18 （訂正）「過年度の有価証券報告書等の訂正報告書の提出及び過年度の決算短信等の訂正に関 pdf 1,374文字
[backfill][DOC OK] 8798 2026-08-18 pdf 1,374文字 （訂正）「過年度の有価証券報告書等の訂正報告書の提出及び過年度の決算短信等の訂正
[backfill][SOURCE 1/3] 2026-08-18 （訂正）「2026年9月期第2四半期（2025年10月～2026年3月） 業績説明資
[backfill][TRY 1/3] 2026-08-18 （訂正）「2026年9月期第2四半期（2025年10月～2026年3月） 業績説明資 https://webapi.yanoshin.jp/rd.php?https://www.release.tdnet.info/inbs/140120260818522460.pdf
[backfill][URL OK] 2026-08-18 （訂正）「2026年9月期第2四半期（2025年10月～2026年3月） 業績説明資 pdf 742文字
[backfill][DOC OK] 8798 2026-08-18 pdf 742文字 （訂正）「2026年9月期第2四半期（2025年10月～2026年3月） 業績説
[backfill][SOURCE 1/3] 2026-08-18 2027年３月期第１四半期決算補足説明資料（動画）
[backfill][TRY 1/3] 2026-08-18 2027年３月期第１四半期決算補足説明資料（動画） https://webapi.yanoshin.jp/rd.php?https://www.release.tdnet.info/inbs/140120260818522157.pdf
[backfill][URL OK] 2026-08-18 2027年３月期第１四半期決算補足説明資料（動画） pdf 11,407文字
[backfill][DOC OK] 9610 2026-08-18 pdf 11,407文字 2027年３月期第１四半期決算補足説明資料（動画）
[backfill][DOC CACHE HIT] 9887 2026-08-18 601文字 （訂正）「令和9年3月期第1四半期決算短信〔日本基準〕（連結）」の一部訂正に関す
[backfill][DOC CACHE HIT] 4826 2026-08-18 1,043文字 剰余金の配当に関するお知らせ
[backfill][DOC CACHE HIT] 6340 2026-08-18 25,533文字 2026年6月期　決算説明資料
[backfill][DOC CACHE HIT] 2083 2026-08-18 16,082文字 NEXT FUNDS 日本成長株アクティブ上場投信 決算短信
[backfill][DOC CACHE HIT] 2084 2026-08-18 19,835文字 NEXT FUNDS 日本高配当株アクティブ上場投信 決算短信
[backfill][DOC CACHE HIT] 6850 2026-08-18 8,579文字 2027年3月期 第1四半期 決算補足説明資料
[backfill][DOC CACHE HIT] 8084 2026-08-18 5,303文字 2027年３月期第1四半期　決算補足資料
[backfill][DOC CACHE HIT] 2681 2026-08-18 32,813文字 (訂正）「2027年３月期  第１四半期決算説明資料」の一部訂正について
[backfill][DOC CACHE HIT] 9941 2026-08-18 4,037文字 2026年９月期 ７月度　月次業績（売上高）速報
[backfill][DOC CACHE HIT] 4320 2026-08-18 3,984文字 （訂正）「2026年９月期第３四半期決算短信〔日本基準〕（連結）」の一部訂正につ
[backfill][DOC CACHE HIT] 8304 2026-08-18 1,262文字 2027年3月期 第1四半期 自己資本比率について
[backfill][DOC CACHE HIT] 8951 2026-08-18 31,497文字 2026年６月期（第50期）決算説明会資料
[backfill][DOC CACHE HIT] 3660 2026-08-18 5,402文字 2026年６月期通期 決算説明会における質疑応答
[backfill][DOC CACHE HIT] 482A 2026-08-17 1,051文字 「2026年8月期業績予想の修正に関するお知らせ」の再掲載について
[backfill][DOC CACHE HIT] 4019 2026-08-17 26,197文字 2026年12月期 第2四半期決算説明会書き起こし
[backfill][SOURCE 1/3] 2026-08-17 2026年8月期業績予想の修正に関するお知らせ
[backfill][TRY 1/3] 2026-08-17 2026年8月期業績予想の修正に関するお知らせ https://webapi.yanoshin.jp/rd.php?https://www.release.tdnet.info/inbs/140120260817521628.pdf
[backfill][UNUSABLE] 2026-08-17 2026年8月期業績予想の修正に関するお知らせ ctype=application/pdf bytes=100,551
[backfill][TRY 2/3] 2026-08-17 2026年8月期業績予想の修正に関するお知らせ http://webapi.yanoshin.jp/rd.php?https://www.release.tdnet.info/inbs/140120260817521628.pdf
[backfill][UNUSABLE] 2026-08-17 2026年8月期業績予想の修正に関するお知らせ ctype=application/pdf bytes=100,551
[backfill][TRY 3/3] 2026-08-17 2026年8月期業績予想の修正に関するお知らせ https://www.release.tdnet.info/inbs/140120260817521628.pdf
[backfill][UNUSABLE] 2026-08-17 2026年8月期業績予想の修正に関するお知らせ ctype=application/pdf bytes=100,551
[backfill][JPX FAST 2/3] 2026-08-17 2026年8月期業績予想の修正に関するお知らせ https://www2.jpx.co.jp/disc/482A0/140120260817521628.pdf
[backfill][TRY 1/1] 2026-08-17 2026年8月期業績予想の修正に関するお知らせ https://www2.jpx.co.jp/disc/482A0/140120260817521628.pdf
[backfill][HTTP 404] 2026-08-17 2026年8月期業績予想の修正に関するお知らせ
[backfill][SOURCE 3/3] 2026-08-17 2026年8月期業績予想の修正に関するお知らせ
[backfill][SKIP FAILCACHE] 2026-08-17 2026年8月期業績予想の修正に関するお知らせ https://www.release.tdnet.info/inbs/140120260817521628.pdf
[backfill][TRY 2/2] 2026-08-17 2026年8月期業績予想の修正に関するお知らせ http://www.release.tdnet.info/inbs/140120260817521628.pdf
[backfill][TIMEOUT 5s] 2026-08-17 2026年8月期業績予想の修正に関するお知らせ
[backfill][DOC EMPTY] 482A 2026-08-17 17:00:00 2026年8月期業績予想の修正に関するお知らせ raw=https://webapi.yanoshin.jp/rd.php?https://www.release.tdnet.info/inbs/140120260817521
[backfill][DOC CACHE HIT] 5534 2026-08-17 1,123文字 通期連結業績予想の修正に関するお知らせ
[backfill][DOC CACHE HIT] 6036 2026-08-17 28,949文字 （訂正）「2026年6月期第2四半期 決算説明会資料」の一部訂正について
[backfill][DOC CACHE HIT] 7044 2026-08-17 696文字 （訂正）「2026年12月期第２四半期（中間期）決算補足資料」の一部訂正について
[backfill][DOC CACHE HIT] 9439 2026-08-17 1,576文字 通期連結業績予想値と実績値との差異に関するお知らせ
[backfill][DOC CACHE HIT] 9439 2026-08-17 25,306文字 2026年6月期　決算短信〔日本基準〕（連結）
[backfill][DOC CACHE HIT] 9439 2026-08-17 1,166文字 剰余金の配当（無配）に関するお知らせ
[backfill][DOC CACHE HIT] 5251 2026-08-17 2,468文字 （再登録）「中間決算説明資料の開示に関するお知らせ」の再登録について
[backfill][DOC CACHE HIT] 6195 2026-08-17 31,592文字 （訂正・数値データ訂正）「2026年３月期　決算短信〔日本基準〕（連結）」の一部
[backfill][DOC CACHE HIT] 7042 2026-08-17 4,066文字 2027年３月期第１四半期決算説明資料
[backfill][DOC CACHE HIT] 8964 2026-08-17 37,819文字 2026年6月期　決算短信（ＲＥＩＴ）
[backfill][DOC CACHE HIT] 7177 2026-08-17 3,192文字 2026年７月の月次業績（速報）に関するお知らせ
[backfill][DOC CACHE HIT] 3168 2026-08-17 1,149文字 特別配当および期末配当予想の修正に関するお知らせ
[backfill][DOC CACHE HIT] 367A 2026-08-17 500文字 連結子会社からの剰余金の配当受領に関するお知らせ
[backfill][DOC CACHE HIT] 4484 2026-08-17 6,345文字 2027年３月期 第１四半期決算説明会レポート（書き起こし）
[backfill][DOC CACHE HIT] 4651 2026-08-17 9,960文字 2027年３月期　第１四半期決算短信〔日本基準〕（連結）
[backfill][DOC CACHE HIT] 4651 2026-08-17 21,202文字 2027年３月期　第１四半期決算説明資料
[backfill][DOC CACHE HIT] 5242 2026-08-17 1,063文字 2026年12月期第２四半期決算説明会 質疑応答（要旨）
[backfill][DOC CACHE HIT] 7069 2026-08-17 675文字 （訂正）「2026年9月期 第3四半期決算説明資料」の一部訂正について
[backfill][DOC CACHE HIT] 8951 2026-08-17 39,641文字 2026年６月期　決算短信（ＲＥＩＴ）
[backfill][DOC CACHE HIT] 8951 2026-08-17 9,069文字 2026年６月期_決算概要
[backfill][DOC CACHE HIT] 8955 2026-08-17 42,496文字 2026年6月期　決算短信（ＲＥＩＴ）
[backfill][DOC CACHE HIT] 8955 2026-08-17 48,751文字 2026年6月期（第49期）決算説明資料
[backfill][DOC CACHE HIT] 9284 2026-08-17 50,474文字 2026年６月期 決算短信（インフラファンド）
[backfill][DOC CACHE HIT] 2461 2026-08-17 3,208文字 2026年12月期7月度 月次業績速報のお知らせ
[backfill][DOC CACHE HIT] 264A 2026-08-17 891文字 （訂正）「2026年９月期第３四半期決算説明資料」の一部訂正について
[backfill][DOC CACHE HIT] 5632 2026-08-17 559文字 連結子会社からの配当金受領に関するお知らせ
[backfill][DOC CACHE HIT] 2927 2026-08-17 733文字 2026年8月期 期末配当予想の増配に関するお知らせ
[backfill][DOC CACHE HIT] 6061 2026-08-17 1,101文字 （訂正・数値データ訂正）「令和８年６月期　決算短信〔日本基準〕(連結)」の一部訂
[backfill][DOC CACHE HIT] 2991 2026-08-17 1,105文字 2026年７月度　月次業績速報
[backfill][DOC CACHE HIT] 4574 2026-08-17 11,096文字 2026年12月期(FY2026)第２四半期(中間期)連結決算報告
[backfill][DOC CACHE HIT] 4018 2026-08-17 510文字 （訂正）「2026年6月期　決算短信〔日本基準〕（非連結）」の一部訂正に関するお
[backfill][DOC CACHE HIT] 8705 2026-08-17 2,394文字 2026年７月の月次業績等（速報）に関するお知らせ
[backfill][DOC CACHE HIT] 8798 2026-08-17 18,713文字 （訂正・数値データ訂正）「2025年9月期 第1四半期決算短信〔日本基準〕（連結
[backfill][DOC CACHE HIT] 9162 2026-08-17 606文字 （訂正）「2026年６月期 通期連結決算説明資料」の一部訂正について
[backfill][DOC CACHE HIT] 3445 2026-08-17 15,223文字 2026年12月期第２四半期 決算説明会 書き起こし公開のお知らせ
[backfill][DOC CACHE HIT] 319A 2026-08-17 4,923文字 Q&A 2026年12月期第2四半期決算説明
[backfill][XBRL TRY] 9284 https://www.release.tdnet.info/inbs/081220260817521739.zip
[backfill][XBRL TRY] 9284 https://www.release.tdnet.info/inbs/091220260817521739.zip
[backfill][XBRL TRY] 9284 https://www2.jpx.co.jp/disc/92840/081220260817521739.zip
[backfill][XBRL TRY] 9284 https://www2.jpx.co.jp/disc/92840/091220260817521739.zip
[backfill][XBRL TRY] 482A https://www.release.tdnet.info/inbs/081220260817521628.zip
[backfill][XBRL TRY] 482A https://www.release.tdnet.info/inbs/091220260817521628.zip
[backfill][XBRL TRY] 482A https://www2.jpx.co.jp/disc/482A0/081220260817521628.zip
[backfill][XBRL TRY] 482A https://www2.jpx.co.jp/disc/482A0/091220260817521628.zip
[backfill][XBRL TRY] 5534 https://www.release.tdnet.info/inbs/081220260817521941.zip
[backfill][XBRL TRY] 5534 https://www.release.tdnet.info/inbs/091220260817521941.zip
[backfill][XBRL TRY] 5534 https://www2.jpx.co.jp/disc/55340/081220260817521941.zip
[backfill][XBRL TRY] 5534 https://www2.jpx.co.jp/disc/55340/091220260817521941.zip
[backfill][XBRL TRY] 482A https://www.release.tdnet.info/inbs/081220260817522088.zip
[backfill][XBRL TRY] 482A https://www.release.tdnet.info/inbs/091220260817522088.zip
[backfill][XBRL TRY] 482A https://www2.jpx.co.jp/disc/482A0/081220260817522088.zip
[backfill][XBRL TRY] 482A https://www2.jpx.co.jp/disc/482A0/091220260817522088.zip
[backfill][XBRL TRY] 2083 https://www.release.tdnet.info/inbs/081220260818522160.zip
[backfill][XBRL TRY] 2083 https://www.release.tdnet.info/inbs/091220260818522160.zip
[backfill][XBRL TRY] 2083 https://www2.jpx.co.jp/disc/20830/081220260818522160.zip
[backfill][XBRL TRY] 2083 https://www2.jpx.co.jp/disc/20830/091220260818522160.zip
[backfill][XBRL TRY] 2084 https://www.release.tdnet.info/inbs/081220260818522182.zip
[backfill][XBRL TRY] 2084 https://www.release.tdnet.info/inbs/091220260818522182.zip
[backfill][XBRL TRY] 2084 https://www2.jpx.co.jp/disc/20840/081220260818522182.zip
[backfill][XBRL TRY] 2084 https://www2.jpx.co.jp/disc/20840/091220260818522182.zip
[backfill][XBRL TRY] 1999 https://webapi.yanoshin.jp/rd.php?https://www.release.tdnet.info/inbs/081220260803506761.zip
[backfill][XBRL ZIP OK] 1999 131,340 bytes
[backfill][XBRL TRY] 2735 https://webapi.yanoshin.jp/rd.php?https://www.release.tdnet.info/inbs/091220260818522441.zip
[backfill][XBRL ZIP OK] 2735 10,419 bytes
[backfill][XBRL TRY] 3487 https://webapi.yanoshin.jp/rd.php?https://www.release.tdnet.info/inbs/081220260813519337.zip
[backfill][XBRL ZIP OK] 3487 115,435 bytes
[backfill][XBRL TRY] 7532 https://webapi.yanoshin.jp/rd.php?https://www.release.tdnet.info/inbs/081220260809515913.zip
[backfill][XBRL ZIP OK] 7532 149,752 bytes
[backfill][XBRL TRY] 6327 https://webapi.yanoshin.jp/rd.php?https://www.release.tdnet.info/inbs/081220260806512049.zip
[backfill][XBRL ZIP OK] 6327 79,024 bytes
[backfill][XBRL TRY] 3174 https://webapi.yanoshin.jp/rd.php?https://www.release.tdnet.info/inbs/091220260818522188.zip
[backfill][XBRL ZIP OK] 3174 9,720 bytes
[forecast_history] 対象=16 initial=8 revision=2 achievement=0 unresolved=6
[OK] 決算:41件, 増資:15件, TOB:4件, 本文:71件, 予想初期:8件, 予想修正:2件, 達成履歴更新:0件 をDBに保存しました。
=== fetch_all: 完全成功 ===
===== 2026-08-18T16:01:51 END status=success rc=0 =====


===== 2026-08-18T16:20:00 START C:\Users\sasit\AppData\Local\Programs\Python\Python310\pythonw.exe D:\kabu\main\1-スクリーニング自動化プログラム\main\fetch_all.py =====
=== fetch_all: TDnetデータ収集開始 ===
[backfill][SOURCE 1/3] 2026-08-18 (訂正)「2026年６月期 決算短信〔日本基準〕（連結）」の一部訂正に関するお知らせ
[backfill][TRY 1/3] 2026-08-18 (訂正)「2026年６月期 決算短信〔日本基準〕（連結）」の一部訂正に関するお知らせ https://webapi.yanoshin.jp/rd.php?https://www.release.tdnet.info/inbs/140120260818522501.pdf
[backfill][URL OK] 2026-08-18 (訂正)「2026年６月期 決算短信〔日本基準〕（連結）」の一部訂正に関するお知らせ pdf 1,064文字
[backfill][DOC OK] 7707 2026-08-18 pdf 1,064文字 (訂正)「2026年６月期 決算短信〔日本基準〕（連結）」の一部訂正に関するお知
[backfill][SOURCE 1/3] 2026-08-18 2026年12月期　第２四半期（中間期）決算説明会資料
[backfill][TRY 1/3] 2026-08-18 2026年12月期　第２四半期（中間期）決算説明会資料 https://webapi.yanoshin.jp/rd.php?https://www.release.tdnet.info/inbs/140120260817521779.pdf
[backfill][URL OK] 2026-08-18 2026年12月期　第２四半期（中間期）決算説明会資料 pdf 17,220文字
[backfill][DOC OK] 7814 2026-08-18 pdf 17,220文字 2026年12月期　第２四半期（中間期）決算説明会資料
[backfill][DOC CACHE HIT] 3174 2026-08-18 1,914文字 2026年８月期通期連結・個別業績予想の修正に関するお知らせ
[backfill][DOC CACHE HIT] 6327 2026-08-18 11,715文字 2026年６月期 決算短信〔日本基準〕（連結）
[backfill][DOC CACHE HIT] 6327 2026-08-18 1,023文字 剰余金の配当に関するお知らせ
[backfill][DOC CACHE HIT] 1999 2026-08-18 21,424文字 2026年6月期　決算短信〔日本基準〕（連結）
[backfill][DOC CACHE HIT] 1999 2026-08-18 765文字 通期連結業績予想値と実績値との差異に関するお知らせ
[backfill][DOC CACHE HIT] 2160 2026-08-18 36,315文字 2026年12月期 第2四半期決算説明資料
[backfill][DOC CACHE HIT] 2735 2026-08-18 1,833文字 業績予想及び配当予想の修正に関するお知らせ
[backfill][DOC CACHE HIT] 3487 2026-08-18 46,065文字 2026年６月期 決算短信（REIT）
[backfill][DOC CACHE HIT] 3487 2026-08-18 54,901文字 2026年６月期 決算説明会資料
[backfill][DOC CACHE HIT] 4264 2026-08-18 7,102文字 業績目標コミットメント型ストック・オプション（有償ストック・オプション）の発行に
[backfill][DOC CACHE HIT] 4776 2026-08-18 501文字 （訂正）「2026年12月期 第２四半期決算補足資料」の一部訂正について
[backfill][DOC CACHE HIT] 598A 2026-08-18 35,052文字 「2026年6月期決算説明資料」に関する動画書き起こし
[backfill][DOC CACHE HIT] 6046 2026-08-18 1,294文字 2026年９月 期第３四半期 決算に関する質疑応答集
[backfill][DOC CACHE HIT] 6094 2026-08-18 2,329文字 2026年9月期 第3第四半期決算 質疑応答集
[backfill][DOC CACHE HIT] 7383 2026-08-18 2,633文字 [Q&A書き起こし]2027年３月期 第１四半期決算説明会
[backfill][DOC CACHE HIT] 7532 2026-08-18 39,379文字 2026年6月期決算短信〔日本基準〕（連結）
[backfill][DOC CACHE HIT] 7532 2026-08-18 1,771文字 2026年６月期剰余金の配当（増配）及び2027年６月期配当予想に関するお知らせ
[backfill][DOC CACHE HIT] 8798 2026-08-18 1,374文字 （訂正）「過年度の有価証券報告書等の訂正報告書の提出及び過年度の決算短信等の訂正
[backfill][DOC CACHE HIT] 8798 2026-08-18 742文字 （訂正）「2026年9月期第2四半期（2025年10月～2026年3月） 業績説
[backfill][DOC CACHE HIT] 9610 2026-08-18 11,407文字 2027年３月期第１四半期決算補足説明資料（動画）
[backfill][DOC CACHE HIT] 9887 2026-08-18 601文字 （訂正）「令和9年3月期第1四半期決算短信〔日本基準〕（連結）」の一部訂正に関す
[backfill][DOC CACHE HIT] 4826 2026-08-18 1,043文字 剰余金の配当に関するお知らせ
[backfill][DOC CACHE HIT] 6340 2026-08-18 25,533文字 2026年6月期　決算説明資料
[backfill][DOC CACHE HIT] 2083 2026-08-18 16,082文字 NEXT FUNDS 日本成長株アクティブ上場投信 決算短信
[backfill][DOC CACHE HIT] 2084 2026-08-18 19,835文字 NEXT FUNDS 日本高配当株アクティブ上場投信 決算短信
[backfill][DOC CACHE HIT] 6850 2026-08-18 8,579文字 2027年3月期 第1四半期 決算補足説明資料
[backfill][DOC CACHE HIT] 8084 2026-08-18 5,303文字 2027年３月期第1四半期　決算補足資料
[backfill][DOC CACHE HIT] 2681 2026-08-18 32,813文字 (訂正）「2027年３月期  第１四半期決算説明資料」の一部訂正について
[backfill][DOC CACHE HIT] 9941 2026-08-18 4,037文字 2026年９月期 ７月度　月次業績（売上高）速報
[backfill][DOC CACHE HIT] 4320 2026-08-18 3,984文字 （訂正）「2026年９月期第３四半期決算短信〔日本基準〕（連結）」の一部訂正につ
[backfill][DOC CACHE HIT] 8304 2026-08-18 1,262文字 2027年3月期 第1四半期 自己資本比率について
[backfill][DOC CACHE HIT] 8951 2026-08-18 31,497文字 2026年６月期（第50期）決算説明会資料
[backfill][DOC CACHE HIT] 3660 2026-08-18 5,402文字 2026年６月期通期 決算説明会における質疑応答
[backfill][DOC CACHE HIT] 482A 2026-08-17 1,051文字 「2026年8月期業績予想の修正に関するお知らせ」の再掲載について
[backfill][DOC CACHE HIT] 4019 2026-08-17 26,197文字 2026年12月期 第2四半期決算説明会書き起こし
[backfill][SOURCE 1/3] 2026-08-17 2026年8月期業績予想の修正に関するお知らせ
[backfill][TRY 1/3] 2026-08-17 2026年8月期業績予想の修正に関するお知らせ https://webapi.yanoshin.jp/rd.php?https://www.release.tdnet.info/inbs/140120260817521628.pdf
[backfill][UNUSABLE] 2026-08-17 2026年8月期業績予想の修正に関するお知らせ ctype=application/pdf bytes=100,551
[backfill][TRY 2/3] 2026-08-17 2026年8月期業績予想の修正に関するお知らせ http://webapi.yanoshin.jp/rd.php?https://www.release.tdnet.info/inbs/140120260817521628.pdf
[backfill][UNUSABLE] 2026-08-17 2026年8月期業績予想の修正に関するお知らせ ctype=application/pdf bytes=100,551
[backfill][TRY 3/3] 2026-08-17 2026年8月期業績予想の修正に関するお知らせ https://www.release.tdnet.info/inbs/140120260817521628.pdf
[backfill][UNUSABLE] 2026-08-17 2026年8月期業績予想の修正に関するお知らせ ctype=application/pdf bytes=100,551
[backfill][JPX FAST 2/3] 2026-08-17 2026年8月期業績予想の修正に関するお知らせ https://www2.jpx.co.jp/disc/482A0/140120260817521628.pdf
[backfill][TRY 1/1] 2026-08-17 2026年8月期業績予想の修正に関するお知らせ https://www2.jpx.co.jp/disc/482A0/140120260817521628.pdf
[backfill][HTTP 404] 2026-08-17 2026年8月期業績予想の修正に関するお知らせ
[backfill][SOURCE 3/3] 2026-08-17 2026年8月期業績予想の修正に関するお知らせ
[backfill][SKIP FAILCACHE] 2026-08-17 2026年8月期業績予想の修正に関するお知らせ https://www.release.tdnet.info/inbs/140120260817521628.pdf
[backfill][TRY 2/2] 2026-08-17 2026年8月期業績予想の修正に関するお知らせ http://www.release.tdnet.info/inbs/140120260817521628.pdf
[backfill][TIMEOUT 5s] 2026-08-17 2026年8月期業績予想の修正に関するお知らせ
[backfill][DOC EMPTY] 482A 2026-08-17 17:00:00 2026年8月期業績予想の修正に関するお知らせ raw=https://webapi.yanoshin.jp/rd.php?https://www.release.tdnet.info/inbs/140120260817521
[backfill][DOC CACHE HIT] 5534 2026-08-17 1,123文字 通期連結業績予想の修正に関するお知らせ
[backfill][DOC CACHE HIT] 6036 2026-08-17 28,949文字 （訂正）「2026年6月期第2四半期 決算説明会資料」の一部訂正について
[backfill][DOC CACHE HIT] 7044 2026-08-17 696文字 （訂正）「2026年12月期第２四半期（中間期）決算補足資料」の一部訂正について
[backfill][DOC CACHE HIT] 9439 2026-08-17 1,576文字 通期連結業績予想値と実績値との差異に関するお知らせ
[backfill][DOC CACHE HIT] 9439 2026-08-17 25,306文字 2026年6月期　決算短信〔日本基準〕（連結）
[backfill][DOC CACHE HIT] 9439 2026-08-17 1,166文字 剰余金の配当（無配）に関するお知らせ
[backfill][DOC CACHE HIT] 5251 2026-08-17 2,468文字 （再登録）「中間決算説明資料の開示に関するお知らせ」の再登録について
[backfill][DOC CACHE HIT] 6195 2026-08-17 31,592文字 （訂正・数値データ訂正）「2026年３月期　決算短信〔日本基準〕（連結）」の一部
[backfill][DOC CACHE HIT] 7042 2026-08-17 4,066文字 2027年３月期第１四半期決算説明資料
[backfill][DOC CACHE HIT] 8964 2026-08-17 37,819文字 2026年6月期　決算短信（ＲＥＩＴ）
[backfill][DOC CACHE HIT] 7177 2026-08-17 3,192文字 2026年７月の月次業績（速報）に関するお知らせ
[backfill][DOC CACHE HIT] 3168 2026-08-17 1,149文字 特別配当および期末配当予想の修正に関するお知らせ
[backfill][DOC CACHE HIT] 367A 2026-08-17 500文字 連結子会社からの剰余金の配当受領に関するお知らせ
[backfill][DOC CACHE HIT] 4484 2026-08-17 6,345文字 2027年３月期 第１四半期決算説明会レポート（書き起こし）
[backfill][DOC CACHE HIT] 4651 2026-08-17 9,960文字 2027年３月期　第１四半期決算短信〔日本基準〕（連結）
[backfill][DOC CACHE HIT] 4651 2026-08-17 21,202文字 2027年３月期　第１四半期決算説明資料
[backfill][DOC CACHE HIT] 5242 2026-08-17 1,063文字 2026年12月期第２四半期決算説明会 質疑応答（要旨）
[backfill][DOC CACHE HIT] 7069 2026-08-17 675文字 （訂正）「2026年9月期 第3四半期決算説明資料」の一部訂正について
[backfill][DOC CACHE HIT] 8951 2026-08-17 39,641文字 2026年６月期　決算短信（ＲＥＩＴ）
[backfill][DOC CACHE HIT] 8951 2026-08-17 9,069文字 2026年６月期_決算概要
[backfill][DOC CACHE HIT] 8955 2026-08-17 42,496文字 2026年6月期　決算短信（ＲＥＩＴ）
[backfill][DOC CACHE HIT] 8955 2026-08-17 48,751文字 2026年6月期（第49期）決算説明資料
[backfill][DOC CACHE HIT] 9284 2026-08-17 50,474文字 2026年６月期 決算短信（インフラファンド）
[backfill][DOC CACHE HIT] 2461 2026-08-17 3,208文字 2026年12月期7月度 月次業績速報のお知らせ
[backfill][DOC CACHE HIT] 264A 2026-08-17 891文字 （訂正）「2026年９月期第３四半期決算説明資料」の一部訂正について
[backfill][DOC CACHE HIT] 5632 2026-08-17 559文字 連結子会社からの配当金受領に関するお知らせ
[backfill][DOC CACHE HIT] 2927 2026-08-17 733文字 2026年8月期 期末配当予想の増配に関するお知らせ
[backfill][DOC CACHE HIT] 6061 2026-08-17 1,101文字 （訂正・数値データ訂正）「令和８年６月期　決算短信〔日本基準〕(連結)」の一部訂
[backfill][DOC CACHE HIT] 2991 2026-08-17 1,105文字 2026年７月度　月次業績速報
[backfill][DOC CACHE HIT] 4574 2026-08-17 11,096文字 2026年12月期(FY2026)第２四半期(中間期)連結決算報告
[backfill][DOC CACHE HIT] 4018 2026-08-17 510文字 （訂正）「2026年6月期　決算短信〔日本基準〕（非連結）」の一部訂正に関するお
[backfill][DOC CACHE HIT] 8705 2026-08-17 2,394文字 2026年７月の月次業績等（速報）に関するお知らせ
[backfill][DOC CACHE HIT] 8798 2026-08-17 18,713文字 （訂正・数値データ訂正）「2025年9月期 第1四半期決算短信〔日本基準〕（連結
[backfill][DOC CACHE HIT] 9162 2026-08-17 606文字 （訂正）「2026年６月期 通期連結決算説明資料」の一部訂正について
[backfill][DOC CACHE HIT] 3445 2026-08-17 15,223文字 2026年12月期第２四半期 決算説明会 書き起こし公開のお知らせ
[backfill][DOC CACHE HIT] 319A 2026-08-17 4,923文字 Q&A 2026年12月期第2四半期決算説明
[backfill][XBRL TRY] 9284 https://www.release.tdnet.info/inbs/081220260817521739.zip
[backfill][XBRL TRY] 9284 https://www.release.tdnet.info/inbs/091220260817521739.zip
[backfill][XBRL TRY] 9284 https://www2.jpx.co.jp/disc/92840/081220260817521739.zip
[backfill][XBRL TRY] 9284 https://www2.jpx.co.jp/disc/92840/091220260817521739.zip
[backfill][XBRL TRY] 482A https://www.release.tdnet.info/inbs/081220260817521628.zip
[backfill][XBRL TRY] 482A https://www.release.tdnet.info/inbs/091220260817521628.zip
[backfill][XBRL TRY] 482A https://www2.jpx.co.jp/disc/482A0/081220260817521628.zip
[backfill][XBRL TRY] 482A https://www2.jpx.co.jp/disc/482A0/091220260817521628.zip
[backfill][XBRL TRY] 5534 https://www.release.tdnet.info/inbs/081220260817521941.zip
[backfill][XBRL TRY] 5534 https://www.release.tdnet.info/inbs/091220260817521941.zip
[backfill][XBRL TRY] 5534 https://www2.jpx.co.jp/disc/55340/081220260817521941.zip
[backfill][XBRL TRY] 5534 https://www2.jpx.co.jp/disc/55340/091220260817521941.zip
[backfill][XBRL TRY] 482A https://www.release.tdnet.info/inbs/081220260817522088.zip
[backfill][XBRL TRY] 482A https://www.release.tdnet.info/inbs/091220260817522088.zip
[backfill][XBRL TRY] 482A https://www2.jpx.co.jp/disc/482A0/081220260817522088.zip
[backfill][XBRL TRY] 482A https://www2.jpx.co.jp/disc/482A0/091220260817522088.zip
[backfill][XBRL TRY] 2083 https://www.release.tdnet.info/inbs/081220260818522160.zip
[backfill][XBRL TRY] 2083 https://www.release.tdnet.info/inbs/091220260818522160.zip
[backfill][XBRL TRY] 2083 https://www2.jpx.co.jp/disc/20830/081220260818522160.zip
[backfill][XBRL TRY] 2083 https://www2.jpx.co.jp/disc/20830/091220260818522160.zip
[backfill][XBRL TRY] 2084 https://www.release.tdnet.info/inbs/081220260818522182.zip
[backfill][XBRL TRY] 2084 https://www.release.tdnet.info/inbs/091220260818522182.zip
[backfill][XBRL TRY] 2084 https://www2.jpx.co.jp/disc/20840/081220260818522182.zip
[backfill][XBRL TRY] 2084 https://www2.jpx.co.jp/disc/20840/091220260818522182.zip
[forecast_history] 対象=16 initial=8 revision=2 achievement=0 unresolved=6
[OK] 決算:43件, 増資:16件, TOB:4件, 本文:73件, 予想初期:8件, 予想修正:2件, 達成履歴更新:0件 をDBに保存しました。
=== fetch_all: 完全成功 ===
===== 2026-08-18T16:21:11 END status=success rc=0 =====


===== 2026-08-18T16:40:01 START C:\Users\sasit\AppData\Local\Programs\Python\Python310\pythonw.exe D:\kabu\main\1-スクリーニング自動化プログラム\main\fetch_all.py =====
=== fetch_all: TDnetデータ収集開始 ===
[backfill][SOURCE 1/3] 2026-08-18 2026年12月期 第２四半期決算説明書き起こし
[backfill][TRY 1/3] 2026-08-18 2026年12月期 第２四半期決算説明書き起こし https://webapi.yanoshin.jp/rd.php?https://www.release.tdnet.info/inbs/140120260818522309.pdf
[backfill][URL OK] 2026-08-18 2026年12月期 第２四半期決算説明書き起こし pdf 19,730文字
[backfill][DOC OK] 4415 2026-08-18 pdf 19,730文字 2026年12月期 第２四半期決算説明書き起こし
[backfill][SOURCE 1/3] 2026-08-18 （訂正）「2026年12月期第１四半期決算短信〔IFRS〕（連結）」の一部訂正につい
[backfill][TRY 1/3] 2026-08-18 （訂正）「2026年12月期第１四半期決算短信〔IFRS〕（連結）」の一部訂正につい https://webapi.yanoshin.jp/rd.php?https://www.release.tdnet.info/inbs/140120260818522469.pdf
[backfill][URL OK] 2026-08-18 （訂正）「2026年12月期第１四半期決算短信〔IFRS〕（連結）」の一部訂正につい pdf 485文字
[backfill][DOC OK] 471A 2026-08-18 pdf 485文字 （訂正）「2026年12月期第１四半期決算短信〔IFRS〕（連結）」の一部訂正に
[backfill][SOURCE 1/3] 2026-08-18 （訂正）「2026年12月期第２四半期（中間期）決算短信〔IFRS〕（連結）」の一部
[backfill][TRY 1/3] 2026-08-18 （訂正）「2026年12月期第２四半期（中間期）決算短信〔IFRS〕（連結）」の一部 https://webapi.yanoshin.jp/rd.php?https://www.release.tdnet.info/inbs/140120260818522470.pdf
[backfill][URL OK] 2026-08-18 （訂正）「2026年12月期第２四半期（中間期）決算短信〔IFRS〕（連結）」の一部 pdf 500文字
[backfill][DOC OK] 471A 2026-08-18 pdf 500文字 （訂正）「2026年12月期第２四半期（中間期）決算短信〔IFRS〕（連結）」の
[backfill][DOC CACHE HIT] 7707 2026-08-18 1,064文字 (訂正)「2026年６月期 決算短信〔日本基準〕（連結）」の一部訂正に関するお知
[backfill][DOC CACHE HIT] 7814 2026-08-18 17,220文字 2026年12月期　第２四半期（中間期）決算説明会資料
[backfill][DOC CACHE HIT] 3174 2026-08-18 1,914文字 2026年８月期通期連結・個別業績予想の修正に関するお知らせ
[backfill][DOC CACHE HIT] 6327 2026-08-18 11,715文字 2026年６月期 決算短信〔日本基準〕（連結）
[backfill][DOC CACHE HIT] 6327 2026-08-18 1,023文字 剰余金の配当に関するお知らせ
[backfill][DOC CACHE HIT] 1999 2026-08-18 21,424文字 2026年6月期　決算短信〔日本基準〕（連結）
[backfill][DOC CACHE HIT] 1999 2026-08-18 765文字 通期連結業績予想値と実績値との差異に関するお知らせ
[backfill][DOC CACHE HIT] 2160 2026-08-18 36,315文字 2026年12月期 第2四半期決算説明資料
[backfill][DOC CACHE HIT] 2735 2026-08-18 1,833文字 業績予想及び配当予想の修正に関するお知らせ
[backfill][DOC CACHE HIT] 3487 2026-08-18 46,065文字 2026年６月期 決算短信（REIT）
[backfill][DOC CACHE HIT] 3487 2026-08-18 54,901文字 2026年６月期 決算説明会資料
[backfill][DOC CACHE HIT] 4264 2026-08-18 7,102文字 業績目標コミットメント型ストック・オプション（有償ストック・オプション）の発行に
[backfill][DOC CACHE HIT] 4776 2026-08-18 501文字 （訂正）「2026年12月期 第２四半期決算補足資料」の一部訂正について
[backfill][DOC CACHE HIT] 598A 2026-08-18 35,052文字 「2026年6月期決算説明資料」に関する動画書き起こし
[backfill][DOC CACHE HIT] 6046 2026-08-18 1,294文字 2026年９月 期第３四半期 決算に関する質疑応答集
[backfill][DOC CACHE HIT] 6094 2026-08-18 2,329文字 2026年9月期 第3第四半期決算 質疑応答集
[backfill][DOC CACHE HIT] 7383 2026-08-18 2,633文字 [Q&A書き起こし]2027年３月期 第１四半期決算説明会
[backfill][DOC CACHE HIT] 7532 2026-08-18 39,379文字 2026年6月期決算短信〔日本基準〕（連結）
[backfill][DOC CACHE HIT] 7532 2026-08-18 1,771文字 2026年６月期剰余金の配当（増配）及び2027年６月期配当予想に関するお知らせ
[backfill][DOC CACHE HIT] 8798 2026-08-18 1,374文字 （訂正）「過年度の有価証券報告書等の訂正報告書の提出及び過年度の決算短信等の訂正
[backfill][DOC CACHE HIT] 8798 2026-08-18 742文字 （訂正）「2026年9月期第2四半期（2025年10月～2026年3月） 業績説
[backfill][DOC CACHE HIT] 9610 2026-08-18 11,407文字 2027年３月期第１四半期決算補足説明資料（動画）
[backfill][DOC CACHE HIT] 9887 2026-08-18 601文字 （訂正）「令和9年3月期第1四半期決算短信〔日本基準〕（連結）」の一部訂正に関す
[backfill][DOC CACHE HIT] 4826 2026-08-18 1,043文字 剰余金の配当に関するお知らせ
[backfill][DOC CACHE HIT] 6340 2026-08-18 25,533文字 2026年6月期　決算説明資料
[backfill][DOC CACHE HIT] 2083 2026-08-18 16,082文字 NEXT FUNDS 日本成長株アクティブ上場投信 決算短信
[backfill][DOC CACHE HIT] 2084 2026-08-18 19,835文字 NEXT FUNDS 日本高配当株アクティブ上場投信 決算短信
[backfill][DOC CACHE HIT] 6850 2026-08-18 8,579文字 2027年3月期 第1四半期 決算補足説明資料
[backfill][DOC CACHE HIT] 8084 2026-08-18 5,303文字 2027年３月期第1四半期　決算補足資料
[backfill][DOC CACHE HIT] 2681 2026-08-18 32,813文字 (訂正）「2027年３月期  第１四半期決算説明資料」の一部訂正について
[backfill][DOC CACHE HIT] 9941 2026-08-18 4,037文字 2026年９月期 ７月度　月次業績（売上高）速報
[backfill][DOC CACHE HIT] 4320 2026-08-18 3,984文字 （訂正）「2026年９月期第３四半期決算短信〔日本基準〕（連結）」の一部訂正につ
[backfill][DOC CACHE HIT] 8304 2026-08-18 1,262文字 2027年3月期 第1四半期 自己資本比率について
[backfill][DOC CACHE HIT] 8951 2026-08-18 31,497文字 2026年６月期（第50期）決算説明会資料
[backfill][DOC CACHE HIT] 3660 2026-08-18 5,402文字 2026年６月期通期 決算説明会における質疑応答
[backfill][DOC CACHE HIT] 482A 2026-08-17 1,051文字 「2026年8月期業績予想の修正に関するお知らせ」の再掲載について
[backfill][DOC CACHE HIT] 4019 2026-08-17 26,197文字 2026年12月期 第2四半期決算説明会書き起こし
[backfill][SOURCE 1/3] 2026-08-17 2026年8月期業績予想の修正に関するお知らせ
[backfill][TRY 1/3] 2026-08-17 2026年8月期業績予想の修正に関するお知らせ https://webapi.yanoshin.jp/rd.php?https://www.release.tdnet.info/inbs/140120260817521628.pdf
[backfill][UNUSABLE] 2026-08-17 2026年8月期業績予想の修正に関するお知らせ ctype=application/pdf bytes=100,551
[backfill][TRY 2/3] 2026-08-17 2026年8月期業績予想の修正に関するお知らせ http://webapi.yanoshin.jp/rd.php?https://www.release.tdnet.info/inbs/140120260817521628.pdf
[backfill][UNUSABLE] 2026-08-17 2026年8月期業績予想の修正に関するお知らせ ctype=application/pdf bytes=100,551
[backfill][TRY 3/3] 2026-08-17 2026年8月期業績予想の修正に関するお知らせ https://www.release.tdnet.info/inbs/140120260817521628.pdf
[backfill][UNUSABLE] 2026-08-17 2026年8月期業績予想の修正に関するお知らせ ctype=application/pdf bytes=100,551
[backfill][JPX FAST 2/3] 2026-08-17 2026年8月期業績予想の修正に関するお知らせ https://www2.jpx.co.jp/disc/482A0/140120260817521628.pdf
[backfill][TRY 1/1] 2026-08-17 2026年8月期業績予想の修正に関するお知らせ https://www2.jpx.co.jp/disc/482A0/140120260817521628.pdf
[backfill][HTTP 404] 2026-08-17 2026年8月期業績予想の修正に関するお知らせ
[backfill][SOURCE 3/3] 2026-08-17 2026年8月期業績予想の修正に関するお知らせ
[backfill][SKIP FAILCACHE] 2026-08-17 2026年8月期業績予想の修正に関するお知らせ https://www.release.tdnet.info/inbs/140120260817521628.pdf
[backfill][TRY 2/2] 2026-08-17 2026年8月期業績予想の修正に関するお知らせ http://www.release.tdnet.info/inbs/140120260817521628.pdf
[backfill][TIMEOUT 5s] 2026-08-17 2026年8月期業績予想の修正に関するお知らせ
[backfill][DOC EMPTY] 482A 2026-08-17 17:00:00 2026年8月期業績予想の修正に関するお知らせ raw=https://webapi.yanoshin.jp/rd.php?https://www.release.tdnet.info/inbs/140120260817521
[backfill][DOC CACHE HIT] 5534 2026-08-17 1,123文字 通期連結業績予想の修正に関するお知らせ
[backfill][DOC CACHE HIT] 6036 2026-08-17 28,949文字 （訂正）「2026年6月期第2四半期 決算説明会資料」の一部訂正について
[backfill][DOC CACHE HIT] 7044 2026-08-17 696文字 （訂正）「2026年12月期第２四半期（中間期）決算補足資料」の一部訂正について
[backfill][DOC CACHE HIT] 9439 2026-08-17 1,576文字 通期連結業績予想値と実績値との差異に関するお知らせ
[backfill][DOC CACHE HIT] 9439 2026-08-17 25,306文字 2026年6月期　決算短信〔日本基準〕（連結）
[backfill][DOC CACHE HIT] 9439 2026-08-17 1,166文字 剰余金の配当（無配）に関するお知らせ
[backfill][DOC CACHE HIT] 5251 2026-08-17 2,468文字 （再登録）「中間決算説明資料の開示に関するお知らせ」の再登録について
[backfill][DOC CACHE HIT] 6195 2026-08-17 31,592文字 （訂正・数値データ訂正）「2026年３月期　決算短信〔日本基準〕（連結）」の一部
[backfill][DOC CACHE HIT] 7042 2026-08-17 4,066文字 2027年３月期第１四半期決算説明資料
[backfill][DOC CACHE HIT] 8964 2026-08-17 37,819文字 2026年6月期　決算短信（ＲＥＩＴ）
[backfill][DOC CACHE HIT] 7177 2026-08-17 3,192文字 2026年７月の月次業績（速報）に関するお知らせ
[backfill][DOC CACHE HIT] 3168 2026-08-17 1,149文字 特別配当および期末配当予想の修正に関するお知らせ
[backfill][DOC CACHE HIT] 367A 2026-08-17 500文字 連結子会社からの剰余金の配当受領に関するお知らせ
[backfill][DOC CACHE HIT] 4484 2026-08-17 6,345文字 2027年３月期 第１四半期決算説明会レポート（書き起こし）
[backfill][DOC CACHE HIT] 4651 2026-08-17 9,960文字 2027年３月期　第１四半期決算短信〔日本基準〕（連結）
[backfill][DOC CACHE HIT] 4651 2026-08-17 21,202文字 2027年３月期　第１四半期決算説明資料
[backfill][DOC CACHE HIT] 5242 2026-08-17 1,063文字 2026年12月期第２四半期決算説明会 質疑応答（要旨）
[backfill][DOC CACHE HIT] 7069 2026-08-17 675文字 （訂正）「2026年9月期 第3四半期決算説明資料」の一部訂正について
[backfill][DOC CACHE HIT] 8951 2026-08-17 39,641文字 2026年６月期　決算短信（ＲＥＩＴ）
[backfill][DOC CACHE HIT] 8951 2026-08-17 9,069文字 2026年６月期_決算概要
[backfill][DOC CACHE HIT] 8955 2026-08-17 42,496文字 2026年6月期　決算短信（ＲＥＩＴ）
[backfill][DOC CACHE HIT] 8955 2026-08-17 48,751文字 2026年6月期（第49期）決算説明資料
[backfill][DOC CACHE HIT] 9284 2026-08-17 50,474文字 2026年６月期 決算短信（インフラファンド）
[backfill][DOC CACHE HIT] 2461 2026-08-17 3,208文字 2026年12月期7月度 月次業績速報のお知らせ
[backfill][DOC CACHE HIT] 264A 2026-08-17 891文字 （訂正）「2026年９月期第３四半期決算説明資料」の一部訂正について
[backfill][DOC CACHE HIT] 5632 2026-08-17 559文字 連結子会社からの配当金受領に関するお知らせ
[backfill][DOC CACHE HIT] 2927 2026-08-17 733文字 2026年8月期 期末配当予想の増配に関するお知らせ
[backfill][DOC CACHE HIT] 6061 2026-08-17 1,101文字 （訂正・数値データ訂正）「令和８年６月期　決算短信〔日本基準〕(連結)」の一部訂
[backfill][DOC CACHE HIT] 2991 2026-08-17 1,105文字 2026年７月度　月次業績速報
[backfill][DOC CACHE HIT] 4574 2026-08-17 11,096文字 2026年12月期(FY2026)第２四半期(中間期)連結決算報告
[backfill][DOC CACHE HIT] 4018 2026-08-17 510文字 （訂正）「2026年6月期　決算短信〔日本基準〕（非連結）」の一部訂正に関するお
[backfill][DOC CACHE HIT] 8705 2026-08-17 2,394文字 2026年７月の月次業績等（速報）に関するお知らせ
[backfill][DOC CACHE HIT] 8798 2026-08-17 18,713文字 （訂正・数値データ訂正）「2025年9月期 第1四半期決算短信〔日本基準〕（連結
[backfill][DOC CACHE HIT] 9162 2026-08-17 606文字 （訂正）「2026年６月期 通期連結決算説明資料」の一部訂正について
[backfill][DOC CACHE HIT] 3445 2026-08-17 15,223文字 2026年12月期第２四半期 決算説明会 書き起こし公開のお知らせ
[backfill][DOC CACHE HIT] 319A 2026-08-17 4,923文字 Q&A 2026年12月期第2四半期決算説明
[backfill][XBRL TRY] 9284 https://www.release.tdnet.info/inbs/081220260817521739.zip
[backfill][XBRL TRY] 9284 https://www.release.tdnet.info/inbs/091220260817521739.zip
[backfill][XBRL TRY] 9284 https://www2.jpx.co.jp/disc/92840/081220260817521739.zip
[backfill][XBRL TRY] 9284 https://www2.jpx.co.jp/disc/92840/091220260817521739.zip
[backfill][XBRL TRY] 482A https://www.release.tdnet.info/inbs/081220260817521628.zip
[backfill][XBRL TRY] 482A https://www.release.tdnet.info/inbs/091220260817521628.zip
[backfill][XBRL TRY] 482A https://www2.jpx.co.jp/disc/482A0/081220260817521628.zip
[backfill][XBRL TRY] 482A https://www2.jpx.co.jp/disc/482A0/091220260817521628.zip
[backfill][XBRL TRY] 5534 https://www.release.tdnet.info/inbs/081220260817521941.zip
[backfill][XBRL TRY] 5534 https://www.release.tdnet.info/inbs/091220260817521941.zip
[backfill][XBRL TRY] 5534 https://www2.jpx.co.jp/disc/55340/081220260817521941.zip
[backfill][XBRL TRY] 5534 https://www2.jpx.co.jp/disc/55340/091220260817521941.zip
[backfill][XBRL TRY] 482A https://www.release.tdnet.info/inbs/081220260817522088.zip
[backfill][XBRL TRY] 482A https://www.release.tdnet.info/inbs/091220260817522088.zip
[backfill][XBRL TRY] 482A https://www2.jpx.co.jp/disc/482A0/081220260817522088.zip
[backfill][XBRL TRY] 482A https://www2.jpx.co.jp/disc/482A0/091220260817522088.zip
[backfill][XBRL TRY] 2083 https://www.release.tdnet.info/inbs/081220260818522160.zip
[backfill][XBRL TRY] 2083 https://www.release.tdnet.info/inbs/091220260818522160.zip
[backfill][XBRL TRY] 2083 https://www2.jpx.co.jp/disc/20830/081220260818522160.zip
[backfill][XBRL TRY] 2083 https://www2.jpx.co.jp/disc/20830/091220260818522160.zip
[backfill][XBRL TRY] 2084 https://www.release.tdnet.info/inbs/081220260818522182.zip
[backfill][XBRL TRY] 2084 https://www.release.tdnet.info/inbs/091220260818522182.zip
[backfill][XBRL TRY] 2084 https://www2.jpx.co.jp/disc/20840/081220260818522182.zip
[backfill][XBRL TRY] 2084 https://www2.jpx.co.jp/disc/20840/091220260818522182.zip
[forecast_history] 対象=16 initial=8 revision=2 achievement=0 unresolved=6
[OK] 決算:46件, 増資:16件, TOB:4件, 本文:76件, 予想初期:8件, 予想修正:2件, 達成履歴更新:0件 をDBに保存しました。
=== fetch_all: 完全成功 ===
===== 2026-08-18T16:41:15 END status=success rc=0 =====


===== 2026-08-18T17:00:00 START C:\Users\sasit\AppData\Local\Programs\Python\Python310\pythonw.exe D:\kabu\main\1-スクリーニング自動化プログラム\main\fetch_all.py =====
=== fetch_all: TDnetデータ収集開始 ===
[backfill][DOC CACHE HIT] 4415 2026-08-18 19,730文字 2026年12月期 第２四半期決算説明書き起こし
[backfill][DOC CACHE HIT] 471A 2026-08-18 485文字 （訂正）「2026年12月期第１四半期決算短信〔IFRS〕（連結）」の一部訂正に
[backfill][DOC CACHE HIT] 471A 2026-08-18 500文字 （訂正）「2026年12月期第２四半期（中間期）決算短信〔IFRS〕（連結）」の
[backfill][DOC CACHE HIT] 7707 2026-08-18 1,064文字 (訂正)「2026年６月期 決算短信〔日本基準〕（連結）」の一部訂正に関するお知
[backfill][DOC CACHE HIT] 7814 2026-08-18 17,220文字 2026年12月期　第２四半期（中間期）決算説明会資料
[backfill][DOC CACHE HIT] 3174 2026-08-18 1,914文字 2026年８月期通期連結・個別業績予想の修正に関するお知らせ
[backfill][DOC CACHE HIT] 6327 2026-08-18 11,715文字 2026年６月期 決算短信〔日本基準〕（連結）
[backfill][DOC CACHE HIT] 6327 2026-08-18 1,023文字 剰余金の配当に関するお知らせ
[backfill][DOC CACHE HIT] 1999 2026-08-18 21,424文字 2026年6月期　決算短信〔日本基準〕（連結）
[backfill][DOC CACHE HIT] 1999 2026-08-18 765文字 通期連結業績予想値と実績値との差異に関するお知らせ
[backfill][DOC CACHE HIT] 2160 2026-08-18 36,315文字 2026年12月期 第2四半期決算説明資料
[backfill][DOC CACHE HIT] 2735 2026-08-18 1,833文字 業績予想及び配当予想の修正に関するお知らせ
[backfill][DOC CACHE HIT] 3487 2026-08-18 46,065文字 2026年６月期 決算短信（REIT）
[backfill][DOC CACHE HIT] 3487 2026-08-18 54,901文字 2026年６月期 決算説明会資料
[backfill][DOC CACHE HIT] 4264 2026-08-18 7,102文字 業績目標コミットメント型ストック・オプション（有償ストック・オプション）の発行に
[backfill][DOC CACHE HIT] 4776 2026-08-18 501文字 （訂正）「2026年12月期 第２四半期決算補足資料」の一部訂正について
[backfill][DOC CACHE HIT] 598A 2026-08-18 35,052文字 「2026年6月期決算説明資料」に関する動画書き起こし
[backfill][DOC CACHE HIT] 6046 2026-08-18 1,294文字 2026年９月 期第３四半期 決算に関する質疑応答集
[backfill][DOC CACHE HIT] 6094 2026-08-18 2,329文字 2026年9月期 第3第四半期決算 質疑応答集
[backfill][DOC CACHE HIT] 7383 2026-08-18 2,633文字 [Q&A書き起こし]2027年３月期 第１四半期決算説明会
[backfill][DOC CACHE HIT] 7532 2026-08-18 39,379文字 2026年6月期決算短信〔日本基準〕（連結）
[backfill][DOC CACHE HIT] 7532 2026-08-18 1,771文字 2026年６月期剰余金の配当（増配）及び2027年６月期配当予想に関するお知らせ
[backfill][DOC CACHE HIT] 8798 2026-08-18 1,374文字 （訂正）「過年度の有価証券報告書等の訂正報告書の提出及び過年度の決算短信等の訂正
[backfill][DOC CACHE HIT] 8798 2026-08-18 742文字 （訂正）「2026年9月期第2四半期（2025年10月～2026年3月） 業績説
[backfill][DOC CACHE HIT] 9610 2026-08-18 11,407文字 2027年３月期第１四半期決算補足説明資料（動画）
[backfill][DOC CACHE HIT] 9887 2026-08-18 601文字 （訂正）「令和9年3月期第1四半期決算短信〔日本基準〕（連結）」の一部訂正に関す
[backfill][DOC CACHE HIT] 4826 2026-08-18 1,043文字 剰余金の配当に関するお知らせ
[backfill][DOC CACHE HIT] 6340 2026-08-18 25,533文字 2026年6月期　決算説明資料
[backfill][DOC CACHE HIT] 2083 2026-08-18 16,082文字 NEXT FUNDS 日本成長株アクティブ上場投信 決算短信
[backfill][DOC CACHE HIT] 2084 2026-08-18 19,835文字 NEXT FUNDS 日本高配当株アクティブ上場投信 決算短信
[backfill][DOC CACHE HIT] 6850 2026-08-18 8,579文字 2027年3月期 第1四半期 決算補足説明資料
[backfill][DOC CACHE HIT] 8084 2026-08-18 5,303文字 2027年３月期第1四半期　決算補足資料
[backfill][DOC CACHE HIT] 2681 2026-08-18 32,813文字 (訂正）「2027年３月期  第１四半期決算説明資料」の一部訂正について
[backfill][DOC CACHE HIT] 9941 2026-08-18 4,037文字 2026年９月期 ７月度　月次業績（売上高）速報
[backfill][DOC CACHE HIT] 4320 2026-08-18 3,984文字 （訂正）「2026年９月期第３四半期決算短信〔日本基準〕（連結）」の一部訂正につ
[backfill][DOC CACHE HIT] 8304 2026-08-18 1,262文字 2027年3月期 第1四半期 自己資本比率について
[backfill][DOC CACHE HIT] 8951 2026-08-18 31,497文字 2026年６月期（第50期）決算説明会資料
[backfill][DOC CACHE HIT] 3660 2026-08-18 5,402文字 2026年６月期通期 決算説明会における質疑応答
[backfill][DOC CACHE HIT] 482A 2026-08-17 1,051文字 「2026年8月期業績予想の修正に関するお知らせ」の再掲載について
[backfill][DOC CACHE HIT] 4019 2026-08-17 26,197文字 2026年12月期 第2四半期決算説明会書き起こし
[backfill][SOURCE 1/3] 2026-08-17 2026年8月期業績予想の修正に関するお知らせ
[backfill][TRY 1/3] 2026-08-17 2026年8月期業績予想の修正に関するお知らせ https://webapi.yanoshin.jp/rd.php?https://www.release.tdnet.info/inbs/140120260817521628.pdf
[backfill][UNUSABLE] 2026-08-17 2026年8月期業績予想の修正に関するお知らせ ctype=application/pdf bytes=100,551
[backfill][TRY 2/3] 2026-08-17 2026年8月期業績予想の修正に関するお知らせ http://webapi.yanoshin.jp/rd.php?https://www.release.tdnet.info/inbs/140120260817521628.pdf
[backfill][UNUSABLE] 2026-08-17 2026年8月期業績予想の修正に関するお知らせ ctype=application/pdf bytes=100,551
[backfill][TRY 3/3] 2026-08-17 2026年8月期業績予想の修正に関するお知らせ https://www.release.tdnet.info/inbs/140120260817521628.pdf
[backfill][UNUSABLE] 2026-08-17 2026年8月期業績予想の修正に関するお知らせ ctype=application/pdf bytes=100,551
[backfill][JPX FAST 2/3] 2026-08-17 2026年8月期業績予想の修正に関するお知らせ https://www2.jpx.co.jp/disc/482A0/140120260817521628.pdf
[backfill][TRY 1/1] 2026-08-17 2026年8月期業績予想の修正に関するお知らせ https://www2.jpx.co.jp/disc/482A0/140120260817521628.pdf
[backfill][HTTP 404] 2026-08-17 2026年8月期業績予想の修正に関するお知らせ
[backfill][SOURCE 3/3] 2026-08-17 2026年8月期業績予想の修正に関するお知らせ
[backfill][SKIP FAILCACHE] 2026-08-17 2026年8月期業績予想の修正に関するお知らせ https://www.release.tdnet.info/inbs/140120260817521628.pdf
[backfill][TRY 2/2] 2026-08-17 2026年8月期業績予想の修正に関するお知らせ http://www.release.tdnet.info/inbs/140120260817521628.pdf
[backfill][TIMEOUT 5s] 2026-08-17 2026年8月期業績予想の修正に関するお知らせ
[backfill][DOC EMPTY] 482A 2026-08-17 17:00:00 2026年8月期業績予想の修正に関するお知らせ raw=https://webapi.yanoshin.jp/rd.php?https://www.release.tdnet.info/inbs/140120260817521
[backfill][DOC CACHE HIT] 5534 2026-08-17 1,123文字 通期連結業績予想の修正に関するお知らせ
[backfill][DOC CACHE HIT] 6036 2026-08-17 28,949文字 （訂正）「2026年6月期第2四半期 決算説明会資料」の一部訂正について
[backfill][DOC CACHE HIT] 7044 2026-08-17 696文字 （訂正）「2026年12月期第２四半期（中間期）決算補足資料」の一部訂正について
[backfill][DOC CACHE HIT] 9439 2026-08-17 1,576文字 通期連結業績予想値と実績値との差異に関するお知らせ
[backfill][DOC CACHE HIT] 9439 2026-08-17 25,306文字 2026年6月期　決算短信〔日本基準〕（連結）
[backfill][DOC CACHE HIT] 9439 2026-08-17 1,166文字 剰余金の配当（無配）に関するお知らせ
[backfill][DOC CACHE HIT] 5251 2026-08-17 2,468文字 （再登録）「中間決算説明資料の開示に関するお知らせ」の再登録について
[backfill][DOC CACHE HIT] 6195 2026-08-17 31,592文字 （訂正・数値データ訂正）「2026年３月期　決算短信〔日本基準〕（連結）」の一部
[backfill][DOC CACHE HIT] 7042 2026-08-17 4,066文字 2027年３月期第１四半期決算説明資料
[backfill][DOC CACHE HIT] 8964 2026-08-17 37,819文字 2026年6月期　決算短信（ＲＥＩＴ）
[backfill][DOC CACHE HIT] 7177 2026-08-17 3,192文字 2026年７月の月次業績（速報）に関するお知らせ
[backfill][DOC CACHE HIT] 3168 2026-08-17 1,149文字 特別配当および期末配当予想の修正に関するお知らせ
[backfill][DOC CACHE HIT] 367A 2026-08-17 500文字 連結子会社からの剰余金の配当受領に関するお知らせ
[backfill][DOC CACHE HIT] 4484 2026-08-17 6,345文字 2027年３月期 第１四半期決算説明会レポート（書き起こし）
[backfill][DOC CACHE HIT] 4651 2026-08-17 9,960文字 2027年３月期　第１四半期決算短信〔日本基準〕（連結）
[backfill][DOC CACHE HIT] 4651 2026-08-17 21,202文字 2027年３月期　第１四半期決算説明資料
[backfill][DOC CACHE HIT] 5242 2026-08-17 1,063文字 2026年12月期第２四半期決算説明会 質疑応答（要旨）
[backfill][DOC CACHE HIT] 7069 2026-08-17 675文字 （訂正）「2026年9月期 第3四半期決算説明資料」の一部訂正について
[backfill][DOC CACHE HIT] 8951 2026-08-17 39,641文字 2026年６月期　決算短信（ＲＥＩＴ）
[backfill][DOC CACHE HIT] 8951 2026-08-17 9,069文字 2026年６月期_決算概要
[backfill][DOC CACHE HIT] 8955 2026-08-17 42,496文字 2026年6月期　決算短信（ＲＥＩＴ）
[backfill][DOC CACHE HIT] 8955 2026-08-17 48,751文字 2026年6月期（第49期）決算説明資料
[backfill][DOC CACHE HIT] 9284 2026-08-17 50,474文字 2026年６月期 決算短信（インフラファンド）
[backfill][DOC CACHE HIT] 2461 2026-08-17 3,208文字 2026年12月期7月度 月次業績速報のお知らせ
[backfill][DOC CACHE HIT] 264A 2026-08-17 891文字 （訂正）「2026年９月期第３四半期決算説明資料」の一部訂正について
[backfill][DOC CACHE HIT] 5632 2026-08-17 559文字 連結子会社からの配当金受領に関するお知らせ
[backfill][DOC CACHE HIT] 2927 2026-08-17 733文字 2026年8月期 期末配当予想の増配に関するお知らせ
[backfill][DOC CACHE HIT] 6061 2026-08-17 1,101文字 （訂正・数値データ訂正）「令和８年６月期　決算短信〔日本基準〕(連結)」の一部訂
[backfill][DOC CACHE HIT] 2991 2026-08-17 1,105文字 2026年７月度　月次業績速報
[backfill][DOC CACHE HIT] 4574 2026-08-17 11,096文字 2026年12月期(FY2026)第２四半期(中間期)連結決算報告
[backfill][DOC CACHE HIT] 4018 2026-08-17 510文字 （訂正）「2026年6月期　決算短信〔日本基準〕（非連結）」の一部訂正に関するお
[backfill][DOC CACHE HIT] 8705 2026-08-17 2,394文字 2026年７月の月次業績等（速報）に関するお知らせ
[backfill][DOC CACHE HIT] 8798 2026-08-17 18,713文字 （訂正・数値データ訂正）「2025年9月期 第1四半期決算短信〔日本基準〕（連結
[backfill][DOC CACHE HIT] 9162 2026-08-17 606文字 （訂正）「2026年６月期 通期連結決算説明資料」の一部訂正について
[backfill][DOC CACHE HIT] 3445 2026-08-17 15,223文字 2026年12月期第２四半期 決算説明会 書き起こし公開のお知らせ
[backfill][DOC CACHE HIT] 319A 2026-08-17 4,923文字 Q&A 2026年12月期第2四半期決算説明
[backfill][XBRL TRY] 9284 https://www.release.tdnet.info/inbs/081220260817521739.zip
[backfill][XBRL TRY] 9284 https://www.release.tdnet.info/inbs/091220260817521739.zip
[backfill][XBRL TRY] 9284 https://www2.jpx.co.jp/disc/92840/081220260817521739.zip
[backfill][XBRL TRY] 9284 https://www2.jpx.co.jp/disc/92840/091220260817521739.zip
[backfill][XBRL TRY] 482A https://www.release.tdnet.info/inbs/081220260817521628.zip
[backfill][XBRL TRY] 482A https://www.release.tdnet.info/inbs/091220260817521628.zip
[backfill][XBRL TRY] 482A https://www2.jpx.co.jp/disc/482A0/081220260817521628.zip
[backfill][XBRL TRY] 482A https://www2.jpx.co.jp/disc/482A0/091220260817521628.zip
[backfill][XBRL TRY] 5534 https://www.release.tdnet.info/inbs/081220260817521941.zip
[backfill][XBRL TRY] 5534 https://www.release.tdnet.info/inbs/091220260817521941.zip
[backfill][XBRL TRY] 5534 https://www2.jpx.co.jp/disc/55340/081220260817521941.zip
[backfill][XBRL TRY] 5534 https://www2.jpx.co.jp/disc/55340/091220260817521941.zip
[backfill][XBRL TRY] 482A https://www.release.tdnet.info/inbs/081220260817522088.zip
[backfill][XBRL TRY] 482A https://www.release.tdnet.info/inbs/091220260817522088.zip
[backfill][XBRL TRY] 482A https://www2.jpx.co.jp/disc/482A0/081220260817522088.zip
[backfill][XBRL TRY] 482A https://www2.jpx.co.jp/disc/482A0/091220260817522088.zip
[backfill][XBRL TRY] 2083 https://www.release.tdnet.info/inbs/081220260818522160.zip
[backfill][XBRL TRY] 2083 https://www.release.tdnet.info/inbs/091220260818522160.zip
[backfill][XBRL TRY] 2083 https://www2.jpx.co.jp/disc/20830/081220260818522160.zip
[backfill][XBRL TRY] 2083 https://www2.jpx.co.jp/disc/20830/091220260818522160.zip
[backfill][XBRL TRY] 2084 https://www.release.tdnet.info/inbs/081220260818522182.zip
[backfill][XBRL TRY] 2084 https://www.release.tdnet.info/inbs/091220260818522182.zip
[backfill][XBRL TRY] 2084 https://www2.jpx.co.jp/disc/20840/081220260818522182.zip
[backfill][XBRL TRY] 2084 https://www2.jpx.co.jp/disc/20840/091220260818522182.zip
[forecast_history] 対象=16 initial=8 revision=2 achievement=0 unresolved=6
[OK] 決算:46件, 増資:16件, TOB:4件, 本文:76件, 予想初期:8件, 予想修正:2件, 達成履歴更新:0件 をDBに保存しました。
=== fetch_all: 完全成功 ===
===== 2026-08-18T17:01:31 END status=success rc=0 =====


===== 2026-08-18T17:10:00 START C:\Users\sasit\AppData\Local\Programs\Python\Python310\pythonw.exe D:\kabu\main\1-スクリーニング自動化プログラム\main\fetch_all.py =====
=== fetch_all: TDnetデータ収集開始 ===
[backfill][SOURCE 1/3] 2026-08-18 連結子会社からの配当金受領に関するお知らせ
[backfill][TRY 1/3] 2026-08-18 連結子会社からの配当金受領に関するお知らせ https://webapi.yanoshin.jp/rd.php?https://www.release.tdnet.info/inbs/140120260817521975.pdf
[backfill][URL OK] 2026-08-18 連結子会社からの配当金受領に関するお知らせ pdf 598文字
[backfill][DOC OK] 2796 2026-08-18 pdf 598文字 連結子会社からの配当金受領に関するお知らせ
[backfill][DOC CACHE HIT] 4415 2026-08-18 19,730文字 2026年12月期 第２四半期決算説明書き起こし
[backfill][DOC CACHE HIT] 471A 2026-08-18 485文字 （訂正）「2026年12月期第１四半期決算短信〔IFRS〕（連結）」の一部訂正に
[backfill][DOC CACHE HIT] 471A 2026-08-18 500文字 （訂正）「2026年12月期第２四半期（中間期）決算短信〔IFRS〕（連結）」の
[backfill][DOC CACHE HIT] 7707 2026-08-18 1,064文字 (訂正)「2026年６月期 決算短信〔日本基準〕（連結）」の一部訂正に関するお知
[backfill][DOC CACHE HIT] 7814 2026-08-18 17,220文字 2026年12月期　第２四半期（中間期）決算説明会資料
[backfill][DOC CACHE HIT] 3174 2026-08-18 1,914文字 2026年８月期通期連結・個別業績予想の修正に関するお知らせ
[backfill][DOC CACHE HIT] 6327 2026-08-18 11,715文字 2026年６月期 決算短信〔日本基準〕（連結）
[backfill][DOC CACHE HIT] 6327 2026-08-18 1,023文字 剰余金の配当に関するお知らせ
[backfill][DOC CACHE HIT] 1999 2026-08-18 21,424文字 2026年6月期　決算短信〔日本基準〕（連結）
[backfill][DOC CACHE HIT] 1999 2026-08-18 765文字 通期連結業績予想値と実績値との差異に関するお知らせ
[backfill][DOC CACHE HIT] 2160 2026-08-18 36,315文字 2026年12月期 第2四半期決算説明資料
[backfill][DOC CACHE HIT] 2735 2026-08-18 1,833文字 業績予想及び配当予想の修正に関するお知らせ
[backfill][DOC CACHE HIT] 3487 2026-08-18 46,065文字 2026年６月期 決算短信（REIT）
[backfill][DOC CACHE HIT] 3487 2026-08-18 54,901文字 2026年６月期 決算説明会資料
[backfill][DOC CACHE HIT] 4264 2026-08-18 7,102文字 業績目標コミットメント型ストック・オプション（有償ストック・オプション）の発行に
[backfill][DOC CACHE HIT] 4776 2026-08-18 501文字 （訂正）「2026年12月期 第２四半期決算補足資料」の一部訂正について
[backfill][DOC CACHE HIT] 598A 2026-08-18 35,052文字 「2026年6月期決算説明資料」に関する動画書き起こし
[backfill][DOC CACHE HIT] 6046 2026-08-18 1,294文字 2026年９月 期第３四半期 決算に関する質疑応答集
[backfill][DOC CACHE HIT] 6094 2026-08-18 2,329文字 2026年9月期 第3第四半期決算 質疑応答集
[backfill][DOC CACHE HIT] 7383 2026-08-18 2,633文字 [Q&A書き起こし]2027年３月期 第１四半期決算説明会
[backfill][DOC CACHE HIT] 7532 2026-08-18 39,379文字 2026年6月期決算短信〔日本基準〕（連結）
[backfill][DOC CACHE HIT] 7532 2026-08-18 1,771文字 2026年６月期剰余金の配当（増配）及び2027年６月期配当予想に関するお知らせ
[backfill][DOC CACHE HIT] 8798 2026-08-18 1,374文字 （訂正）「過年度の有価証券報告書等の訂正報告書の提出及び過年度の決算短信等の訂正
[backfill][DOC CACHE HIT] 8798 2026-08-18 742文字 （訂正）「2026年9月期第2四半期（2025年10月～2026年3月） 業績説
[backfill][DOC CACHE HIT] 9610 2026-08-18 11,407文字 2027年３月期第１四半期決算補足説明資料（動画）
[backfill][DOC CACHE HIT] 9887 2026-08-18 601文字 （訂正）「令和9年3月期第1四半期決算短信〔日本基準〕（連結）」の一部訂正に関す
[backfill][DOC CACHE HIT] 4826 2026-08-18 1,043文字 剰余金の配当に関するお知らせ
[backfill][DOC CACHE HIT] 6340 2026-08-18 25,533文字 2026年6月期　決算説明資料
[backfill][DOC CACHE HIT] 2083 2026-08-18 16,082文字 NEXT FUNDS 日本成長株アクティブ上場投信 決算短信
[backfill][DOC CACHE HIT] 2084 2026-08-18 19,835文字 NEXT FUNDS 日本高配当株アクティブ上場投信 決算短信
[backfill][DOC CACHE HIT] 6850 2026-08-18 8,579文字 2027年3月期 第1四半期 決算補足説明資料
[backfill][DOC CACHE HIT] 8084 2026-08-18 5,303文字 2027年３月期第1四半期　決算補足資料
[backfill][DOC CACHE HIT] 2681 2026-08-18 32,813文字 (訂正）「2027年３月期  第１四半期決算説明資料」の一部訂正について
[backfill][DOC CACHE HIT] 9941 2026-08-18 4,037文字 2026年９月期 ７月度　月次業績（売上高）速報
[backfill][DOC CACHE HIT] 4320 2026-08-18 3,984文字 （訂正）「2026年９月期第３四半期決算短信〔日本基準〕（連結）」の一部訂正につ
[backfill][DOC CACHE HIT] 8304 2026-08-18 1,262文字 2027年3月期 第1四半期 自己資本比率について
[backfill][DOC CACHE HIT] 8951 2026-08-18 31,497文字 2026年６月期（第50期）決算説明会資料
[backfill][DOC CACHE HIT] 3660 2026-08-18 5,402文字 2026年６月期通期 決算説明会における質疑応答
[backfill][DOC CACHE HIT] 482A 2026-08-17 1,051文字 「2026年8月期業績予想の修正に関するお知らせ」の再掲載について
[backfill][DOC CACHE HIT] 4019 2026-08-17 26,197文字 2026年12月期 第2四半期決算説明会書き起こし
[backfill][SOURCE 1/3] 2026-08-17 2026年8月期業績予想の修正に関するお知らせ
[backfill][TRY 1/3] 2026-08-17 2026年8月期業績予想の修正に関するお知らせ https://webapi.yanoshin.jp/rd.php?https://www.release.tdnet.info/inbs/140120260817521628.pdf
[backfill][UNUSABLE] 2026-08-17 2026年8月期業績予想の修正に関するお知らせ ctype=application/pdf bytes=100,551
[backfill][TRY 2/3] 2026-08-17 2026年8月期業績予想の修正に関するお知らせ http://webapi.yanoshin.jp/rd.php?https://www.release.tdnet.info/inbs/140120260817521628.pdf
[backfill][UNUSABLE] 2026-08-17 2026年8月期業績予想の修正に関するお知らせ ctype=application/pdf bytes=100,551
[backfill][TRY 3/3] 2026-08-17 2026年8月期業績予想の修正に関するお知らせ https://www.release.tdnet.info/inbs/140120260817521628.pdf
[backfill][UNUSABLE] 2026-08-17 2026年8月期業績予想の修正に関するお知らせ ctype=application/pdf bytes=100,551
[backfill][JPX FAST 2/3] 2026-08-17 2026年8月期業績予想の修正に関するお知らせ https://www2.jpx.co.jp/disc/482A0/140120260817521628.pdf
[backfill][TRY 1/1] 2026-08-17 2026年8月期業績予想の修正に関するお知らせ https://www2.jpx.co.jp/disc/482A0/140120260817521628.pdf
[backfill][HTTP 404] 2026-08-17 2026年8月期業績予想の修正に関するお知らせ
[backfill][SOURCE 3/3] 2026-08-17 2026年8月期業績予想の修正に関するお知らせ
[backfill][SKIP FAILCACHE] 2026-08-17 2026年8月期業績予想の修正に関するお知らせ https://www.release.tdnet.info/inbs/140120260817521628.pdf
[backfill][TRY 2/2] 2026-08-17 2026年8月期業績予想の修正に関するお知らせ http://www.release.tdnet.info/inbs/140120260817521628.pdf
[backfill][TIMEOUT 5s] 2026-08-17 2026年8月期業績予想の修正に関するお知らせ
[backfill][DOC EMPTY] 482A 2026-08-17 17:00:00 2026年8月期業績予想の修正に関するお知らせ raw=https://webapi.yanoshin.jp/rd.php?https://www.release.tdnet.info/inbs/140120260817521
[backfill][DOC CACHE HIT] 5534 2026-08-17 1,123文字 通期連結業績予想の修正に関するお知らせ
[backfill][DOC CACHE HIT] 6036 2026-08-17 28,949文字 （訂正）「2026年6月期第2四半期 決算説明会資料」の一部訂正について
[backfill][DOC CACHE HIT] 7044 2026-08-17 696文字 （訂正）「2026年12月期第２四半期（中間期）決算補足資料」の一部訂正について
[backfill][DOC CACHE HIT] 9439 2026-08-17 1,576文字 通期連結業績予想値と実績値との差異に関するお知らせ
[backfill][DOC CACHE HIT] 9439 2026-08-17 25,306文字 2026年6月期　決算短信〔日本基準〕（連結）
[backfill][DOC CACHE HIT] 9439 2026-08-17 1,166文字 剰余金の配当（無配）に関するお知らせ
[backfill][DOC CACHE HIT] 5251 2026-08-17 2,468文字 （再登録）「中間決算説明資料の開示に関するお知らせ」の再登録について
[backfill][DOC CACHE HIT] 6195 2026-08-17 31,592文字 （訂正・数値データ訂正）「2026年３月期　決算短信〔日本基準〕（連結）」の一部
[backfill][DOC CACHE HIT] 7042 2026-08-17 4,066文字 2027年３月期第１四半期決算説明資料
[backfill][DOC CACHE HIT] 8964 2026-08-17 37,819文字 2026年6月期　決算短信（ＲＥＩＴ）
[backfill][DOC CACHE HIT] 7177 2026-08-17 3,192文字 2026年７月の月次業績（速報）に関するお知らせ
[backfill][DOC CACHE HIT] 3168 2026-08-17 1,149文字 特別配当および期末配当予想の修正に関するお知らせ
[backfill][DOC CACHE HIT] 367A 2026-08-17 500文字 連結子会社からの剰余金の配当受領に関するお知らせ
[backfill][DOC CACHE HIT] 4484 2026-08-17 6,345文字 2027年３月期 第１四半期決算説明会レポート（書き起こし）
[backfill][DOC CACHE HIT] 4651 2026-08-17 9,960文字 2027年３月期　第１四半期決算短信〔日本基準〕（連結）
[backfill][DOC CACHE HIT] 4651 2026-08-17 21,202文字 2027年３月期　第１四半期決算説明資料
[backfill][DOC CACHE HIT] 5242 2026-08-17 1,063文字 2026年12月期第２四半期決算説明会 質疑応答（要旨）
[backfill][DOC CACHE HIT] 7069 2026-08-17 675文字 （訂正）「2026年9月期 第3四半期決算説明資料」の一部訂正について
[backfill][DOC CACHE HIT] 8951 2026-08-17 39,641文字 2026年６月期　決算短信（ＲＥＩＴ）
[backfill][DOC CACHE HIT] 8951 2026-08-17 9,069文字 2026年６月期_決算概要
[backfill][DOC CACHE HIT] 8955 2026-08-17 42,496文字 2026年6月期　決算短信（ＲＥＩＴ）
[backfill][DOC CACHE HIT] 8955 2026-08-17 48,751文字 2026年6月期（第49期）決算説明資料
[backfill][DOC CACHE HIT] 9284 2026-08-17 50,474文字 2026年６月期 決算短信（インフラファンド）
[backfill][DOC CACHE HIT] 2461 2026-08-17 3,208文字 2026年12月期7月度 月次業績速報のお知らせ
[backfill][DOC CACHE HIT] 264A 2026-08-17 891文字 （訂正）「2026年９月期第３四半期決算説明資料」の一部訂正について
[backfill][DOC CACHE HIT] 5632 2026-08-17 559文字 連結子会社からの配当金受領に関するお知らせ
[backfill][DOC CACHE HIT] 2927 2026-08-17 733文字 2026年8月期 期末配当予想の増配に関するお知らせ
[backfill][DOC CACHE HIT] 6061 2026-08-17 1,101文字 （訂正・数値データ訂正）「令和８年６月期　決算短信〔日本基準〕(連結)」の一部訂
[backfill][DOC CACHE HIT] 2991 2026-08-17 1,105文字 2026年７月度　月次業績速報
[backfill][DOC CACHE HIT] 4574 2026-08-17 11,096文字 2026年12月期(FY2026)第２四半期(中間期)連結決算報告
[backfill][DOC CACHE HIT] 4018 2026-08-17 510文字 （訂正）「2026年6月期　決算短信〔日本基準〕（非連結）」の一部訂正に関するお
[backfill][DOC CACHE HIT] 8705 2026-08-17 2,394文字 2026年７月の月次業績等（速報）に関するお知らせ
[backfill][DOC CACHE HIT] 8798 2026-08-17 18,713文字 （訂正・数値データ訂正）「2025年9月期 第1四半期決算短信〔日本基準〕（連結
[backfill][DOC CACHE HIT] 9162 2026-08-17 606文字 （訂正）「2026年６月期 通期連結決算説明資料」の一部訂正について
[backfill][DOC CACHE HIT] 3445 2026-08-17 15,223文字 2026年12月期第２四半期 決算説明会 書き起こし公開のお知らせ
[backfill][DOC CACHE HIT] 319A 2026-08-17 4,923文字 Q&A 2026年12月期第2四半期決算説明
[backfill][XBRL TRY] 9284 https://www.release.tdnet.info/inbs/081220260817521739.zip
[backfill][XBRL TRY] 9284 https://www.release.tdnet.info/inbs/091220260817521739.zip
[backfill][XBRL TRY] 9284 https://www2.jpx.co.jp/disc/92840/081220260817521739.zip
[backfill][XBRL TRY] 9284 https://www2.jpx.co.jp/disc/92840/091220260817521739.zip
[backfill][XBRL TRY] 482A https://www.release.tdnet.info/inbs/081220260817521628.zip
[backfill][XBRL TRY] 482A https://www.release.tdnet.info/inbs/091220260817521628.zip
[backfill][XBRL TRY] 482A https://www2.jpx.co.jp/disc/482A0/081220260817521628.zip
[backfill][XBRL TRY] 482A https://www2.jpx.co.jp/disc/482A0/091220260817521628.zip
[backfill][XBRL TRY] 5534 https://www.release.tdnet.info/inbs/081220260817521941.zip
[backfill][XBRL TRY] 5534 https://www.release.tdnet.info/inbs/091220260817521941.zip
[backfill][XBRL TRY] 5534 https://www2.jpx.co.jp/disc/55340/081220260817521941.zip
[backfill][XBRL TRY] 5534 https://www2.jpx.co.jp/disc/55340/091220260817521941.zip
[backfill][XBRL TRY] 482A https://www.release.tdnet.info/inbs/081220260817522088.zip
[backfill][XBRL TRY] 482A https://www.release.tdnet.info/inbs/091220260817522088.zip
[backfill][XBRL TRY] 482A https://www2.jpx.co.jp/disc/482A0/081220260817522088.zip
[backfill][XBRL TRY] 482A https://www2.jpx.co.jp/disc/482A0/091220260817522088.zip
[backfill][XBRL TRY] 2083 https://www.release.tdnet.info/inbs/081220260818522160.zip
[backfill][XBRL TRY] 2083 https://www.release.tdnet.info/inbs/091220260818522160.zip
[backfill][XBRL TRY] 2083 https://www2.jpx.co.jp/disc/20830/081220260818522160.zip
[backfill][XBRL TRY] 2083 https://www2.jpx.co.jp/disc/20830/091220260818522160.zip
[backfill][XBRL TRY] 2084 https://www.release.tdnet.info/inbs/081220260818522182.zip
[backfill][XBRL TRY] 2084 https://www.release.tdnet.info/inbs/091220260818522182.zip
[backfill][XBRL TRY] 2084 https://www2.jpx.co.jp/disc/20840/081220260818522182.zip
[backfill][XBRL TRY] 2084 https://www2.jpx.co.jp/disc/20840/091220260818522182.zip
[forecast_history] 対象=16 initial=8 revision=2 achievement=0 unresolved=6
[OK] 決算:46件, 増資:18件, TOB:4件, 本文:77件, 予想初期:8件, 予想修正:2件, 達成履歴更新:0件 をDBに保存しました。
=== fetch_all: 完全成功 ===
===== 2026-08-18T17:11:12 END status=success rc=0 =====


===== 2026-08-18T17:20:00 START C:\Users\sasit\AppData\Local\Programs\Python\Python310\pythonw.exe D:\kabu\main\1-スクリーニング自動化プログラム\main\fetch_all.py =====
=== fetch_all: TDnetデータ収集開始 ===
[backfill][DOC CACHE HIT] 2796 2026-08-18 598文字 連結子会社からの配当金受領に関するお知らせ
[backfill][DOC CACHE HIT] 4415 2026-08-18 19,730文字 2026年12月期 第２四半期決算説明書き起こし
[backfill][DOC CACHE HIT] 471A 2026-08-18 485文字 （訂正）「2026年12月期第１四半期決算短信〔IFRS〕（連結）」の一部訂正に
[backfill][DOC CACHE HIT] 471A 2026-08-18 500文字 （訂正）「2026年12月期第２四半期（中間期）決算短信〔IFRS〕（連結）」の
[backfill][DOC CACHE HIT] 7707 2026-08-18 1,064文字 (訂正)「2026年６月期 決算短信〔日本基準〕（連結）」の一部訂正に関するお知
[backfill][DOC CACHE HIT] 7814 2026-08-18 17,220文字 2026年12月期　第２四半期（中間期）決算説明会資料
[backfill][DOC CACHE HIT] 3174 2026-08-18 1,914文字 2026年８月期通期連結・個別業績予想の修正に関するお知らせ
[backfill][DOC CACHE HIT] 6327 2026-08-18 11,715文字 2026年６月期 決算短信〔日本基準〕（連結）
[backfill][DOC CACHE HIT] 6327 2026-08-18 1,023文字 剰余金の配当に関するお知らせ
[backfill][DOC CACHE HIT] 1999 2026-08-18 21,424文字 2026年6月期　決算短信〔日本基準〕（連結）
[backfill][DOC CACHE HIT] 1999 2026-08-18 765文字 通期連結業績予想値と実績値との差異に関するお知らせ
[backfill][DOC CACHE HIT] 2160 2026-08-18 36,315文字 2026年12月期 第2四半期決算説明資料
[backfill][DOC CACHE HIT] 2735 2026-08-18 1,833文字 業績予想及び配当予想の修正に関するお知らせ
[backfill][DOC CACHE HIT] 3487 2026-08-18 46,065文字 2026年６月期 決算短信（REIT）
[backfill][DOC CACHE HIT] 3487 2026-08-18 54,901文字 2026年６月期 決算説明会資料
[backfill][DOC CACHE HIT] 4264 2026-08-18 7,102文字 業績目標コミットメント型ストック・オプション（有償ストック・オプション）の発行に
[backfill][DOC CACHE HIT] 4776 2026-08-18 501文字 （訂正）「2026年12月期 第２四半期決算補足資料」の一部訂正について
[backfill][DOC CACHE HIT] 598A 2026-08-18 35,052文字 「2026年6月期決算説明資料」に関する動画書き起こし
[backfill][DOC CACHE HIT] 6046 2026-08-18 1,294文字 2026年９月 期第３四半期 決算に関する質疑応答集
[backfill][DOC CACHE HIT] 6094 2026-08-18 2,329文字 2026年9月期 第3第四半期決算 質疑応答集
[backfill][DOC CACHE HIT] 7383 2026-08-18 2,633文字 [Q&A書き起こし]2027年３月期 第１四半期決算説明会
[backfill][DOC CACHE HIT] 7532 2026-08-18 39,379文字 2026年6月期決算短信〔日本基準〕（連結）
[backfill][DOC CACHE HIT] 7532 2026-08-18 1,771文字 2026年６月期剰余金の配当（増配）及び2027年６月期配当予想に関するお知らせ
[backfill][DOC CACHE HIT] 8798 2026-08-18 1,374文字 （訂正）「過年度の有価証券報告書等の訂正報告書の提出及び過年度の決算短信等の訂正
[backfill][DOC CACHE HIT] 8798 2026-08-18 742文字 （訂正）「2026年9月期第2四半期（2025年10月～2026年3月） 業績説
[backfill][DOC CACHE HIT] 9610 2026-08-18 11,407文字 2027年３月期第１四半期決算補足説明資料（動画）
[backfill][DOC CACHE HIT] 9887 2026-08-18 601文字 （訂正）「令和9年3月期第1四半期決算短信〔日本基準〕（連結）」の一部訂正に関す
[backfill][DOC CACHE HIT] 4826 2026-08-18 1,043文字 剰余金の配当に関するお知らせ
[backfill][DOC CACHE HIT] 6340 2026-08-18 25,533文字 2026年6月期　決算説明資料
[backfill][DOC CACHE HIT] 2083 2026-08-18 16,082文字 NEXT FUNDS 日本成長株アクティブ上場投信 決算短信
[backfill][DOC CACHE HIT] 2084 2026-08-18 19,835文字 NEXT FUNDS 日本高配当株アクティブ上場投信 決算短信
[backfill][DOC CACHE HIT] 6850 2026-08-18 8,579文字 2027年3月期 第1四半期 決算補足説明資料
[backfill][DOC CACHE HIT] 8084 2026-08-18 5,303文字 2027年３月期第1四半期　決算補足資料
[backfill][DOC CACHE HIT] 2681 2026-08-18 32,813文字 (訂正）「2027年３月期  第１四半期決算説明資料」の一部訂正について
[backfill][DOC CACHE HIT] 9941 2026-08-18 4,037文字 2026年９月期 ７月度　月次業績（売上高）速報
[backfill][DOC CACHE HIT] 4320 2026-08-18 3,984文字 （訂正）「2026年９月期第３四半期決算短信〔日本基準〕（連結）」の一部訂正につ
[backfill][DOC CACHE HIT] 8304 2026-08-18 1,262文字 2027年3月期 第1四半期 自己資本比率について
[backfill][DOC CACHE HIT] 8951 2026-08-18 31,497文字 2026年６月期（第50期）決算説明会資料
[backfill][DOC CACHE HIT] 3660 2026-08-18 5,402文字 2026年６月期通期 決算説明会における質疑応答
[backfill][DOC CACHE HIT] 482A 2026-08-17 1,051文字 「2026年8月期業績予想の修正に関するお知らせ」の再掲載について
[backfill][DOC CACHE HIT] 4019 2026-08-17 26,197文字 2026年12月期 第2四半期決算説明会書き起こし
[backfill][SOURCE 1/3] 2026-08-17 2026年8月期業績予想の修正に関するお知らせ
[backfill][TRY 1/3] 2026-08-17 2026年8月期業績予想の修正に関するお知らせ https://webapi.yanoshin.jp/rd.php?https://www.release.tdnet.info/inbs/140120260817521628.pdf
[backfill][UNUSABLE] 2026-08-17 2026年8月期業績予想の修正に関するお知らせ ctype=application/pdf bytes=100,551
[backfill][TRY 2/3] 2026-08-17 2026年8月期業績予想の修正に関するお知らせ http://webapi.yanoshin.jp/rd.php?https://www.release.tdnet.info/inbs/140120260817521628.pdf
[backfill][UNUSABLE] 2026-08-17 2026年8月期業績予想の修正に関するお知らせ ctype=application/pdf bytes=100,551
[backfill][TRY 3/3] 2026-08-17 2026年8月期業績予想の修正に関するお知らせ https://www.release.tdnet.info/inbs/140120260817521628.pdf
[backfill][UNUSABLE] 2026-08-17 2026年8月期業績予想の修正に関するお知らせ ctype=application/pdf bytes=100,551
[backfill][JPX FAST 2/3] 2026-08-17 2026年8月期業績予想の修正に関するお知らせ https://www2.jpx.co.jp/disc/482A0/140120260817521628.pdf
[backfill][TRY 1/1] 2026-08-17 2026年8月期業績予想の修正に関するお知らせ https://www2.jpx.co.jp/disc/482A0/140120260817521628.pdf
[backfill][HTTP 404] 2026-08-17 2026年8月期業績予想の修正に関するお知らせ
[backfill][SOURCE 3/3] 2026-08-17 2026年8月期業績予想の修正に関するお知らせ
[backfill][SKIP FAILCACHE] 2026-08-17 2026年8月期業績予想の修正に関するお知らせ https://www.release.tdnet.info/inbs/140120260817521628.pdf
[backfill][TRY 2/2] 2026-08-17 2026年8月期業績予想の修正に関するお知らせ http://www.release.tdnet.info/inbs/140120260817521628.pdf
[backfill][TIMEOUT 5s] 2026-08-17 2026年8月期業績予想の修正に関するお知らせ
[backfill][DOC EMPTY] 482A 2026-08-17 17:00:00 2026年8月期業績予想の修正に関するお知らせ raw=https://webapi.yanoshin.jp/rd.php?https://www.release.tdnet.info/inbs/140120260817521
[backfill][DOC CACHE HIT] 5534 2026-08-17 1,123文字 通期連結業績予想の修正に関するお知らせ
[backfill][DOC CACHE HIT] 6036 2026-08-17 28,949文字 （訂正）「2026年6月期第2四半期 決算説明会資料」の一部訂正について
[backfill][DOC CACHE HIT] 7044 2026-08-17 696文字 （訂正）「2026年12月期第２四半期（中間期）決算補足資料」の一部訂正について
[backfill][DOC CACHE HIT] 9439 2026-08-17 1,576文字 通期連結業績予想値と実績値との差異に関するお知らせ
[backfill][DOC CACHE HIT] 9439 2026-08-17 25,306文字 2026年6月期　決算短信〔日本基準〕（連結）
[backfill][DOC CACHE HIT] 9439 2026-08-17 1,166文字 剰余金の配当（無配）に関するお知らせ
[backfill][DOC CACHE HIT] 5251 2026-08-17 2,468文字 （再登録）「中間決算説明資料の開示に関するお知らせ」の再登録について
[backfill][DOC CACHE HIT] 6195 2026-08-17 31,592文字 （訂正・数値データ訂正）「2026年３月期　決算短信〔日本基準〕（連結）」の一部
[backfill][DOC CACHE HIT] 7042 2026-08-17 4,066文字 2027年３月期第１四半期決算説明資料
[backfill][DOC CACHE HIT] 8964 2026-08-17 37,819文字 2026年6月期　決算短信（ＲＥＩＴ）
[backfill][DOC CACHE HIT] 7177 2026-08-17 3,192文字 2026年７月の月次業績（速報）に関するお知らせ
[backfill][DOC CACHE HIT] 3168 2026-08-17 1,149文字 特別配当および期末配当予想の修正に関するお知らせ
[backfill][DOC CACHE HIT] 367A 2026-08-17 500文字 連結子会社からの剰余金の配当受領に関するお知らせ
[backfill][DOC CACHE HIT] 4484 2026-08-17 6,345文字 2027年３月期 第１四半期決算説明会レポート（書き起こし）
[backfill][DOC CACHE HIT] 4651 2026-08-17 9,960文字 2027年３月期　第１四半期決算短信〔日本基準〕（連結）
[backfill][DOC CACHE HIT] 4651 2026-08-17 21,202文字 2027年３月期　第１四半期決算説明資料
[backfill][DOC CACHE HIT] 5242 2026-08-17 1,063文字 2026年12月期第２四半期決算説明会 質疑応答（要旨）
[backfill][DOC CACHE HIT] 7069 2026-08-17 675文字 （訂正）「2026年9月期 第3四半期決算説明資料」の一部訂正について
[backfill][DOC CACHE HIT] 8951 2026-08-17 39,641文字 2026年６月期　決算短信（ＲＥＩＴ）
[backfill][DOC CACHE HIT] 8951 2026-08-17 9,069文字 2026年６月期_決算概要
[backfill][DOC CACHE HIT] 8955 2026-08-17 42,496文字 2026年6月期　決算短信（ＲＥＩＴ）
[backfill][DOC CACHE HIT] 8955 2026-08-17 48,751文字 2026年6月期（第49期）決算説明資料
[backfill][DOC CACHE HIT] 9284 2026-08-17 50,474文字 2026年６月期 決算短信（インフラファンド）
[backfill][DOC CACHE HIT] 2461 2026-08-17 3,208文字 2026年12月期7月度 月次業績速報のお知らせ
[backfill][DOC CACHE HIT] 264A 2026-08-17 891文字 （訂正）「2026年９月期第３四半期決算説明資料」の一部訂正について
[backfill][DOC CACHE HIT] 5632 2026-08-17 559文字 連結子会社からの配当金受領に関するお知らせ
[backfill][DOC CACHE HIT] 2927 2026-08-17 733文字 2026年8月期 期末配当予想の増配に関するお知らせ
[backfill][DOC CACHE HIT] 6061 2026-08-17 1,101文字 （訂正・数値データ訂正）「令和８年６月期　決算短信〔日本基準〕(連結)」の一部訂
[backfill][DOC CACHE HIT] 2991 2026-08-17 1,105文字 2026年７月度　月次業績速報
[backfill][DOC CACHE HIT] 4574 2026-08-17 11,096文字 2026年12月期(FY2026)第２四半期(中間期)連結決算報告
[backfill][DOC CACHE HIT] 4018 2026-08-17 510文字 （訂正）「2026年6月期　決算短信〔日本基準〕（非連結）」の一部訂正に関するお
[backfill][DOC CACHE HIT] 8705 2026-08-17 2,394文字 2026年７月の月次業績等（速報）に関するお知らせ
[backfill][DOC CACHE HIT] 8798 2026-08-17 18,713文字 （訂正・数値データ訂正）「2025年9月期 第1四半期決算短信〔日本基準〕（連結
[backfill][DOC CACHE HIT] 9162 2026-08-17 606文字 （訂正）「2026年６月期 通期連結決算説明資料」の一部訂正について
[backfill][DOC CACHE HIT] 3445 2026-08-17 15,223文字 2026年12月期第２四半期 決算説明会 書き起こし公開のお知らせ
[backfill][DOC CACHE HIT] 319A 2026-08-17 4,923文字 Q&A 2026年12月期第2四半期決算説明
[backfill][XBRL TRY] 9284 https://www.release.tdnet.info/inbs/081220260817521739.zip
[backfill][XBRL TRY] 9284 https://www.release.tdnet.info/inbs/091220260817521739.zip
[backfill][XBRL TRY] 9284 https://www2.jpx.co.jp/disc/92840/081220260817521739.zip
[backfill][XBRL TRY] 9284 https://www2.jpx.co.jp/disc/92840/091220260817521739.zip
[backfill][XBRL TRY] 482A https://www.release.tdnet.info/inbs/081220260817521628.zip
[backfill][XBRL TRY] 482A https://www.release.tdnet.info/inbs/091220260817521628.zip
[backfill][XBRL TRY] 482A https://www2.jpx.co.jp/disc/482A0/081220260817521628.zip
[backfill][XBRL TRY] 482A https://www2.jpx.co.jp/disc/482A0/091220260817521628.zip
[backfill][XBRL TRY] 5534 https://www.release.tdnet.info/inbs/081220260817521941.zip
[backfill][XBRL TRY] 5534 https://www.release.tdnet.info/inbs/091220260817521941.zip
[backfill][XBRL TRY] 5534 https://www2.jpx.co.jp/disc/55340/081220260817521941.zip
[backfill][XBRL TRY] 5534 https://www2.jpx.co.jp/disc/55340/091220260817521941.zip
[backfill][XBRL TRY] 482A https://www.release.tdnet.info/inbs/081220260817522088.zip
[backfill][XBRL TRY] 482A https://www.release.tdnet.info/inbs/091220260817522088.zip
[backfill][XBRL TRY] 482A https://www2.jpx.co.jp/disc/482A0/081220260817522088.zip
[backfill][XBRL TRY] 482A https://www2.jpx.co.jp/disc/482A0/091220260817522088.zip
[backfill][XBRL TRY] 2083 https://www.release.tdnet.info/inbs/081220260818522160.zip
[backfill][XBRL TRY] 2083 https://www.release.tdnet.info/inbs/091220260818522160.zip
[backfill][XBRL TRY] 2083 https://www2.jpx.co.jp/disc/20830/081220260818522160.zip
[backfill][XBRL TRY] 2083 https://www2.jpx.co.jp/disc/20830/091220260818522160.zip
[backfill][XBRL TRY] 2084 https://www.release.tdnet.info/inbs/081220260818522182.zip
[backfill][XBRL TRY] 2084 https://www.release.tdnet.info/inbs/091220260818522182.zip
[backfill][XBRL TRY] 2084 https://www2.jpx.co.jp/disc/20840/081220260818522182.zip
[backfill][XBRL TRY] 2084 https://www2.jpx.co.jp/disc/20840/091220260818522182.zip
[forecast_history] 対象=16 initial=8 revision=2 achievement=0 unresolved=6
[OK] 決算:46件, 増資:18件, TOB:4件, 本文:77件, 予想初期:8件, 予想修正:2件, 達成履歴更新:0件 をDBに保存しました。
=== fetch_all: 完全成功 ===
===== 2026-08-18T17:21:12 END status=success rc=0 =====


===== 2026-08-18T17:30:00 START C:\Users\sasit\AppData\Local\Programs\Python\Python310\pythonw.exe D:\kabu\main\1-スクリーニング自動化プログラム\main\fetch_all.py =====
=== fetch_all: TDnetデータ収集開始 ===
[backfill][DOC CACHE HIT] 2796 2026-08-18 598文字 連結子会社からの配当金受領に関するお知らせ
[backfill][DOC CACHE HIT] 4415 2026-08-18 19,730文字 2026年12月期 第２四半期決算説明書き起こし
[backfill][DOC CACHE HIT] 471A 2026-08-18 485文字 （訂正）「2026年12月期第１四半期決算短信〔IFRS〕（連結）」の一部訂正に
[backfill][DOC CACHE HIT] 471A 2026-08-18 500文字 （訂正）「2026年12月期第２四半期（中間期）決算短信〔IFRS〕（連結）」の
[backfill][DOC CACHE HIT] 7707 2026-08-18 1,064文字 (訂正)「2026年６月期 決算短信〔日本基準〕（連結）」の一部訂正に関するお知
[backfill][DOC CACHE HIT] 7814 2026-08-18 17,220文字 2026年12月期　第２四半期（中間期）決算説明会資料
[backfill][DOC CACHE HIT] 3174 2026-08-18 1,914文字 2026年８月期通期連結・個別業績予想の修正に関するお知らせ
[backfill][DOC CACHE HIT] 6327 2026-08-18 11,715文字 2026年６月期 決算短信〔日本基準〕（連結）
[backfill][DOC CACHE HIT] 6327 2026-08-18 1,023文字 剰余金の配当に関するお知らせ
[backfill][DOC CACHE HIT] 1999 2026-08-18 21,424文字 2026年6月期　決算短信〔日本基準〕（連結）
[backfill][DOC CACHE HIT] 1999 2026-08-18 765文字 通期連結業績予想値と実績値との差異に関するお知らせ
[backfill][DOC CACHE HIT] 2160 2026-08-18 36,315文字 2026年12月期 第2四半期決算説明資料
[backfill][DOC CACHE HIT] 2735 2026-08-18 1,833文字 業績予想及び配当予想の修正に関するお知らせ
[backfill][DOC CACHE HIT] 3487 2026-08-18 46,065文字 2026年６月期 決算短信（REIT）
[backfill][DOC CACHE HIT] 3487 2026-08-18 54,901文字 2026年６月期 決算説明会資料
[backfill][DOC CACHE HIT] 4264 2026-08-18 7,102文字 業績目標コミットメント型ストック・オプション（有償ストック・オプション）の発行に
[backfill][DOC CACHE HIT] 4776 2026-08-18 501文字 （訂正）「2026年12月期 第２四半期決算補足資料」の一部訂正について
[backfill][DOC CACHE HIT] 598A 2026-08-18 35,052文字 「2026年6月期決算説明資料」に関する動画書き起こし
[backfill][DOC CACHE HIT] 6046 2026-08-18 1,294文字 2026年９月 期第３四半期 決算に関する質疑応答集
[backfill][DOC CACHE HIT] 6094 2026-08-18 2,329文字 2026年9月期 第3第四半期決算 質疑応答集
[backfill][DOC CACHE HIT] 7383 2026-08-18 2,633文字 [Q&A書き起こし]2027年３月期 第１四半期決算説明会
[backfill][DOC CACHE HIT] 7532 2026-08-18 39,379文字 2026年6月期決算短信〔日本基準〕（連結）
[backfill][DOC CACHE HIT] 7532 2026-08-18 1,771文字 2026年６月期剰余金の配当（増配）及び2027年６月期配当予想に関するお知らせ
[backfill][DOC CACHE HIT] 8798 2026-08-18 1,374文字 （訂正）「過年度の有価証券報告書等の訂正報告書の提出及び過年度の決算短信等の訂正
[backfill][DOC CACHE HIT] 8798 2026-08-18 742文字 （訂正）「2026年9月期第2四半期（2025年10月～2026年3月） 業績説
[backfill][DOC CACHE HIT] 9610 2026-08-18 11,407文字 2027年３月期第１四半期決算補足説明資料（動画）
[backfill][DOC CACHE HIT] 9887 2026-08-18 601文字 （訂正）「令和9年3月期第1四半期決算短信〔日本基準〕（連結）」の一部訂正に関す
[backfill][DOC CACHE HIT] 4826 2026-08-18 1,043文字 剰余金の配当に関するお知らせ
[backfill][DOC CACHE HIT] 6340 2026-08-18 25,533文字 2026年6月期　決算説明資料
[backfill][DOC CACHE HIT] 2083 2026-08-18 16,082文字 NEXT FUNDS 日本成長株アクティブ上場投信 決算短信
[backfill][DOC CACHE HIT] 2084 2026-08-18 19,835文字 NEXT FUNDS 日本高配当株アクティブ上場投信 決算短信
[backfill][DOC CACHE HIT] 6850 2026-08-18 8,579文字 2027年3月期 第1四半期 決算補足説明資料
[backfill][DOC CACHE HIT] 8084 2026-08-18 5,303文字 2027年３月期第1四半期　決算補足資料
[backfill][DOC CACHE HIT] 2681 2026-08-18 32,813文字 (訂正）「2027年３月期  第１四半期決算説明資料」の一部訂正について
[backfill][DOC CACHE HIT] 9941 2026-08-18 4,037文字 2026年９月期 ７月度　月次業績（売上高）速報
[backfill][DOC CACHE HIT] 4320 2026-08-18 3,984文字 （訂正）「2026年９月期第３四半期決算短信〔日本基準〕（連結）」の一部訂正につ
[backfill][DOC CACHE HIT] 8304 2026-08-18 1,262文字 2027年3月期 第1四半期 自己資本比率について
[backfill][DOC CACHE HIT] 8951 2026-08-18 31,497文字 2026年６月期（第50期）決算説明会資料
[backfill][DOC CACHE HIT] 3660 2026-08-18 5,402文字 2026年６月期通期 決算説明会における質疑応答
[backfill][DOC CACHE HIT] 482A 2026-08-17 1,051文字 「2026年8月期業績予想の修正に関するお知らせ」の再掲載について
[backfill][DOC CACHE HIT] 4019 2026-08-17 26,197文字 2026年12月期 第2四半期決算説明会書き起こし
[backfill][SOURCE 1/3] 2026-08-17 2026年8月期業績予想の修正に関するお知らせ
[backfill][TRY 1/3] 2026-08-17 2026年8月期業績予想の修正に関するお知らせ https://webapi.yanoshin.jp/rd.php?https://www.release.tdnet.info/inbs/140120260817521628.pdf
[backfill][UNUSABLE] 2026-08-17 2026年8月期業績予想の修正に関するお知らせ ctype=application/pdf bytes=100,551
[backfill][TRY 2/3] 2026-08-17 2026年8月期業績予想の修正に関するお知らせ http://webapi.yanoshin.jp/rd.php?https://www.release.tdnet.info/inbs/140120260817521628.pdf
[backfill][UNUSABLE] 2026-08-17 2026年8月期業績予想の修正に関するお知らせ ctype=application/pdf bytes=100,551
[backfill][TRY 3/3] 2026-08-17 2026年8月期業績予想の修正に関するお知らせ https://www.release.tdnet.info/inbs/140120260817521628.pdf
[backfill][UNUSABLE] 2026-08-17 2026年8月期業績予想の修正に関するお知らせ ctype=application/pdf bytes=100,551
[backfill][JPX FAST 2/3] 2026-08-17 2026年8月期業績予想の修正に関するお知らせ https://www2.jpx.co.jp/disc/482A0/140120260817521628.pdf
[backfill][TRY 1/1] 2026-08-17 2026年8月期業績予想の修正に関するお知らせ https://www2.jpx.co.jp/disc/482A0/140120260817521628.pdf
[backfill][HTTP 404] 2026-08-17 2026年8月期業績予想の修正に関するお知らせ
[backfill][SOURCE 3/3] 2026-08-17 2026年8月期業績予想の修正に関するお知らせ
[backfill][SKIP FAILCACHE] 2026-08-17 2026年8月期業績予想の修正に関するお知らせ https://www.release.tdnet.info/inbs/140120260817521628.pdf
[backfill][TRY 2/2] 2026-08-17 2026年8月期業績予想の修正に関するお知らせ http://www.release.tdnet.info/inbs/140120260817521628.pdf
[backfill][TIMEOUT 5s] 2026-08-17 2026年8月期業績予想の修正に関するお知らせ
[backfill][DOC EMPTY] 482A 2026-08-17 17:00:00 2026年8月期業績予想の修正に関するお知らせ raw=https://webapi.yanoshin.jp/rd.php?https://www.release.tdnet.info/inbs/140120260817521
[backfill][DOC CACHE HIT] 5534 2026-08-17 1,123文字 通期連結業績予想の修正に関するお知らせ
[backfill][DOC CACHE HIT] 6036 2026-08-17 28,949文字 （訂正）「2026年6月期第2四半期 決算説明会資料」の一部訂正について
[backfill][DOC CACHE HIT] 7044 2026-08-17 696文字 （訂正）「2026年12月期第２四半期（中間期）決算補足資料」の一部訂正について
[backfill][DOC CACHE HIT] 9439 2026-08-17 1,576文字 通期連結業績予想値と実績値との差異に関するお知らせ
[backfill][DOC CACHE HIT] 9439 2026-08-17 25,306文字 2026年6月期　決算短信〔日本基準〕（連結）
[backfill][DOC CACHE HIT] 9439 2026-08-17 1,166文字 剰余金の配当（無配）に関するお知らせ
[backfill][DOC CACHE HIT] 5251 2026-08-17 2,468文字 （再登録）「中間決算説明資料の開示に関するお知らせ」の再登録について
[backfill][DOC CACHE HIT] 6195 2026-08-17 31,592文字 （訂正・数値データ訂正）「2026年３月期　決算短信〔日本基準〕（連結）」の一部
[backfill][DOC CACHE HIT] 7042 2026-08-17 4,066文字 2027年３月期第１四半期決算説明資料
[backfill][DOC CACHE HIT] 8964 2026-08-17 37,819文字 2026年6月期　決算短信（ＲＥＩＴ）
[backfill][DOC CACHE HIT] 7177 2026-08-17 3,192文字 2026年７月の月次業績（速報）に関するお知らせ
[backfill][DOC CACHE HIT] 3168 2026-08-17 1,149文字 特別配当および期末配当予想の修正に関するお知らせ
[backfill][DOC CACHE HIT] 367A 2026-08-17 500文字 連結子会社からの剰余金の配当受領に関するお知らせ
[backfill][DOC CACHE HIT] 4484 2026-08-17 6,345文字 2027年３月期 第１四半期決算説明会レポート（書き起こし）
[backfill][DOC CACHE HIT] 4651 2026-08-17 9,960文字 2027年３月期　第１四半期決算短信〔日本基準〕（連結）
[backfill][DOC CACHE HIT] 4651 2026-08-17 21,202文字 2027年３月期　第１四半期決算説明資料
[backfill][DOC CACHE HIT] 5242 2026-08-17 1,063文字 2026年12月期第２四半期決算説明会 質疑応答（要旨）
[backfill][DOC CACHE HIT] 7069 2026-08-17 675文字 （訂正）「2026年9月期 第3四半期決算説明資料」の一部訂正について
[backfill][DOC CACHE HIT] 8951 2026-08-17 39,641文字 2026年６月期　決算短信（ＲＥＩＴ）
[backfill][DOC CACHE HIT] 8951 2026-08-17 9,069文字 2026年６月期_決算概要
[backfill][DOC CACHE HIT] 8955 2026-08-17 42,496文字 2026年6月期　決算短信（ＲＥＩＴ）
[backfill][DOC CACHE HIT] 8955 2026-08-17 48,751文字 2026年6月期（第49期）決算説明資料
[backfill][DOC CACHE HIT] 9284 2026-08-17 50,474文字 2026年６月期 決算短信（インフラファンド）
[backfill][DOC CACHE HIT] 2461 2026-08-17 3,208文字 2026年12月期7月度 月次業績速報のお知らせ
[backfill][DOC CACHE HIT] 264A 2026-08-17 891文字 （訂正）「2026年９月期第３四半期決算説明資料」の一部訂正について
[backfill][DOC CACHE HIT] 5632 2026-08-17 559文字 連結子会社からの配当金受領に関するお知らせ
[backfill][DOC CACHE HIT] 2927 2026-08-17 733文字 2026年8月期 期末配当予想の増配に関するお知らせ
[backfill][DOC CACHE HIT] 6061 2026-08-17 1,101文字 （訂正・数値データ訂正）「令和８年６月期　決算短信〔日本基準〕(連結)」の一部訂
[backfill][DOC CACHE HIT] 2991 2026-08-17 1,105文字 2026年７月度　月次業績速報
[backfill][DOC CACHE HIT] 4574 2026-08-17 11,096文字 2026年12月期(FY2026)第２四半期(中間期)連結決算報告
[backfill][DOC CACHE HIT] 4018 2026-08-17 510文字 （訂正）「2026年6月期　決算短信〔日本基準〕（非連結）」の一部訂正に関するお
[backfill][DOC CACHE HIT] 8705 2026-08-17 2,394文字 2026年７月の月次業績等（速報）に関するお知らせ
[backfill][DOC CACHE HIT] 8798 2026-08-17 18,713文字 （訂正・数値データ訂正）「2025年9月期 第1四半期決算短信〔日本基準〕（連結
[backfill][DOC CACHE HIT] 9162 2026-08-17 606文字 （訂正）「2026年６月期 通期連結決算説明資料」の一部訂正について
[backfill][DOC CACHE HIT] 3445 2026-08-17 15,223文字 2026年12月期第２四半期 決算説明会 書き起こし公開のお知らせ
[backfill][DOC CACHE HIT] 319A 2026-08-17 4,923文字 Q&A 2026年12月期第2四半期決算説明
[backfill][XBRL TRY] 9284 https://www.release.tdnet.info/inbs/081220260817521739.zip
[backfill][XBRL TRY] 9284 https://www.release.tdnet.info/inbs/091220260817521739.zip
[backfill][XBRL TRY] 9284 https://www2.jpx.co.jp/disc/92840/081220260817521739.zip
[backfill][XBRL TRY] 9284 https://www2.jpx.co.jp/disc/92840/091220260817521739.zip
[backfill][XBRL TRY] 482A https://www.release.tdnet.info/inbs/081220260817521628.zip
[backfill][XBRL TRY] 482A https://www.release.tdnet.info/inbs/091220260817521628.zip
[backfill][XBRL TRY] 482A https://www2.jpx.co.jp/disc/482A0/081220260817521628.zip
[backfill][XBRL TRY] 482A https://www2.jpx.co.jp/disc/482A0/091220260817521628.zip
[backfill][XBRL TRY] 5534 https://www.release.tdnet.info/inbs/081220260817521941.zip
[backfill][XBRL TRY] 5534 https://www.release.tdnet.info/inbs/091220260817521941.zip
[backfill][XBRL TRY] 5534 https://www2.jpx.co.jp/disc/55340/081220260817521941.zip
[backfill][XBRL TRY] 5534 https://www2.jpx.co.jp/disc/55340/091220260817521941.zip
[backfill][XBRL TRY] 482A https://www.release.tdnet.info/inbs/081220260817522088.zip
[backfill][XBRL TRY] 482A https://www.release.tdnet.info/inbs/091220260817522088.zip
[backfill][XBRL TRY] 482A https://www2.jpx.co.jp/disc/482A0/081220260817522088.zip
[backfill][XBRL TRY] 482A https://www2.jpx.co.jp/disc/482A0/091220260817522088.zip
[backfill][XBRL TRY] 2083 https://www.release.tdnet.info/inbs/081220260818522160.zip
[backfill][XBRL TRY] 2083 https://www.release.tdnet.info/inbs/091220260818522160.zip
[backfill][XBRL TRY] 2083 https://www2.jpx.co.jp/disc/20830/081220260818522160.zip
[backfill][XBRL TRY] 2083 https://www2.jpx.co.jp/disc/20830/091220260818522160.zip
[backfill][XBRL TRY] 2084 https://www.release.tdnet.info/inbs/081220260818522182.zip
[backfill][XBRL TRY] 2084 https://www.release.tdnet.info/inbs/091220260818522182.zip
[backfill][XBRL TRY] 2084 https://www2.jpx.co.jp/disc/20840/081220260818522182.zip
[backfill][XBRL TRY] 2084 https://www2.jpx.co.jp/disc/20840/091220260818522182.zip
[forecast_history] 対象=16 initial=8 revision=2 achievement=0 unresolved=6
[OK] 決算:46件, 増資:18件, TOB:4件, 本文:77件, 予想初期:8件, 予想修正:2件, 達成履歴更新:0件 をDBに保存しました。
=== fetch_all: 完全成功 ===
===== 2026-08-18T17:31:17 END status=success rc=0 =====


===== 2026-08-18T17:40:00 START C:\Users\sasit\AppData\Local\Programs\Python\Python310\pythonw.exe D:\kabu\main\1-スクリーニング自動化プログラム\main\fetch_all.py =====
=== fetch_all: TDnetデータ収集開始 ===
[backfill][DOC CACHE HIT] 2796 2026-08-18 598文字 連結子会社からの配当金受領に関するお知らせ
[backfill][DOC CACHE HIT] 4415 2026-08-18 19,730文字 2026年12月期 第２四半期決算説明書き起こし
[backfill][DOC CACHE HIT] 471A 2026-08-18 485文字 （訂正）「2026年12月期第１四半期決算短信〔IFRS〕（連結）」の一部訂正に
[backfill][DOC CACHE HIT] 471A 2026-08-18 500文字 （訂正）「2026年12月期第２四半期（中間期）決算短信〔IFRS〕（連結）」の
[backfill][DOC CACHE HIT] 7707 2026-08-18 1,064文字 (訂正)「2026年６月期 決算短信〔日本基準〕（連結）」の一部訂正に関するお知
[backfill][DOC CACHE HIT] 7814 2026-08-18 17,220文字 2026年12月期　第２四半期（中間期）決算説明会資料
[backfill][DOC CACHE HIT] 3174 2026-08-18 1,914文字 2026年８月期通期連結・個別業績予想の修正に関するお知らせ
[backfill][DOC CACHE HIT] 6327 2026-08-18 11,715文字 2026年６月期 決算短信〔日本基準〕（連結）
[backfill][DOC CACHE HIT] 6327 2026-08-18 1,023文字 剰余金の配当に関するお知らせ
[backfill][DOC CACHE HIT] 1999 2026-08-18 21,424文字 2026年6月期　決算短信〔日本基準〕（連結）
[backfill][DOC CACHE HIT] 1999 2026-08-18 765文字 通期連結業績予想値と実績値との差異に関するお知らせ
[backfill][DOC CACHE HIT] 2160 2026-08-18 36,315文字 2026年12月期 第2四半期決算説明資料
[backfill][DOC CACHE HIT] 2735 2026-08-18 1,833文字 業績予想及び配当予想の修正に関するお知らせ
[backfill][DOC CACHE HIT] 3487 2026-08-18 46,065文字 2026年６月期 決算短信（REIT）
[backfill][DOC CACHE HIT] 3487 2026-08-18 54,901文字 2026年６月期 決算説明会資料
[backfill][DOC CACHE HIT] 4264 2026-08-18 7,102文字 業績目標コミットメント型ストック・オプション（有償ストック・オプション）の発行に
[backfill][DOC CACHE HIT] 4776 2026-08-18 501文字 （訂正）「2026年12月期 第２四半期決算補足資料」の一部訂正について
[backfill][DOC CACHE HIT] 598A 2026-08-18 35,052文字 「2026年6月期決算説明資料」に関する動画書き起こし
[backfill][DOC CACHE HIT] 6046 2026-08-18 1,294文字 2026年９月 期第３四半期 決算に関する質疑応答集
[backfill][DOC CACHE HIT] 6094 2026-08-18 2,329文字 2026年9月期 第3第四半期決算 質疑応答集
[backfill][DOC CACHE HIT] 7383 2026-08-18 2,633文字 [Q&A書き起こし]2027年３月期 第１四半期決算説明会
[backfill][DOC CACHE HIT] 7532 2026-08-18 39,379文字 2026年6月期決算短信〔日本基準〕（連結）
[backfill][DOC CACHE HIT] 7532 2026-08-18 1,771文字 2026年６月期剰余金の配当（増配）及び2027年６月期配当予想に関するお知らせ
[backfill][DOC CACHE HIT] 8798 2026-08-18 1,374文字 （訂正）「過年度の有価証券報告書等の訂正報告書の提出及び過年度の決算短信等の訂正
[backfill][DOC CACHE HIT] 8798 2026-08-18 742文字 （訂正）「2026年9月期第2四半期（2025年10月～2026年3月） 業績説
[backfill][DOC CACHE HIT] 9610 2026-08-18 11,407文字 2027年３月期第１四半期決算補足説明資料（動画）
[backfill][DOC CACHE HIT] 9887 2026-08-18 601文字 （訂正）「令和9年3月期第1四半期決算短信〔日本基準〕（連結）」の一部訂正に関す
[backfill][DOC CACHE HIT] 4826 2026-08-18 1,043文字 剰余金の配当に関するお知らせ
[backfill][DOC CACHE HIT] 6340 2026-08-18 25,533文字 2026年6月期　決算説明資料
[backfill][DOC CACHE HIT] 2083 2026-08-18 16,082文字 NEXT FUNDS 日本成長株アクティブ上場投信 決算短信
[backfill][DOC CACHE HIT] 2084 2026-08-18 19,835文字 NEXT FUNDS 日本高配当株アクティブ上場投信 決算短信
[backfill][DOC CACHE HIT] 6850 2026-08-18 8,579文字 2027年3月期 第1四半期 決算補足説明資料
[backfill][DOC CACHE HIT] 8084 2026-08-18 5,303文字 2027年３月期第1四半期　決算補足資料
[backfill][DOC CACHE HIT] 2681 2026-08-18 32,813文字 (訂正）「2027年３月期  第１四半期決算説明資料」の一部訂正について
[backfill][DOC CACHE HIT] 9941 2026-08-18 4,037文字 2026年９月期 ７月度　月次業績（売上高）速報
[backfill][DOC CACHE HIT] 4320 2026-08-18 3,984文字 （訂正）「2026年９月期第３四半期決算短信〔日本基準〕（連結）」の一部訂正につ
[backfill][DOC CACHE HIT] 8304 2026-08-18 1,262文字 2027年3月期 第1四半期 自己資本比率について
[backfill][DOC CACHE HIT] 8951 2026-08-18 31,497文字 2026年６月期（第50期）決算説明会資料
[backfill][DOC CACHE HIT] 3660 2026-08-18 5,402文字 2026年６月期通期 決算説明会における質疑応答
[backfill][DOC CACHE HIT] 482A 2026-08-17 1,051文字 「2026年8月期業績予想の修正に関するお知らせ」の再掲載について
[backfill][DOC CACHE HIT] 4019 2026-08-17 26,197文字 2026年12月期 第2四半期決算説明会書き起こし
[backfill][SOURCE 1/3] 2026-08-17 2026年8月期業績予想の修正に関するお知らせ
[backfill][TRY 1/3] 2026-08-17 2026年8月期業績予想の修正に関するお知らせ https://webapi.yanoshin.jp/rd.php?https://www.release.tdnet.info/inbs/140120260817521628.pdf
[backfill][UNUSABLE] 2026-08-17 2026年8月期業績予想の修正に関するお知らせ ctype=application/pdf bytes=100,551
[backfill][TRY 2/3] 2026-08-17 2026年8月期業績予想の修正に関するお知らせ http://webapi.yanoshin.jp/rd.php?https://www.release.tdnet.info/inbs/140120260817521628.pdf
[backfill][UNUSABLE] 2026-08-17 2026年8月期業績予想の修正に関するお知らせ ctype=application/pdf bytes=100,551
[backfill][TRY 3/3] 2026-08-17 2026年8月期業績予想の修正に関するお知らせ https://www.release.tdnet.info/inbs/140120260817521628.pdf
[backfill][UNUSABLE] 2026-08-17 2026年8月期業績予想の修正に関するお知らせ ctype=application/pdf bytes=100,551
[backfill][JPX FAST 2/3] 2026-08-17 2026年8月期業績予想の修正に関するお知らせ https://www2.jpx.co.jp/disc/482A0/140120260817521628.pdf
[backfill][TRY 1/1] 2026-08-17 2026年8月期業績予想の修正に関するお知らせ https://www2.jpx.co.jp/disc/482A0/140120260817521628.pdf
[backfill][HTTP 404] 2026-08-17 2026年8月期業績予想の修正に関するお知らせ
[backfill][SOURCE 3/3] 2026-08-17 2026年8月期業績予想の修正に関するお知らせ
[backfill][SKIP FAILCACHE] 2026-08-17 2026年8月期業績予想の修正に関するお知らせ https://www.release.tdnet.info/inbs/140120260817521628.pdf
[backfill][TRY 2/2] 2026-08-17 2026年8月期業績予想の修正に関するお知らせ http://www.release.tdnet.info/inbs/140120260817521628.pdf
[backfill][TIMEOUT 5s] 2026-08-17 2026年8月期業績予想の修正に関するお知らせ
[backfill][DOC EMPTY] 482A 2026-08-17 17:00:00 2026年8月期業績予想の修正に関するお知らせ raw=https://webapi.yanoshin.jp/rd.php?https://www.release.tdnet.info/inbs/140120260817521
[backfill][DOC CACHE HIT] 5534 2026-08-17 1,123文字 通期連結業績予想の修正に関するお知らせ
[backfill][DOC CACHE HIT] 6036 2026-08-17 28,949文字 （訂正）「2026年6月期第2四半期 決算説明会資料」の一部訂正について
[backfill][DOC CACHE HIT] 7044 2026-08-17 696文字 （訂正）「2026年12月期第２四半期（中間期）決算補足資料」の一部訂正について
[backfill][DOC CACHE HIT] 9439 2026-08-17 1,576文字 通期連結業績予想値と実績値との差異に関するお知らせ
[backfill][DOC CACHE HIT] 9439 2026-08-17 25,306文字 2026年6月期　決算短信〔日本基準〕（連結）
[backfill][DOC CACHE HIT] 9439 2026-08-17 1,166文字 剰余金の配当（無配）に関するお知らせ
[backfill][DOC CACHE HIT] 5251 2026-08-17 2,468文字 （再登録）「中間決算説明資料の開示に関するお知らせ」の再登録について
[backfill][DOC CACHE HIT] 6195 2026-08-17 31,592文字 （訂正・数値データ訂正）「2026年３月期　決算短信〔日本基準〕（連結）」の一部
[backfill][DOC CACHE HIT] 7042 2026-08-17 4,066文字 2027年３月期第１四半期決算説明資料
[backfill][DOC CACHE HIT] 8964 2026-08-17 37,819文字 2026年6月期　決算短信（ＲＥＩＴ）
[backfill][DOC CACHE HIT] 7177 2026-08-17 3,192文字 2026年７月の月次業績（速報）に関するお知らせ
[backfill][DOC CACHE HIT] 3168 2026-08-17 1,149文字 特別配当および期末配当予想の修正に関するお知らせ
[backfill][DOC CACHE HIT] 367A 2026-08-17 500文字 連結子会社からの剰余金の配当受領に関するお知らせ
[backfill][DOC CACHE HIT] 4484 2026-08-17 6,345文字 2027年３月期 第１四半期決算説明会レポート（書き起こし）
[backfill][DOC CACHE HIT] 4651 2026-08-17 9,960文字 2027年３月期　第１四半期決算短信〔日本基準〕（連結）
[backfill][DOC CACHE HIT] 4651 2026-08-17 21,202文字 2027年３月期　第１四半期決算説明資料
[backfill][DOC CACHE HIT] 5242 2026-08-17 1,063文字 2026年12月期第２四半期決算説明会 質疑応答（要旨）
[backfill][DOC CACHE HIT] 7069 2026-08-17 675文字 （訂正）「2026年9月期 第3四半期決算説明資料」の一部訂正について
[backfill][DOC CACHE HIT] 8951 2026-08-17 39,641文字 2026年６月期　決算短信（ＲＥＩＴ）
[backfill][DOC CACHE HIT] 8951 2026-08-17 9,069文字 2026年６月期_決算概要
[backfill][DOC CACHE HIT] 8955 2026-08-17 42,496文字 2026年6月期　決算短信（ＲＥＩＴ）
[backfill][DOC CACHE HIT] 8955 2026-08-17 48,751文字 2026年6月期（第49期）決算説明資料
[backfill][DOC CACHE HIT] 9284 2026-08-17 50,474文字 2026年６月期 決算短信（インフラファンド）
[backfill][DOC CACHE HIT] 2461 2026-08-17 3,208文字 2026年12月期7月度 月次業績速報のお知らせ
[backfill][DOC CACHE HIT] 264A 2026-08-17 891文字 （訂正）「2026年９月期第３四半期決算説明資料」の一部訂正について
[backfill][DOC CACHE HIT] 5632 2026-08-17 559文字 連結子会社からの配当金受領に関するお知らせ
[backfill][DOC CACHE HIT] 2927 2026-08-17 733文字 2026年8月期 期末配当予想の増配に関するお知らせ
[backfill][DOC CACHE HIT] 6061 2026-08-17 1,101文字 （訂正・数値データ訂正）「令和８年６月期　決算短信〔日本基準〕(連結)」の一部訂
[backfill][DOC CACHE HIT] 2991 2026-08-17 1,105文字 2026年７月度　月次業績速報
[backfill][DOC CACHE HIT] 4574 2026-08-17 11,096文字 2026年12月期(FY2026)第２四半期(中間期)連結決算報告
[backfill][DOC CACHE HIT] 4018 2026-08-17 510文字 （訂正）「2026年6月期　決算短信〔日本基準〕（非連結）」の一部訂正に関するお
[backfill][DOC CACHE HIT] 8705 2026-08-17 2,394文字 2026年７月の月次業績等（速報）に関するお知らせ
[backfill][DOC CACHE HIT] 8798 2026-08-17 18,713文字 （訂正・数値データ訂正）「2025年9月期 第1四半期決算短信〔日本基準〕（連結
[backfill][DOC CACHE HIT] 9162 2026-08-17 606文字 （訂正）「2026年６月期 通期連結決算説明資料」の一部訂正について
[backfill][DOC CACHE HIT] 3445 2026-08-17 15,223文字 2026年12月期第２四半期 決算説明会 書き起こし公開のお知らせ
[backfill][DOC CACHE HIT] 319A 2026-08-17 4,923文字 Q&A 2026年12月期第2四半期決算説明
[backfill][XBRL TRY] 9284 https://www.release.tdnet.info/inbs/081220260817521739.zip
[backfill][XBRL TRY] 9284 https://www.release.tdnet.info/inbs/091220260817521739.zip
[backfill][XBRL TRY] 9284 https://www2.jpx.co.jp/disc/92840/081220260817521739.zip
[backfill][XBRL TRY] 9284 https://www2.jpx.co.jp/disc/92840/091220260817521739.zip
[backfill][XBRL TRY] 482A https://www.release.tdnet.info/inbs/081220260817521628.zip
[backfill][XBRL TRY] 482A https://www.release.tdnet.info/inbs/091220260817521628.zip
[backfill][XBRL TRY] 482A https://www2.jpx.co.jp/disc/482A0/081220260817521628.zip
[backfill][XBRL TRY] 482A https://www2.jpx.co.jp/disc/482A0/091220260817521628.zip
[backfill][XBRL TRY] 5534 https://www.release.tdnet.info/inbs/081220260817521941.zip
[backfill][XBRL TRY] 5534 https://www.release.tdnet.info/inbs/091220260817521941.zip
[backfill][XBRL TRY] 5534 https://www2.jpx.co.jp/disc/55340/081220260817521941.zip
[backfill][XBRL TRY] 5534 https://www2.jpx.co.jp/disc/55340/091220260817521941.zip
[backfill][XBRL TRY] 482A https://www.release.tdnet.info/inbs/081220260817522088.zip
[backfill][XBRL TRY] 482A https://www.release.tdnet.info/inbs/091220260817522088.zip
[backfill][XBRL TRY] 482A https://www2.jpx.co.jp/disc/482A0/081220260817522088.zip
[backfill][XBRL TRY] 482A https://www2.jpx.co.jp/disc/482A0/091220260817522088.zip
[backfill][XBRL TRY] 2083 https://www.release.tdnet.info/inbs/081220260818522160.zip
[backfill][XBRL TRY] 2083 https://www.release.tdnet.info/inbs/091220260818522160.zip
[backfill][XBRL TRY] 2083 https://www2.jpx.co.jp/disc/20830/081220260818522160.zip
[backfill][XBRL TRY] 2083 https://www2.jpx.co.jp/disc/20830/091220260818522160.zip
[backfill][XBRL TRY] 2084 https://www.release.tdnet.info/inbs/081220260818522182.zip
[backfill][XBRL TRY] 2084 https://www.release.tdnet.info/inbs/091220260818522182.zip
[backfill][XBRL TRY] 2084 https://www2.jpx.co.jp/disc/20840/081220260818522182.zip
[backfill][XBRL TRY] 2084 https://www2.jpx.co.jp/disc/20840/091220260818522182.zip
[forecast_history] 対象=16 initial=8 revision=2 achievement=0 unresolved=6
[OK] 決算:46件, 増資:18件, TOB:4件, 本文:77件, 予想初期:8件, 予想修正:2件, 達成履歴更新:0件 をDBに保存しました。
=== fetch_all: 完全成功 ===
===== 2026-08-18T17:41:14 END status=success rc=0 =====


===== 2026-08-18T17:50:00 START C:\Users\sasit\AppData\Local\Programs\Python\Python310\pythonw.exe D:\kabu\main\1-スクリーニング自動化プログラム\main\fetch_all.py =====
=== fetch_all: TDnetデータ収集開始 ===
[backfill][DOC CACHE HIT] 2796 2026-08-18 598文字 連結子会社からの配当金受領に関するお知らせ
[backfill][DOC CACHE HIT] 4415 2026-08-18 19,730文字 2026年12月期 第２四半期決算説明書き起こし
[backfill][DOC CACHE HIT] 471A 2026-08-18 485文字 （訂正）「2026年12月期第１四半期決算短信〔IFRS〕（連結）」の一部訂正に
[backfill][DOC CACHE HIT] 471A 2026-08-18 500文字 （訂正）「2026年12月期第２四半期（中間期）決算短信〔IFRS〕（連結）」の
[backfill][DOC CACHE HIT] 7707 2026-08-18 1,064文字 (訂正)「2026年６月期 決算短信〔日本基準〕（連結）」の一部訂正に関するお知
[backfill][DOC CACHE HIT] 7814 2026-08-18 17,220文字 2026年12月期　第２四半期（中間期）決算説明会資料
[backfill][DOC CACHE HIT] 3174 2026-08-18 1,914文字 2026年８月期通期連結・個別業績予想の修正に関するお知らせ
[backfill][DOC CACHE HIT] 6327 2026-08-18 11,715文字 2026年６月期 決算短信〔日本基準〕（連結）
[backfill][DOC CACHE HIT] 6327 2026-08-18 1,023文字 剰余金の配当に関するお知らせ
[backfill][DOC CACHE HIT] 1999 2026-08-18 21,424文字 2026年6月期　決算短信〔日本基準〕（連結）
[backfill][DOC CACHE HIT] 1999 2026-08-18 765文字 通期連結業績予想値と実績値との差異に関するお知らせ
[backfill][DOC CACHE HIT] 2160 2026-08-18 36,315文字 2026年12月期 第2四半期決算説明資料
[backfill][DOC CACHE HIT] 2735 2026-08-18 1,833文字 業績予想及び配当予想の修正に関するお知らせ
[backfill][DOC CACHE HIT] 3487 2026-08-18 46,065文字 2026年６月期 決算短信（REIT）
[backfill][DOC CACHE HIT] 3487 2026-08-18 54,901文字 2026年６月期 決算説明会資料
[backfill][DOC CACHE HIT] 4264 2026-08-18 7,102文字 業績目標コミットメント型ストック・オプション（有償ストック・オプション）の発行に
[backfill][DOC CACHE HIT] 4776 2026-08-18 501文字 （訂正）「2026年12月期 第２四半期決算補足資料」の一部訂正について
[backfill][DOC CACHE HIT] 598A 2026-08-18 35,052文字 「2026年6月期決算説明資料」に関する動画書き起こし
[backfill][DOC CACHE HIT] 6046 2026-08-18 1,294文字 2026年９月 期第３四半期 決算に関する質疑応答集
[backfill][DOC CACHE HIT] 6094 2026-08-18 2,329文字 2026年9月期 第3第四半期決算 質疑応答集
[backfill][DOC CACHE HIT] 7383 2026-08-18 2,633文字 [Q&A書き起こし]2027年３月期 第１四半期決算説明会
[backfill][DOC CACHE HIT] 7532 2026-08-18 39,379文字 2026年6月期決算短信〔日本基準〕（連結）
[backfill][DOC CACHE HIT] 7532 2026-08-18 1,771文字 2026年６月期剰余金の配当（増配）及び2027年６月期配当予想に関するお知らせ
[backfill][DOC CACHE HIT] 8798 2026-08-18 1,374文字 （訂正）「過年度の有価証券報告書等の訂正報告書の提出及び過年度の決算短信等の訂正
[backfill][DOC CACHE HIT] 8798 2026-08-18 742文字 （訂正）「2026年9月期第2四半期（2025年10月～2026年3月） 業績説
[backfill][DOC CACHE HIT] 9610 2026-08-18 11,407文字 2027年３月期第１四半期決算補足説明資料（動画）
[backfill][DOC CACHE HIT] 9887 2026-08-18 601文字 （訂正）「令和9年3月期第1四半期決算短信〔日本基準〕（連結）」の一部訂正に関す
[backfill][DOC CACHE HIT] 4826 2026-08-18 1,043文字 剰余金の配当に関するお知らせ
[backfill][DOC CACHE HIT] 6340 2026-08-18 25,533文字 2026年6月期　決算説明資料
[backfill][DOC CACHE HIT] 2083 2026-08-18 16,082文字 NEXT FUNDS 日本成長株アクティブ上場投信 決算短信
[backfill][DOC CACHE HIT] 2084 2026-08-18 19,835文字 NEXT FUNDS 日本高配当株アクティブ上場投信 決算短信
[backfill][DOC CACHE HIT] 6850 2026-08-18 8,579文字 2027年3月期 第1四半期 決算補足説明資料
[backfill][DOC CACHE HIT] 8084 2026-08-18 5,303文字 2027年３月期第1四半期　決算補足資料
[backfill][DOC CACHE HIT] 2681 2026-08-18 32,813文字 (訂正）「2027年３月期  第１四半期決算説明資料」の一部訂正について
[backfill][DOC CACHE HIT] 9941 2026-08-18 4,037文字 2026年９月期 ７月度　月次業績（売上高）速報
[backfill][DOC CACHE HIT] 4320 2026-08-18 3,984文字 （訂正）「2026年９月期第３四半期決算短信〔日本基準〕（連結）」の一部訂正につ
[backfill][DOC CACHE HIT] 8304 2026-08-18 1,262文字 2027年3月期 第1四半期 自己資本比率について
[backfill][DOC CACHE HIT] 8951 2026-08-18 31,497文字 2026年６月期（第50期）決算説明会資料
[backfill][DOC CACHE HIT] 3660 2026-08-18 5,402文字 2026年６月期通期 決算説明会における質疑応答
[backfill][DOC CACHE HIT] 482A 2026-08-17 1,051文字 「2026年8月期業績予想の修正に関するお知らせ」の再掲載について
[backfill][DOC CACHE HIT] 4019 2026-08-17 26,197文字 2026年12月期 第2四半期決算説明会書き起こし
[backfill][SOURCE 1/3] 2026-08-17 2026年8月期業績予想の修正に関するお知らせ
[backfill][TRY 1/3] 2026-08-17 2026年8月期業績予想の修正に関するお知らせ https://webapi.yanoshin.jp/rd.php?https://www.release.tdnet.info/inbs/140120260817521628.pdf
[backfill][UNUSABLE] 2026-08-17 2026年8月期業績予想の修正に関するお知らせ ctype=application/pdf bytes=100,551
[backfill][TRY 2/3] 2026-08-17 2026年8月期業績予想の修正に関するお知らせ http://webapi.yanoshin.jp/rd.php?https://www.release.tdnet.info/inbs/140120260817521628.pdf
[backfill][UNUSABLE] 2026-08-17 2026年8月期業績予想の修正に関するお知らせ ctype=application/pdf bytes=100,551
[backfill][TRY 3/3] 2026-08-17 2026年8月期業績予想の修正に関するお知らせ https://www.release.tdnet.info/inbs/140120260817521628.pdf
[backfill][UNUSABLE] 2026-08-17 2026年8月期業績予想の修正に関するお知らせ ctype=application/pdf bytes=100,551
[backfill][JPX FAST 2/3] 2026-08-17 2026年8月期業績予想の修正に関するお知らせ https://www2.jpx.co.jp/disc/482A0/140120260817521628.pdf
[backfill][TRY 1/1] 2026-08-17 2026年8月期業績予想の修正に関するお知らせ https://www2.jpx.co.jp/disc/482A0/140120260817521628.pdf
[backfill][HTTP 404] 2026-08-17 2026年8月期業績予想の修正に関するお知らせ
[backfill][SOURCE 3/3] 2026-08-17 2026年8月期業績予想の修正に関するお知らせ
[backfill][SKIP FAILCACHE] 2026-08-17 2026年8月期業績予想の修正に関するお知らせ https://www.release.tdnet.info/inbs/140120260817521628.pdf
[backfill][TRY 2/2] 2026-08-17 2026年8月期業績予想の修正に関するお知らせ http://www.release.tdnet.info/inbs/140120260817521628.pdf
[backfill][TIMEOUT 5s] 2026-08-17 2026年8月期業績予想の修正に関するお知らせ
[backfill][DOC EMPTY] 482A 2026-08-17 17:00:00 2026年8月期業績予想の修正に関するお知らせ raw=https://webapi.yanoshin.jp/rd.php?https://www.release.tdnet.info/inbs/140120260817521
[backfill][DOC CACHE HIT] 5534 2026-08-17 1,123文字 通期連結業績予想の修正に関するお知らせ
[backfill][DOC CACHE HIT] 6036 2026-08-17 28,949文字 （訂正）「2026年6月期第2四半期 決算説明会資料」の一部訂正について
[backfill][DOC CACHE HIT] 7044 2026-08-17 696文字 （訂正）「2026年12月期第２四半期（中間期）決算補足資料」の一部訂正について
[backfill][DOC CACHE HIT] 9439 2026-08-17 1,576文字 通期連結業績予想値と実績値との差異に関するお知らせ
[backfill][DOC CACHE HIT] 9439 2026-08-17 25,306文字 2026年6月期　決算短信〔日本基準〕（連結）
[backfill][DOC CACHE HIT] 9439 2026-08-17 1,166文字 剰余金の配当（無配）に関するお知らせ
[backfill][DOC CACHE HIT] 5251 2026-08-17 2,468文字 （再登録）「中間決算説明資料の開示に関するお知らせ」の再登録について
[backfill][DOC CACHE HIT] 6195 2026-08-17 31,592文字 （訂正・数値データ訂正）「2026年３月期　決算短信〔日本基準〕（連結）」の一部
[backfill][DOC CACHE HIT] 7042 2026-08-17 4,066文字 2027年３月期第１四半期決算説明資料
[backfill][DOC CACHE HIT] 8964 2026-08-17 37,819文字 2026年6月期　決算短信（ＲＥＩＴ）
[backfill][DOC CACHE HIT] 7177 2026-08-17 3,192文字 2026年７月の月次業績（速報）に関するお知らせ
[backfill][DOC CACHE HIT] 3168 2026-08-17 1,149文字 特別配当および期末配当予想の修正に関するお知らせ
[backfill][DOC CACHE HIT] 367A 2026-08-17 500文字 連結子会社からの剰余金の配当受領に関するお知らせ
[backfill][DOC CACHE HIT] 4484 2026-08-17 6,345文字 2027年３月期 第１四半期決算説明会レポート（書き起こし）
[backfill][DOC CACHE HIT] 4651 2026-08-17 9,960文字 2027年３月期　第１四半期決算短信〔日本基準〕（連結）
[backfill][DOC CACHE HIT] 4651 2026-08-17 21,202文字 2027年３月期　第１四半期決算説明資料
[backfill][DOC CACHE HIT] 5242 2026-08-17 1,063文字 2026年12月期第２四半期決算説明会 質疑応答（要旨）
[backfill][DOC CACHE HIT] 7069 2026-08-17 675文字 （訂正）「2026年9月期 第3四半期決算説明資料」の一部訂正について
[backfill][DOC CACHE HIT] 8951 2026-08-17 39,641文字 2026年６月期　決算短信（ＲＥＩＴ）
[backfill][DOC CACHE HIT] 8951 2026-08-17 9,069文字 2026年６月期_決算概要
[backfill][DOC CACHE HIT] 8955 2026-08-17 42,496文字 2026年6月期　決算短信（ＲＥＩＴ）
[backfill][DOC CACHE HIT] 8955 2026-08-17 48,751文字 2026年6月期（第49期）決算説明資料
[backfill][DOC CACHE HIT] 9284 2026-08-17 50,474文字 2026年６月期 決算短信（インフラファンド）
[backfill][DOC CACHE HIT] 2461 2026-08-17 3,208文字 2026年12月期7月度 月次業績速報のお知らせ
[backfill][DOC CACHE HIT] 264A 2026-08-17 891文字 （訂正）「2026年９月期第３四半期決算説明資料」の一部訂正について
[backfill][DOC CACHE HIT] 5632 2026-08-17 559文字 連結子会社からの配当金受領に関するお知らせ
[backfill][DOC CACHE HIT] 2927 2026-08-17 733文字 2026年8月期 期末配当予想の増配に関するお知らせ
[backfill][DOC CACHE HIT] 6061 2026-08-17 1,101文字 （訂正・数値データ訂正）「令和８年６月期　決算短信〔日本基準〕(連結)」の一部訂
[backfill][DOC CACHE HIT] 2991 2026-08-17 1,105文字 2026年７月度　月次業績速報
[backfill][DOC CACHE HIT] 4574 2026-08-17 11,096文字 2026年12月期(FY2026)第２四半期(中間期)連結決算報告
[backfill][DOC CACHE HIT] 4018 2026-08-17 510文字 （訂正）「2026年6月期　決算短信〔日本基準〕（非連結）」の一部訂正に関するお
[backfill][DOC CACHE HIT] 8705 2026-08-17 2,394文字 2026年７月の月次業績等（速報）に関するお知らせ
[backfill][DOC CACHE HIT] 8798 2026-08-17 18,713文字 （訂正・数値データ訂正）「2025年9月期 第1四半期決算短信〔日本基準〕（連結
[backfill][DOC CACHE HIT] 9162 2026-08-17 606文字 （訂正）「2026年６月期 通期連結決算説明資料」の一部訂正について
[backfill][DOC CACHE HIT] 3445 2026-08-17 15,223文字 2026年12月期第２四半期 決算説明会 書き起こし公開のお知らせ
[backfill][DOC CACHE HIT] 319A 2026-08-17 4,923文字 Q&A 2026年12月期第2四半期決算説明
[backfill][XBRL TRY] 9284 https://www.release.tdnet.info/inbs/081220260817521739.zip
[backfill][XBRL TRY] 9284 https://www.release.tdnet.info/inbs/091220260817521739.zip
[backfill][XBRL TRY] 9284 https://www2.jpx.co.jp/disc/92840/081220260817521739.zip
[backfill][XBRL TRY] 9284 https://www2.jpx.co.jp/disc/92840/091220260817521739.zip
[backfill][XBRL TRY] 482A https://www.release.tdnet.info/inbs/081220260817521628.zip
[backfill][XBRL TRY] 482A https://www.release.tdnet.info/inbs/091220260817521628.zip
[backfill][XBRL TRY] 482A https://www2.jpx.co.jp/disc/482A0/081220260817521628.zip
[backfill][XBRL TRY] 482A https://www2.jpx.co.jp/disc/482A0/091220260817521628.zip
[backfill][XBRL TRY] 5534 https://www.release.tdnet.info/inbs/081220260817521941.zip
[backfill][XBRL TRY] 5534 https://www.release.tdnet.info/inbs/091220260817521941.zip
[backfill][XBRL TRY] 5534 https://www2.jpx.co.jp/disc/55340/081220260817521941.zip
[backfill][XBRL TRY] 5534 https://www2.jpx.co.jp/disc/55340/091220260817521941.zip
[backfill][XBRL TRY] 482A https://www.release.tdnet.info/inbs/081220260817522088.zip
[backfill][XBRL TRY] 482A https://www.release.tdnet.info/inbs/091220260817522088.zip
[backfill][XBRL TRY] 482A https://www2.jpx.co.jp/disc/482A0/081220260817522088.zip
[backfill][XBRL TRY] 482A https://www2.jpx.co.jp/disc/482A0/091220260817522088.zip
[backfill][XBRL TRY] 2083 https://www.release.tdnet.info/inbs/081220260818522160.zip
[backfill][XBRL TRY] 2083 https://www.release.tdnet.info/inbs/091220260818522160.zip
[backfill][XBRL TRY] 2083 https://www2.jpx.co.jp/disc/20830/081220260818522160.zip
[backfill][XBRL TRY] 2083 https://www2.jpx.co.jp/disc/20830/091220260818522160.zip
[backfill][XBRL TRY] 2084 https://www.release.tdnet.info/inbs/081220260818522182.zip
[backfill][XBRL TRY] 2084 https://www.release.tdnet.info/inbs/091220260818522182.zip
[backfill][XBRL TRY] 2084 https://www2.jpx.co.jp/disc/20840/081220260818522182.zip
[backfill][XBRL TRY] 2084 https://www2.jpx.co.jp/disc/20840/091220260818522182.zip
[forecast_history] 対象=16 initial=8 revision=2 achievement=0 unresolved=6
[OK] 決算:46件, 増資:18件, TOB:4件, 本文:77件, 予想初期:8件, 予想修正:2件, 達成履歴更新:0件 をDBに保存しました。
=== fetch_all: 完全成功 ===
===== 2026-08-18T17:51:12 END status=success rc=0 =====


===== 2026-08-18T18:02:11 START C:\Users\sasit\AppData\Local\Programs\Python\Python310\pythonw.exe D:\kabu\main\1-スクリーニング自動化プログラム\main\fetch_all.py =====
=== fetch_all: TDnetデータ収集開始 ===
[backfill][DOC CACHE HIT] 2796 2026-08-18 598文字 連結子会社からの配当金受領に関するお知らせ
[backfill][DOC CACHE HIT] 4415 2026-08-18 19,730文字 2026年12月期 第２四半期決算説明書き起こし
[backfill][DOC CACHE HIT] 471A 2026-08-18 485文字 （訂正）「2026年12月期第１四半期決算短信〔IFRS〕（連結）」の一部訂正に
[backfill][DOC CACHE HIT] 471A 2026-08-18 500文字 （訂正）「2026年12月期第２四半期（中間期）決算短信〔IFRS〕（連結）」の
[backfill][DOC CACHE HIT] 7707 2026-08-18 1,064文字 (訂正)「2026年６月期 決算短信〔日本基準〕（連結）」の一部訂正に関するお知
[backfill][DOC CACHE HIT] 7814 2026-08-18 17,220文字 2026年12月期　第２四半期（中間期）決算説明会資料
[backfill][DOC CACHE HIT] 3174 2026-08-18 1,914文字 2026年８月期通期連結・個別業績予想の修正に関するお知らせ
[backfill][DOC CACHE HIT] 6327 2026-08-18 11,715文字 2026年６月期 決算短信〔日本基準〕（連結）
[backfill][DOC CACHE HIT] 6327 2026-08-18 1,023文字 剰余金の配当に関するお知らせ
[backfill][DOC CACHE HIT] 1999 2026-08-18 21,424文字 2026年6月期　決算短信〔日本基準〕（連結）
[backfill][DOC CACHE HIT] 1999 2026-08-18 765文字 通期連結業績予想値と実績値との差異に関するお知らせ
[backfill][DOC CACHE HIT] 2160 2026-08-18 36,315文字 2026年12月期 第2四半期決算説明資料
[backfill][DOC CACHE HIT] 2735 2026-08-18 1,833文字 業績予想及び配当予想の修正に関するお知らせ
[backfill][DOC CACHE HIT] 3487 2026-08-18 46,065文字 2026年６月期 決算短信（REIT）
[backfill][DOC CACHE HIT] 3487 2026-08-18 54,901文字 2026年６月期 決算説明会資料
[backfill][DOC CACHE HIT] 4264 2026-08-18 7,102文字 業績目標コミットメント型ストック・オプション（有償ストック・オプション）の発行に
[backfill][DOC CACHE HIT] 4776 2026-08-18 501文字 （訂正）「2026年12月期 第２四半期決算補足資料」の一部訂正について
[backfill][DOC CACHE HIT] 598A 2026-08-18 35,052文字 「2026年6月期決算説明資料」に関する動画書き起こし
[backfill][DOC CACHE HIT] 6046 2026-08-18 1,294文字 2026年９月 期第３四半期 決算に関する質疑応答集
[backfill][DOC CACHE HIT] 6094 2026-08-18 2,329文字 2026年9月期 第3第四半期決算 質疑応答集
[backfill][DOC CACHE HIT] 7383 2026-08-18 2,633文字 [Q&A書き起こし]2027年３月期 第１四半期決算説明会
[backfill][DOC CACHE HIT] 7532 2026-08-18 39,379文字 2026年6月期決算短信〔日本基準〕（連結）
[backfill][DOC CACHE HIT] 7532 2026-08-18 1,771文字 2026年６月期剰余金の配当（増配）及び2027年６月期配当予想に関するお知らせ
[backfill][DOC CACHE HIT] 8798 2026-08-18 1,374文字 （訂正）「過年度の有価証券報告書等の訂正報告書の提出及び過年度の決算短信等の訂正
[backfill][DOC CACHE HIT] 8798 2026-08-18 742文字 （訂正）「2026年9月期第2四半期（2025年10月～2026年3月） 業績説
[backfill][DOC CACHE HIT] 9610 2026-08-18 11,407文字 2027年３月期第１四半期決算補足説明資料（動画）
[backfill][DOC CACHE HIT] 9887 2026-08-18 601文字 （訂正）「令和9年3月期第1四半期決算短信〔日本基準〕（連結）」の一部訂正に関す
[backfill][DOC CACHE HIT] 4826 2026-08-18 1,043文字 剰余金の配当に関するお知らせ
[backfill][DOC CACHE HIT] 6340 2026-08-18 25,533文字 2026年6月期　決算説明資料
[backfill][DOC CACHE HIT] 2083 2026-08-18 16,082文字 NEXT FUNDS 日本成長株アクティブ上場投信 決算短信
[backfill][DOC CACHE HIT] 2084 2026-08-18 19,835文字 NEXT FUNDS 日本高配当株アクティブ上場投信 決算短信
[backfill][DOC CACHE HIT] 6850 2026-08-18 8,579文字 2027年3月期 第1四半期 決算補足説明資料
[backfill][DOC CACHE HIT] 8084 2026-08-18 5,303文字 2027年３月期第1四半期　決算補足資料
[backfill][DOC CACHE HIT] 2681 2026-08-18 32,813文字 (訂正）「2027年３月期  第１四半期決算説明資料」の一部訂正について
[backfill][DOC CACHE HIT] 9941 2026-08-18 4,037文字 2026年９月期 ７月度　月次業績（売上高）速報
[backfill][DOC CACHE HIT] 4320 2026-08-18 3,984文字 （訂正）「2026年９月期第３四半期決算短信〔日本基準〕（連結）」の一部訂正につ
[backfill][DOC CACHE HIT] 8304 2026-08-18 1,262文字 2027年3月期 第1四半期 自己資本比率について
[backfill][DOC CACHE HIT] 8951 2026-08-18 31,497文字 2026年６月期（第50期）決算説明会資料
[backfill][DOC CACHE HIT] 3660 2026-08-18 5,402文字 2026年６月期通期 決算説明会における質疑応答
[backfill][DOC CACHE HIT] 482A 2026-08-17 1,051文字 「2026年8月期業績予想の修正に関するお知らせ」の再掲載について
[backfill][DOC CACHE HIT] 4019 2026-08-17 26,197文字 2026年12月期 第2四半期決算説明会書き起こし
[backfill][SOURCE 1/3] 2026-08-17 2026年8月期業績予想の修正に関するお知らせ
[backfill][TRY 1/3] 2026-08-17 2026年8月期業績予想の修正に関するお知らせ https://webapi.yanoshin.jp/rd.php?https://www.release.tdnet.info/inbs/140120260817521628.pdf
[backfill][UNUSABLE] 2026-08-17 2026年8月期業績予想の修正に関するお知らせ ctype=application/pdf bytes=100,551
[backfill][TRY 2/3] 2026-08-17 2026年8月期業績予想の修正に関するお知らせ http://webapi.yanoshin.jp/rd.php?https://www.release.tdnet.info/inbs/140120260817521628.pdf
[backfill][UNUSABLE] 2026-08-17 2026年8月期業績予想の修正に関するお知らせ ctype=application/pdf bytes=100,551
[backfill][TRY 3/3] 2026-08-17 2026年8月期業績予想の修正に関するお知らせ https://www.release.tdnet.info/inbs/140120260817521628.pdf
[backfill][UNUSABLE] 2026-08-17 2026年8月期業績予想の修正に関するお知らせ ctype=application/pdf bytes=100,551
[backfill][JPX FAST 2/3] 2026-08-17 2026年8月期業績予想の修正に関するお知らせ https://www2.jpx.co.jp/disc/482A0/140120260817521628.pdf
[backfill][TRY 1/1] 2026-08-17 2026年8月期業績予想の修正に関するお知らせ https://www2.jpx.co.jp/disc/482A0/140120260817521628.pdf
[backfill][HTTP 404] 2026-08-17 2026年8月期業績予想の修正に関するお知らせ
[backfill][SOURCE 3/3] 2026-08-17 2026年8月期業績予想の修正に関するお知らせ
[backfill][SKIP FAILCACHE] 2026-08-17 2026年8月期業績予想の修正に関するお知らせ https://www.release.tdnet.info/inbs/140120260817521628.pdf
[backfill][TRY 2/2] 2026-08-17 2026年8月期業績予想の修正に関するお知らせ http://www.release.tdnet.info/inbs/140120260817521628.pdf
[backfill][TIMEOUT 5s] 2026-08-17 2026年8月期業績予想の修正に関するお知らせ
[backfill][DOC EMPTY] 482A 2026-08-17 17:00:00 2026年8月期業績予想の修正に関するお知らせ raw=https://webapi.yanoshin.jp/rd.php?https://www.release.tdnet.info/inbs/140120260817521
[backfill][DOC CACHE HIT] 5534 2026-08-17 1,123文字 通期連結業績予想の修正に関するお知らせ
[backfill][DOC CACHE HIT] 6036 2026-08-17 28,949文字 （訂正）「2026年6月期第2四半期 決算説明会資料」の一部訂正について
[backfill][DOC CACHE HIT] 7044 2026-08-17 696文字 （訂正）「2026年12月期第２四半期（中間期）決算補足資料」の一部訂正について
[backfill][DOC CACHE HIT] 9439 2026-08-17 1,576文字 通期連結業績予想値と実績値との差異に関するお知らせ
[backfill][DOC CACHE HIT] 9439 2026-08-17 25,306文字 2026年6月期　決算短信〔日本基準〕（連結）
[backfill][DOC CACHE HIT] 9439 2026-08-17 1,166文字 剰余金の配当（無配）に関するお知らせ
[backfill][DOC CACHE HIT] 5251 2026-08-17 2,468文字 （再登録）「中間決算説明資料の開示に関するお知らせ」の再登録について
[backfill][DOC CACHE HIT] 6195 2026-08-17 31,592文字 （訂正・数値データ訂正）「2026年３月期　決算短信〔日本基準〕（連結）」の一部
[backfill][DOC CACHE HIT] 7042 2026-08-17 4,066文字 2027年３月期第１四半期決算説明資料
[backfill][DOC CACHE HIT] 8964 2026-08-17 37,819文字 2026年6月期　決算短信（ＲＥＩＴ）
[backfill][DOC CACHE HIT] 7177 2026-08-17 3,192文字 2026年７月の月次業績（速報）に関するお知らせ
[backfill][DOC CACHE HIT] 3168 2026-08-17 1,149文字 特別配当および期末配当予想の修正に関するお知らせ
[backfill][DOC CACHE HIT] 367A 2026-08-17 500文字 連結子会社からの剰余金の配当受領に関するお知らせ
[backfill][DOC CACHE HIT] 4484 2026-08-17 6,345文字 2027年３月期 第１四半期決算説明会レポート（書き起こし）
[backfill][DOC CACHE HIT] 4651 2026-08-17 9,960文字 2027年３月期　第１四半期決算短信〔日本基準〕（連結）
[backfill][DOC CACHE HIT] 4651 2026-08-17 21,202文字 2027年３月期　第１四半期決算説明資料
[backfill][DOC CACHE HIT] 5242 2026-08-17 1,063文字 2026年12月期第２四半期決算説明会 質疑応答（要旨）
[backfill][DOC CACHE HIT] 7069 2026-08-17 675文字 （訂正）「2026年9月期 第3四半期決算説明資料」の一部訂正について
[backfill][DOC CACHE HIT] 8951 2026-08-17 39,641文字 2026年６月期　決算短信（ＲＥＩＴ）
[backfill][DOC CACHE HIT] 8951 2026-08-17 9,069文字 2026年６月期_決算概要
[backfill][DOC CACHE HIT] 8955 2026-08-17 42,496文字 2026年6月期　決算短信（ＲＥＩＴ）
[backfill][DOC CACHE HIT] 8955 2026-08-17 48,751文字 2026年6月期（第49期）決算説明資料
[backfill][DOC CACHE HIT] 9284 2026-08-17 50,474文字 2026年６月期 決算短信（インフラファンド）
[backfill][DOC CACHE HIT] 2461 2026-08-17 3,208文字 2026年12月期7月度 月次業績速報のお知らせ
[backfill][DOC CACHE HIT] 264A 2026-08-17 891文字 （訂正）「2026年９月期第３四半期決算説明資料」の一部訂正について
[backfill][DOC CACHE HIT] 5632 2026-08-17 559文字 連結子会社からの配当金受領に関するお知らせ
[backfill][DOC CACHE HIT] 2927 2026-08-17 733文字 2026年8月期 期末配当予想の増配に関するお知らせ
[backfill][DOC CACHE HIT] 6061 2026-08-17 1,101文字 （訂正・数値データ訂正）「令和８年６月期　決算短信〔日本基準〕(連結)」の一部訂
[backfill][DOC CACHE HIT] 2991 2026-08-17 1,105文字 2026年７月度　月次業績速報
[backfill][DOC CACHE HIT] 4574 2026-08-17 11,096文字 2026年12月期(FY2026)第２四半期(中間期)連結決算報告
[backfill][DOC CACHE HIT] 4018 2026-08-17 510文字 （訂正）「2026年6月期　決算短信〔日本基準〕（非連結）」の一部訂正に関するお
[backfill][DOC CACHE HIT] 8705 2026-08-17 2,394文字 2026年７月の月次業績等（速報）に関するお知らせ
[backfill][DOC CACHE HIT] 8798 2026-08-17 18,713文字 （訂正・数値データ訂正）「2025年9月期 第1四半期決算短信〔日本基準〕（連結
[backfill][DOC CACHE HIT] 9162 2026-08-17 606文字 （訂正）「2026年６月期 通期連結決算説明資料」の一部訂正について
[backfill][DOC CACHE HIT] 3445 2026-08-17 15,223文字 2026年12月期第２四半期 決算説明会 書き起こし公開のお知らせ
[backfill][DOC CACHE HIT] 319A 2026-08-17 4,923文字 Q&A 2026年12月期第2四半期決算説明
[backfill][XBRL TRY] 9284 https://www.release.tdnet.info/inbs/081220260817521739.zip
[backfill][XBRL TRY] 9284 https://www.release.tdnet.info/inbs/091220260817521739.zip
[backfill][XBRL TRY] 9284 https://www2.jpx.co.jp/disc/92840/081220260817521739.zip
[backfill][XBRL TRY] 9284 https://www2.jpx.co.jp/disc/92840/091220260817521739.zip
[backfill][XBRL TRY] 482A https://www.release.tdnet.info/inbs/081220260817521628.zip
[backfill][XBRL TRY] 482A https://www.release.tdnet.info/inbs/091220260817521628.zip
[backfill][XBRL TRY] 482A https://www2.jpx.co.jp/disc/482A0/081220260817521628.zip
[backfill][XBRL TRY] 482A https://www2.jpx.co.jp/disc/482A0/091220260817521628.zip
[backfill][XBRL TRY] 5534 https://www.release.tdnet.info/inbs/081220260817521941.zip
[backfill][XBRL TRY] 5534 https://www.release.tdnet.info/inbs/091220260817521941.zip
[backfill][XBRL TRY] 5534 https://www2.jpx.co.jp/disc/55340/081220260817521941.zip
[backfill][XBRL TRY] 5534 https://www2.jpx.co.jp/disc/55340/091220260817521941.zip
[backfill][XBRL TRY] 482A https://www.release.tdnet.info/inbs/081220260817522088.zip
[backfill][XBRL TRY] 482A https://www.release.tdnet.info/inbs/091220260817522088.zip
[backfill][XBRL TRY] 482A https://www2.jpx.co.jp/disc/482A0/081220260817522088.zip
[backfill][XBRL TRY] 482A https://www2.jpx.co.jp/disc/482A0/091220260817522088.zip
[backfill][XBRL TRY] 2083 https://www.release.tdnet.info/inbs/081220260818522160.zip
[backfill][XBRL TRY] 2083 https://www.release.tdnet.info/inbs/091220260818522160.zip
[backfill][XBRL TRY] 2083 https://www2.jpx.co.jp/disc/20830/081220260818522160.zip
[backfill][XBRL TRY] 2083 https://www2.jpx.co.jp/disc/20830/091220260818522160.zip
[backfill][XBRL TRY] 2084 https://www.release.tdnet.info/inbs/081220260818522182.zip
[backfill][XBRL TRY] 2084 https://www.release.tdnet.info/inbs/091220260818522182.zip
[backfill][XBRL TRY] 2084 https://www2.jpx.co.jp/disc/20840/081220260818522182.zip
[backfill][XBRL TRY] 2084 https://www2.jpx.co.jp/disc/20840/091220260818522182.zip
[forecast_history] 対象=16 initial=8 revision=2 achievement=0 unresolved=6
[OK] 決算:46件, 増資:18件, TOB:4件, 本文:77件, 予想初期:8件, 予想修正:2件, 達成履歴更新:0件 をDBに保存しました。
=== fetch_all: 完全成功 ===
===== 2026-08-18T18:03:30 END status=success rc=0 =====


===== 2026-08-18T18:10:00 START C:\Users\sasit\AppData\Local\Programs\Python\Python310\pythonw.exe D:\kabu\main\1-スクリーニング自動化プログラム\main\fetch_all.py =====
=== fetch_all: TDnetデータ収集開始 ===
[backfill][DOC CACHE HIT] 2796 2026-08-18 598文字 連結子会社からの配当金受領に関するお知らせ
[backfill][DOC CACHE HIT] 4415 2026-08-18 19,730文字 2026年12月期 第２四半期決算説明書き起こし
[backfill][DOC CACHE HIT] 471A 2026-08-18 485文字 （訂正）「2026年12月期第１四半期決算短信〔IFRS〕（連結）」の一部訂正に
[backfill][DOC CACHE HIT] 471A 2026-08-18 500文字 （訂正）「2026年12月期第２四半期（中間期）決算短信〔IFRS〕（連結）」の
[backfill][DOC CACHE HIT] 7707 2026-08-18 1,064文字 (訂正)「2026年６月期 決算短信〔日本基準〕（連結）」の一部訂正に関するお知
[backfill][DOC CACHE HIT] 7814 2026-08-18 17,220文字 2026年12月期　第２四半期（中間期）決算説明会資料
[backfill][DOC CACHE HIT] 3174 2026-08-18 1,914文字 2026年８月期通期連結・個別業績予想の修正に関するお知らせ
[backfill][DOC CACHE HIT] 6327 2026-08-18 11,715文字 2026年６月期 決算短信〔日本基準〕（連結）
[backfill][DOC CACHE HIT] 6327 2026-08-18 1,023文字 剰余金の配当に関するお知らせ
[backfill][DOC CACHE HIT] 1999 2026-08-18 21,424文字 2026年6月期　決算短信〔日本基準〕（連結）
[backfill][DOC CACHE HIT] 1999 2026-08-18 765文字 通期連結業績予想値と実績値との差異に関するお知らせ
[backfill][DOC CACHE HIT] 2160 2026-08-18 36,315文字 2026年12月期 第2四半期決算説明資料
[backfill][DOC CACHE HIT] 2735 2026-08-18 1,833文字 業績予想及び配当予想の修正に関するお知らせ
[backfill][DOC CACHE HIT] 3487 2026-08-18 46,065文字 2026年６月期 決算短信（REIT）
[backfill][DOC CACHE HIT] 3487 2026-08-18 54,901文字 2026年６月期 決算説明会資料
[backfill][DOC CACHE HIT] 4264 2026-08-18 7,102文字 業績目標コミットメント型ストック・オプション（有償ストック・オプション）の発行に
[backfill][DOC CACHE HIT] 4776 2026-08-18 501文字 （訂正）「2026年12月期 第２四半期決算補足資料」の一部訂正について
[backfill][DOC CACHE HIT] 598A 2026-08-18 35,052文字 「2026年6月期決算説明資料」に関する動画書き起こし
[backfill][DOC CACHE HIT] 6046 2026-08-18 1,294文字 2026年９月 期第３四半期 決算に関する質疑応答集
[backfill][DOC CACHE HIT] 6094 2026-08-18 2,329文字 2026年9月期 第3第四半期決算 質疑応答集
[backfill][DOC CACHE HIT] 7383 2026-08-18 2,633文字 [Q&A書き起こし]2027年３月期 第１四半期決算説明会
[backfill][DOC CACHE HIT] 7532 2026-08-18 39,379文字 2026年6月期決算短信〔日本基準〕（連結）
[backfill][DOC CACHE HIT] 7532 2026-08-18 1,771文字 2026年６月期剰余金の配当（増配）及び2027年６月期配当予想に関するお知らせ
[backfill][DOC CACHE HIT] 8798 2026-08-18 1,374文字 （訂正）「過年度の有価証券報告書等の訂正報告書の提出及び過年度の決算短信等の訂正
[backfill][DOC CACHE HIT] 8798 2026-08-18 742文字 （訂正）「2026年9月期第2四半期（2025年10月～2026年3月） 業績説
[backfill][DOC CACHE HIT] 9610 2026-08-18 11,407文字 2027年３月期第１四半期決算補足説明資料（動画）
[backfill][DOC CACHE HIT] 9887 2026-08-18 601文字 （訂正）「令和9年3月期第1四半期決算短信〔日本基準〕（連結）」の一部訂正に関す
[backfill][DOC CACHE HIT] 4826 2026-08-18 1,043文字 剰余金の配当に関するお知らせ
[backfill][DOC CACHE HIT] 6340 2026-08-18 25,533文字 2026年6月期　決算説明資料
[backfill][DOC CACHE HIT] 2083 2026-08-18 16,082文字 NEXT FUNDS 日本成長株アクティブ上場投信 決算短信
[backfill][DOC CACHE HIT] 2084 2026-08-18 19,835文字 NEXT FUNDS 日本高配当株アクティブ上場投信 決算短信
[backfill][DOC CACHE HIT] 6850 2026-08-18 8,579文字 2027年3月期 第1四半期 決算補足説明資料
[backfill][DOC CACHE HIT] 8084 2026-08-18 5,303文字 2027年３月期第1四半期　決算補足資料
[backfill][DOC CACHE HIT] 2681 2026-08-18 32,813文字 (訂正）「2027年３月期  第１四半期決算説明資料」の一部訂正について
[backfill][DOC CACHE HIT] 9941 2026-08-18 4,037文字 2026年９月期 ７月度　月次業績（売上高）速報
[backfill][DOC CACHE HIT] 4320 2026-08-18 3,984文字 （訂正）「2026年９月期第３四半期決算短信〔日本基準〕（連結）」の一部訂正につ
[backfill][DOC CACHE HIT] 8304 2026-08-18 1,262文字 2027年3月期 第1四半期 自己資本比率について
[backfill][DOC CACHE HIT] 8951 2026-08-18 31,497文字 2026年６月期（第50期）決算説明会資料
[backfill][DOC CACHE HIT] 3660 2026-08-18 5,402文字 2026年６月期通期 決算説明会における質疑応答
[backfill][DOC CACHE HIT] 482A 2026-08-17 1,051文字 「2026年8月期業績予想の修正に関するお知らせ」の再掲載について
[backfill][DOC CACHE HIT] 4019 2026-08-17 26,197文字 2026年12月期 第2四半期決算説明会書き起こし
[backfill][SOURCE 1/3] 2026-08-17 2026年8月期業績予想の修正に関するお知らせ
[backfill][TRY 1/3] 2026-08-17 2026年8月期業績予想の修正に関するお知らせ https://webapi.yanoshin.jp/rd.php?https://www.release.tdnet.info/inbs/140120260817521628.pdf
[backfill][UNUSABLE] 2026-08-17 2026年8月期業績予想の修正に関するお知らせ ctype=application/pdf bytes=100,551
[backfill][TRY 2/3] 2026-08-17 2026年8月期業績予想の修正に関するお知らせ http://webapi.yanoshin.jp/rd.php?https://www.release.tdnet.info/inbs/140120260817521628.pdf
[backfill][UNUSABLE] 2026-08-17 2026年8月期業績予想の修正に関するお知らせ ctype=application/pdf bytes=100,551
[backfill][TRY 3/3] 2026-08-17 2026年8月期業績予想の修正に関するお知らせ https://www.release.tdnet.info/inbs/140120260817521628.pdf
[backfill][UNUSABLE] 2026-08-17 2026年8月期業績予想の修正に関するお知らせ ctype=application/pdf bytes=100,551
[backfill][JPX FAST 2/3] 2026-08-17 2026年8月期業績予想の修正に関するお知らせ https://www2.jpx.co.jp/disc/482A0/140120260817521628.pdf
[backfill][TRY 1/1] 2026-08-17 2026年8月期業績予想の修正に関するお知らせ https://www2.jpx.co.jp/disc/482A0/140120260817521628.pdf
[backfill][HTTP 404] 2026-08-17 2026年8月期業績予想の修正に関するお知らせ
[backfill][SOURCE 3/3] 2026-08-17 2026年8月期業績予想の修正に関するお知らせ
[backfill][SKIP FAILCACHE] 2026-08-17 2026年8月期業績予想の修正に関するお知らせ https://www.release.tdnet.info/inbs/140120260817521628.pdf
[backfill][TRY 2/2] 2026-08-17 2026年8月期業績予想の修正に関するお知らせ http://www.release.tdnet.info/inbs/140120260817521628.pdf
[backfill][TIMEOUT 5s] 2026-08-17 2026年8月期業績予想の修正に関するお知らせ
[backfill][DOC EMPTY] 482A 2026-08-17 17:00:00 2026年8月期業績予想の修正に関するお知らせ raw=https://webapi.yanoshin.jp/rd.php?https://www.release.tdnet.info/inbs/140120260817521
[backfill][DOC CACHE HIT] 5534 2026-08-17 1,123文字 通期連結業績予想の修正に関するお知らせ
[backfill][DOC CACHE HIT] 6036 2026-08-17 28,949文字 （訂正）「2026年6月期第2四半期 決算説明会資料」の一部訂正について
[backfill][DOC CACHE HIT] 7044 2026-08-17 696文字 （訂正）「2026年12月期第２四半期（中間期）決算補足資料」の一部訂正について
[backfill][DOC CACHE HIT] 9439 2026-08-17 1,576文字 通期連結業績予想値と実績値との差異に関するお知らせ
[backfill][DOC CACHE HIT] 9439 2026-08-17 25,306文字 2026年6月期　決算短信〔日本基準〕（連結）
[backfill][DOC CACHE HIT] 9439 2026-08-17 1,166文字 剰余金の配当（無配）に関するお知らせ
[backfill][DOC CACHE HIT] 5251 2026-08-17 2,468文字 （再登録）「中間決算説明資料の開示に関するお知らせ」の再登録について
[backfill][DOC CACHE HIT] 6195 2026-08-17 31,592文字 （訂正・数値データ訂正）「2026年３月期　決算短信〔日本基準〕（連結）」の一部
[backfill][DOC CACHE HIT] 7042 2026-08-17 4,066文字 2027年３月期第１四半期決算説明資料
[backfill][DOC CACHE HIT] 8964 2026-08-17 37,819文字 2026年6月期　決算短信（ＲＥＩＴ）
[backfill][DOC CACHE HIT] 7177 2026-08-17 3,192文字 2026年７月の月次業績（速報）に関するお知らせ
[backfill][DOC CACHE HIT] 3168 2026-08-17 1,149文字 特別配当および期末配当予想の修正に関するお知らせ
[backfill][DOC CACHE HIT] 367A 2026-08-17 500文字 連結子会社からの剰余金の配当受領に関するお知らせ
[backfill][DOC CACHE HIT] 4484 2026-08-17 6,345文字 2027年３月期 第１四半期決算説明会レポート（書き起こし）
[backfill][DOC CACHE HIT] 4651 2026-08-17 9,960文字 2027年３月期　第１四半期決算短信〔日本基準〕（連結）
[backfill][DOC CACHE HIT] 4651 2026-08-17 21,202文字 2027年３月期　第１四半期決算説明資料
[backfill][DOC CACHE HIT] 5242 2026-08-17 1,063文字 2026年12月期第２四半期決算説明会 質疑応答（要旨）
[backfill][DOC CACHE HIT] 7069 2026-08-17 675文字 （訂正）「2026年9月期 第3四半期決算説明資料」の一部訂正について
[backfill][DOC CACHE HIT] 8951 2026-08-17 39,641文字 2026年６月期　決算短信（ＲＥＩＴ）
[backfill][DOC CACHE HIT] 8951 2026-08-17 9,069文字 2026年６月期_決算概要
[backfill][DOC CACHE HIT] 8955 2026-08-17 42,496文字 2026年6月期　決算短信（ＲＥＩＴ）
[backfill][DOC CACHE HIT] 8955 2026-08-17 48,751文字 2026年6月期（第49期）決算説明資料
[backfill][DOC CACHE HIT] 9284 2026-08-17 50,474文字 2026年６月期 決算短信（インフラファンド）
[backfill][DOC CACHE HIT] 2461 2026-08-17 3,208文字 2026年12月期7月度 月次業績速報のお知らせ
[backfill][DOC CACHE HIT] 264A 2026-08-17 891文字 （訂正）「2026年９月期第３四半期決算説明資料」の一部訂正について
[backfill][DOC CACHE HIT] 5632 2026-08-17 559文字 連結子会社からの配当金受領に関するお知らせ
[backfill][DOC CACHE HIT] 2927 2026-08-17 733文字 2026年8月期 期末配当予想の増配に関するお知らせ
[backfill][DOC CACHE HIT] 6061 2026-08-17 1,101文字 （訂正・数値データ訂正）「令和８年６月期　決算短信〔日本基準〕(連結)」の一部訂
[backfill][DOC CACHE HIT] 2991 2026-08-17 1,105文字 2026年７月度　月次業績速報
[backfill][DOC CACHE HIT] 4574 2026-08-17 11,096文字 2026年12月期(FY2026)第２四半期(中間期)連結決算報告
[backfill][DOC CACHE HIT] 4018 2026-08-17 510文字 （訂正）「2026年6月期　決算短信〔日本基準〕（非連結）」の一部訂正に関するお
[backfill][DOC CACHE HIT] 8705 2026-08-17 2,394文字 2026年７月の月次業績等（速報）に関するお知らせ
[backfill][DOC CACHE HIT] 8798 2026-08-17 18,713文字 （訂正・数値データ訂正）「2025年9月期 第1四半期決算短信〔日本基準〕（連結
[backfill][DOC CACHE HIT] 9162 2026-08-17 606文字 （訂正）「2026年６月期 通期連結決算説明資料」の一部訂正について
[backfill][DOC CACHE HIT] 3445 2026-08-17 15,223文字 2026年12月期第２四半期 決算説明会 書き起こし公開のお知らせ
[backfill][DOC CACHE HIT] 319A 2026-08-17 4,923文字 Q&A 2026年12月期第2四半期決算説明
[backfill][XBRL TRY] 9284 https://www.release.tdnet.info/inbs/081220260817521739.zip
[backfill][XBRL TRY] 9284 https://www.release.tdnet.info/inbs/091220260817521739.zip
[backfill][XBRL TRY] 9284 https://www2.jpx.co.jp/disc/92840/081220260817521739.zip
[backfill][XBRL TRY] 9284 https://www2.jpx.co.jp/disc/92840/091220260817521739.zip
[backfill][XBRL TRY] 482A https://www.release.tdnet.info/inbs/081220260817521628.zip
[backfill][XBRL TRY] 482A https://www.release.tdnet.info/inbs/091220260817521628.zip
[backfill][XBRL TRY] 482A https://www2.jpx.co.jp/disc/482A0/081220260817521628.zip
[backfill][XBRL TRY] 482A https://www2.jpx.co.jp/disc/482A0/091220260817521628.zip
[backfill][XBRL TRY] 5534 https://www.release.tdnet.info/inbs/081220260817521941.zip
[backfill][XBRL TRY] 5534 https://www.release.tdnet.info/inbs/091220260817521941.zip
[backfill][XBRL TRY] 5534 https://www2.jpx.co.jp/disc/55340/081220260817521941.zip
[backfill][XBRL TRY] 5534 https://www2.jpx.co.jp/disc/55340/091220260817521941.zip
[backfill][XBRL TRY] 482A https://www.release.tdnet.info/inbs/081220260817522088.zip
[backfill][XBRL TRY] 482A https://www.release.tdnet.info/inbs/091220260817522088.zip
[backfill][XBRL TRY] 482A https://www2.jpx.co.jp/disc/482A0/081220260817522088.zip
[backfill][XBRL TRY] 482A https://www2.jpx.co.jp/disc/482A0/091220260817522088.zip
[backfill][XBRL TRY] 2083 https://www.release.tdnet.info/inbs/081220260818522160.zip
[backfill][XBRL TRY] 2083 https://www.release.tdnet.info/inbs/091220260818522160.zip
[backfill][XBRL TRY] 2083 https://www2.jpx.co.jp/disc/20830/081220260818522160.zip
[backfill][XBRL TRY] 2083 https://www2.jpx.co.jp/disc/20830/091220260818522160.zip
[backfill][XBRL TRY] 2084 https://www.release.tdnet.info/inbs/081220260818522182.zip
[backfill][XBRL TRY] 2084 https://www.release.tdnet.info/inbs/091220260818522182.zip
[backfill][XBRL TRY] 2084 https://www2.jpx.co.jp/disc/20840/081220260818522182.zip
[backfill][XBRL TRY] 2084 https://www2.jpx.co.jp/disc/20840/091220260818522182.zip
[forecast_history] 対象=16 initial=8 revision=2 achievement=0 unresolved=6
[OK] 決算:46件, 増資:18件, TOB:4件, 本文:77件, 予想初期:8件, 予想修正:2件, 達成履歴更新:0件 をDBに保存しました。
=== fetch_all: 完全成功 ===
===== 2026-08-18T18:11:10 END status=success rc=0 =====


===== 2026-08-18T18:20:00 START C:\Users\sasit\AppData\Local\Programs\Python\Python310\pythonw.exe D:\kabu\main\1-スクリーニング自動化プログラム\main\fetch_all.py =====
=== fetch_all: TDnetデータ収集開始 ===
[backfill][DOC CACHE HIT] 2796 2026-08-18 598文字 連結子会社からの配当金受領に関するお知らせ
[backfill][DOC CACHE HIT] 4415 2026-08-18 19,730文字 2026年12月期 第２四半期決算説明書き起こし
[backfill][DOC CACHE HIT] 471A 2026-08-18 485文字 （訂正）「2026年12月期第１四半期決算短信〔IFRS〕（連結）」の一部訂正に
[backfill][DOC CACHE HIT] 471A 2026-08-18 500文字 （訂正）「2026年12月期第２四半期（中間期）決算短信〔IFRS〕（連結）」の
[backfill][DOC CACHE HIT] 7707 2026-08-18 1,064文字 (訂正)「2026年６月期 決算短信〔日本基準〕（連結）」の一部訂正に関するお知
[backfill][DOC CACHE HIT] 7814 2026-08-18 17,220文字 2026年12月期　第２四半期（中間期）決算説明会資料
[backfill][DOC CACHE HIT] 3174 2026-08-18 1,914文字 2026年８月期通期連結・個別業績予想の修正に関するお知らせ
[backfill][DOC CACHE HIT] 6327 2026-08-18 11,715文字 2026年６月期 決算短信〔日本基準〕（連結）
[backfill][DOC CACHE HIT] 6327 2026-08-18 1,023文字 剰余金の配当に関するお知らせ
[backfill][DOC CACHE HIT] 1999 2026-08-18 21,424文字 2026年6月期　決算短信〔日本基準〕（連結）
[backfill][DOC CACHE HIT] 1999 2026-08-18 765文字 通期連結業績予想値と実績値との差異に関するお知らせ
[backfill][DOC CACHE HIT] 2160 2026-08-18 36,315文字 2026年12月期 第2四半期決算説明資料
[backfill][DOC CACHE HIT] 2735 2026-08-18 1,833文字 業績予想及び配当予想の修正に関するお知らせ
[backfill][DOC CACHE HIT] 3487 2026-08-18 46,065文字 2026年６月期 決算短信（REIT）
[backfill][DOC CACHE HIT] 3487 2026-08-18 54,901文字 2026年６月期 決算説明会資料
[backfill][DOC CACHE HIT] 4264 2026-08-18 7,102文字 業績目標コミットメント型ストック・オプション（有償ストック・オプション）の発行に
[backfill][DOC CACHE HIT] 4776 2026-08-18 501文字 （訂正）「2026年12月期 第２四半期決算補足資料」の一部訂正について
[backfill][DOC CACHE HIT] 598A 2026-08-18 35,052文字 「2026年6月期決算説明資料」に関する動画書き起こし
[backfill][DOC CACHE HIT] 6046 2026-08-18 1,294文字 2026年９月 期第３四半期 決算に関する質疑応答集
[backfill][DOC CACHE HIT] 6094 2026-08-18 2,329文字 2026年9月期 第3第四半期決算 質疑応答集
[backfill][DOC CACHE HIT] 7383 2026-08-18 2,633文字 [Q&A書き起こし]2027年３月期 第１四半期決算説明会
[backfill][DOC CACHE HIT] 7532 2026-08-18 39,379文字 2026年6月期決算短信〔日本基準〕（連結）
[backfill][DOC CACHE HIT] 7532 2026-08-18 1,771文字 2026年６月期剰余金の配当（増配）及び2027年６月期配当予想に関するお知らせ
[backfill][DOC CACHE HIT] 8798 2026-08-18 1,374文字 （訂正）「過年度の有価証券報告書等の訂正報告書の提出及び過年度の決算短信等の訂正
[backfill][DOC CACHE HIT] 8798 2026-08-18 742文字 （訂正）「2026年9月期第2四半期（2025年10月～2026年3月） 業績説
[backfill][DOC CACHE HIT] 9610 2026-08-18 11,407文字 2027年３月期第１四半期決算補足説明資料（動画）
[backfill][DOC CACHE HIT] 9887 2026-08-18 601文字 （訂正）「令和9年3月期第1四半期決算短信〔日本基準〕（連結）」の一部訂正に関す
[backfill][DOC CACHE HIT] 4826 2026-08-18 1,043文字 剰余金の配当に関するお知らせ
[backfill][DOC CACHE HIT] 6340 2026-08-18 25,533文字 2026年6月期　決算説明資料
[backfill][DOC CACHE HIT] 2083 2026-08-18 16,082文字 NEXT FUNDS 日本成長株アクティブ上場投信 決算短信
[backfill][DOC CACHE HIT] 2084 2026-08-18 19,835文字 NEXT FUNDS 日本高配当株アクティブ上場投信 決算短信
[backfill][DOC CACHE HIT] 6850 2026-08-18 8,579文字 2027年3月期 第1四半期 決算補足説明資料
[backfill][DOC CACHE HIT] 8084 2026-08-18 5,303文字 2027年３月期第1四半期　決算補足資料
[backfill][DOC CACHE HIT] 2681 2026-08-18 32,813文字 (訂正）「2027年３月期  第１四半期決算説明資料」の一部訂正について
[backfill][DOC CACHE HIT] 9941 2026-08-18 4,037文字 2026年９月期 ７月度　月次業績（売上高）速報
[backfill][DOC CACHE HIT] 4320 2026-08-18 3,984文字 （訂正）「2026年９月期第３四半期決算短信〔日本基準〕（連結）」の一部訂正につ
[backfill][DOC CACHE HIT] 8304 2026-08-18 1,262文字 2027年3月期 第1四半期 自己資本比率について
[backfill][DOC CACHE HIT] 8951 2026-08-18 31,497文字 2026年６月期（第50期）決算説明会資料
[backfill][DOC CACHE HIT] 3660 2026-08-18 5,402文字 2026年６月期通期 決算説明会における質疑応答
[backfill][DOC CACHE HIT] 482A 2026-08-17 1,051文字 「2026年8月期業績予想の修正に関するお知らせ」の再掲載について
[backfill][DOC CACHE HIT] 4019 2026-08-17 26,197文字 2026年12月期 第2四半期決算説明会書き起こし
[backfill][SOURCE 1/3] 2026-08-17 2026年8月期業績予想の修正に関するお知らせ
[backfill][TRY 1/3] 2026-08-17 2026年8月期業績予想の修正に関するお知らせ https://webapi.yanoshin.jp/rd.php?https://www.release.tdnet.info/inbs/140120260817521628.pdf
[backfill][UNUSABLE] 2026-08-17 2026年8月期業績予想の修正に関するお知らせ ctype=application/pdf bytes=100,551
[backfill][TRY 2/3] 2026-08-17 2026年8月期業績予想の修正に関するお知らせ http://webapi.yanoshin.jp/rd.php?https://www.release.tdnet.info/inbs/140120260817521628.pdf
[backfill][UNUSABLE] 2026-08-17 2026年8月期業績予想の修正に関するお知らせ ctype=application/pdf bytes=100,551
[backfill][TRY 3/3] 2026-08-17 2026年8月期業績予想の修正に関するお知らせ https://www.release.tdnet.info/inbs/140120260817521628.pdf
[backfill][UNUSABLE] 2026-08-17 2026年8月期業績予想の修正に関するお知らせ ctype=application/pdf bytes=100,551
[backfill][JPX FAST 2/3] 2026-08-17 2026年8月期業績予想の修正に関するお知らせ https://www2.jpx.co.jp/disc/482A0/140120260817521628.pdf
[backfill][TRY 1/1] 2026-08-17 2026年8月期業績予想の修正に関するお知らせ https://www2.jpx.co.jp/disc/482A0/140120260817521628.pdf
[backfill][HTTP 404] 2026-08-17 2026年8月期業績予想の修正に関するお知らせ
[backfill][SOURCE 3/3] 2026-08-17 2026年8月期業績予想の修正に関するお知らせ
[backfill][SKIP FAILCACHE] 2026-08-17 2026年8月期業績予想の修正に関するお知らせ https://www.release.tdnet.info/inbs/140120260817521628.pdf
[backfill][TRY 2/2] 2026-08-17 2026年8月期業績予想の修正に関するお知らせ http://www.release.tdnet.info/inbs/140120260817521628.pdf
[backfill][TIMEOUT 5s] 2026-08-17 2026年8月期業績予想の修正に関するお知らせ
[backfill][DOC EMPTY] 482A 2026-08-17 17:00:00 2026年8月期業績予想の修正に関するお知らせ raw=https://webapi.yanoshin.jp/rd.php?https://www.release.tdnet.info/inbs/140120260817521
[backfill][DOC CACHE HIT] 5534 2026-08-17 1,123文字 通期連結業績予想の修正に関するお知らせ
[backfill][DOC CACHE HIT] 6036 2026-08-17 28,949文字 （訂正）「2026年6月期第2四半期 決算説明会資料」の一部訂正について
[backfill][DOC CACHE HIT] 7044 2026-08-17 696文字 （訂正）「2026年12月期第２四半期（中間期）決算補足資料」の一部訂正について
[backfill][DOC CACHE HIT] 9439 2026-08-17 1,576文字 通期連結業績予想値と実績値との差異に関するお知らせ
[backfill][DOC CACHE HIT] 9439 2026-08-17 25,306文字 2026年6月期　決算短信〔日本基準〕（連結）
[backfill][DOC CACHE HIT] 9439 2026-08-17 1,166文字 剰余金の配当（無配）に関するお知らせ
[backfill][DOC CACHE HIT] 5251 2026-08-17 2,468文字 （再登録）「中間決算説明資料の開示に関するお知らせ」の再登録について
[backfill][DOC CACHE HIT] 6195 2026-08-17 31,592文字 （訂正・数値データ訂正）「2026年３月期　決算短信〔日本基準〕（連結）」の一部
[backfill][DOC CACHE HIT] 7042 2026-08-17 4,066文字 2027年３月期第１四半期決算説明資料
[backfill][DOC CACHE HIT] 8964 2026-08-17 37,819文字 2026年6月期　決算短信（ＲＥＩＴ）
[backfill][DOC CACHE HIT] 7177 2026-08-17 3,192文字 2026年７月の月次業績（速報）に関するお知らせ
[backfill][DOC CACHE HIT] 3168 2026-08-17 1,149文字 特別配当および期末配当予想の修正に関するお知らせ
[backfill][DOC CACHE HIT] 367A 2026-08-17 500文字 連結子会社からの剰余金の配当受領に関するお知らせ
[backfill][DOC CACHE HIT] 4484 2026-08-17 6,345文字 2027年３月期 第１四半期決算説明会レポート（書き起こし）
[backfill][DOC CACHE HIT] 4651 2026-08-17 9,960文字 2027年３月期　第１四半期決算短信〔日本基準〕（連結）
[backfill][DOC CACHE HIT] 4651 2026-08-17 21,202文字 2027年３月期　第１四半期決算説明資料
[backfill][DOC CACHE HIT] 5242 2026-08-17 1,063文字 2026年12月期第２四半期決算説明会 質疑応答（要旨）
[backfill][DOC CACHE HIT] 7069 2026-08-17 675文字 （訂正）「2026年9月期 第3四半期決算説明資料」の一部訂正について
[backfill][DOC CACHE HIT] 8951 2026-08-17 39,641文字 2026年６月期　決算短信（ＲＥＩＴ）
[backfill][DOC CACHE HIT] 8951 2026-08-17 9,069文字 2026年６月期_決算概要
[backfill][DOC CACHE HIT] 8955 2026-08-17 42,496文字 2026年6月期　決算短信（ＲＥＩＴ）
[backfill][DOC CACHE HIT] 8955 2026-08-17 48,751文字 2026年6月期（第49期）決算説明資料
[backfill][DOC CACHE HIT] 9284 2026-08-17 50,474文字 2026年６月期 決算短信（インフラファンド）
[backfill][DOC CACHE HIT] 2461 2026-08-17 3,208文字 2026年12月期7月度 月次業績速報のお知らせ
[backfill][DOC CACHE HIT] 264A 2026-08-17 891文字 （訂正）「2026年９月期第３四半期決算説明資料」の一部訂正について
[backfill][DOC CACHE HIT] 5632 2026-08-17 559文字 連結子会社からの配当金受領に関するお知らせ
[backfill][DOC CACHE HIT] 2927 2026-08-17 733文字 2026年8月期 期末配当予想の増配に関するお知らせ
[backfill][DOC CACHE HIT] 6061 2026-08-17 1,101文字 （訂正・数値データ訂正）「令和８年６月期　決算短信〔日本基準〕(連結)」の一部訂
[backfill][DOC CACHE HIT] 2991 2026-08-17 1,105文字 2026年７月度　月次業績速報
[backfill][DOC CACHE HIT] 4574 2026-08-17 11,096文字 2026年12月期(FY2026)第２四半期(中間期)連結決算報告
[backfill][DOC CACHE HIT] 4018 2026-08-17 510文字 （訂正）「2026年6月期　決算短信〔日本基準〕（非連結）」の一部訂正に関するお
[backfill][DOC CACHE HIT] 8705 2026-08-17 2,394文字 2026年７月の月次業績等（速報）に関するお知らせ
[backfill][DOC CACHE HIT] 8798 2026-08-17 18,713文字 （訂正・数値データ訂正）「2025年9月期 第1四半期決算短信〔日本基準〕（連結
[backfill][DOC CACHE HIT] 9162 2026-08-17 606文字 （訂正）「2026年６月期 通期連結決算説明資料」の一部訂正について
[backfill][DOC CACHE HIT] 3445 2026-08-17 15,223文字 2026年12月期第２四半期 決算説明会 書き起こし公開のお知らせ
[backfill][DOC CACHE HIT] 319A 2026-08-17 4,923文字 Q&A 2026年12月期第2四半期決算説明
[backfill][XBRL TRY] 9284 https://www.release.tdnet.info/inbs/081220260817521739.zip
[backfill][XBRL TRY] 9284 https://www.release.tdnet.info/inbs/091220260817521739.zip
[backfill][XBRL TRY] 9284 https://www2.jpx.co.jp/disc/92840/081220260817521739.zip
[backfill][XBRL TRY] 9284 https://www2.jpx.co.jp/disc/92840/091220260817521739.zip
[backfill][XBRL TRY] 482A https://www.release.tdnet.info/inbs/081220260817521628.zip
[backfill][XBRL TRY] 482A https://www.release.tdnet.info/inbs/091220260817521628.zip
[backfill][XBRL TRY] 482A https://www2.jpx.co.jp/disc/482A0/081220260817521628.zip
[backfill][XBRL TRY] 482A https://www2.jpx.co.jp/disc/482A0/091220260817521628.zip
[backfill][XBRL TRY] 5534 https://www.release.tdnet.info/inbs/081220260817521941.zip
[backfill][XBRL TRY] 5534 https://www.release.tdnet.info/inbs/091220260817521941.zip
[backfill][XBRL TRY] 5534 https://www2.jpx.co.jp/disc/55340/081220260817521941.zip
[backfill][XBRL TRY] 5534 https://www2.jpx.co.jp/disc/55340/091220260817521941.zip
[backfill][XBRL TRY] 482A https://www.release.tdnet.info/inbs/081220260817522088.zip
[backfill][XBRL TRY] 482A https://www.release.tdnet.info/inbs/091220260817522088.zip
[backfill][XBRL TRY] 482A https://www2.jpx.co.jp/disc/482A0/081220260817522088.zip
[backfill][XBRL TRY] 482A https://www2.jpx.co.jp/disc/482A0/091220260817522088.zip
[backfill][XBRL TRY] 2083 https://www.release.tdnet.info/inbs/081220260818522160.zip
[backfill][XBRL TRY] 2083 https://www.release.tdnet.info/inbs/091220260818522160.zip
[backfill][XBRL TRY] 2083 https://www2.jpx.co.jp/disc/20830/081220260818522160.zip
[backfill][XBRL TRY] 2083 https://www2.jpx.co.jp/disc/20830/091220260818522160.zip
[backfill][XBRL TRY] 2084 https://www.release.tdnet.info/inbs/081220260818522182.zip
[backfill][XBRL TRY] 2084 https://www.release.tdnet.info/inbs/091220260818522182.zip
[backfill][XBRL TRY] 2084 https://www2.jpx.co.jp/disc/20840/081220260818522182.zip
[backfill][XBRL TRY] 2084 https://www2.jpx.co.jp/disc/20840/091220260818522182.zip
[forecast_history] 対象=16 initial=8 revision=2 achievement=0 unresolved=6
[OK] 決算:46件, 増資:18件, TOB:4件, 本文:77件, 予想初期:8件, 予想修正:2件, 達成履歴更新:0件 をDBに保存しました。
=== fetch_all: 完全成功 ===
===== 2026-08-18T18:21:10 END status=success rc=0 =====


===== 2026-08-18T18:30:00 START C:\Users\sasit\AppData\Local\Programs\Python\Python310\pythonw.exe D:\kabu\main\1-スクリーニング自動化プログラム\main\fetch_all.py =====
=== fetch_all: TDnetデータ収集開始 ===
[backfill][DOC CACHE HIT] 2796 2026-08-18 598文字 連結子会社からの配当金受領に関するお知らせ
[backfill][DOC CACHE HIT] 4415 2026-08-18 19,730文字 2026年12月期 第２四半期決算説明書き起こし
[backfill][DOC CACHE HIT] 471A 2026-08-18 485文字 （訂正）「2026年12月期第１四半期決算短信〔IFRS〕（連結）」の一部訂正に
[backfill][DOC CACHE HIT] 471A 2026-08-18 500文字 （訂正）「2026年12月期第２四半期（中間期）決算短信〔IFRS〕（連結）」の
[backfill][DOC CACHE HIT] 7707 2026-08-18 1,064文字 (訂正)「2026年６月期 決算短信〔日本基準〕（連結）」の一部訂正に関するお知
[backfill][DOC CACHE HIT] 7814 2026-08-18 17,220文字 2026年12月期　第２四半期（中間期）決算説明会資料
[backfill][DOC CACHE HIT] 3174 2026-08-18 1,914文字 2026年８月期通期連結・個別業績予想の修正に関するお知らせ
[backfill][DOC CACHE HIT] 6327 2026-08-18 11,715文字 2026年６月期 決算短信〔日本基準〕（連結）
[backfill][DOC CACHE HIT] 6327 2026-08-18 1,023文字 剰余金の配当に関するお知らせ
[backfill][DOC CACHE HIT] 1999 2026-08-18 21,424文字 2026年6月期　決算短信〔日本基準〕（連結）
[backfill][DOC CACHE HIT] 1999 2026-08-18 765文字 通期連結業績予想値と実績値との差異に関するお知らせ
[backfill][DOC CACHE HIT] 2160 2026-08-18 36,315文字 2026年12月期 第2四半期決算説明資料
[backfill][DOC CACHE HIT] 2735 2026-08-18 1,833文字 業績予想及び配当予想の修正に関するお知らせ
[backfill][DOC CACHE HIT] 3487 2026-08-18 46,065文字 2026年６月期 決算短信（REIT）
[backfill][DOC CACHE HIT] 3487 2026-08-18 54,901文字 2026年６月期 決算説明会資料
[backfill][DOC CACHE HIT] 4264 2026-08-18 7,102文字 業績目標コミットメント型ストック・オプション（有償ストック・オプション）の発行に
[backfill][DOC CACHE HIT] 4776 2026-08-18 501文字 （訂正）「2026年12月期 第２四半期決算補足資料」の一部訂正について
[backfill][DOC CACHE HIT] 598A 2026-08-18 35,052文字 「2026年6月期決算説明資料」に関する動画書き起こし
[backfill][DOC CACHE HIT] 6046 2026-08-18 1,294文字 2026年９月 期第３四半期 決算に関する質疑応答集
[backfill][DOC CACHE HIT] 6094 2026-08-18 2,329文字 2026年9月期 第3第四半期決算 質疑応答集
[backfill][DOC CACHE HIT] 7383 2026-08-18 2,633文字 [Q&A書き起こし]2027年３月期 第１四半期決算説明会
[backfill][DOC CACHE HIT] 7532 2026-08-18 39,379文字 2026年6月期決算短信〔日本基準〕（連結）
[backfill][DOC CACHE HIT] 7532 2026-08-18 1,771文字 2026年６月期剰余金の配当（増配）及び2027年６月期配当予想に関するお知らせ
[backfill][DOC CACHE HIT] 8798 2026-08-18 1,374文字 （訂正）「過年度の有価証券報告書等の訂正報告書の提出及び過年度の決算短信等の訂正
[backfill][DOC CACHE HIT] 8798 2026-08-18 742文字 （訂正）「2026年9月期第2四半期（2025年10月～2026年3月） 業績説
[backfill][DOC CACHE HIT] 9610 2026-08-18 11,407文字 2027年３月期第１四半期決算補足説明資料（動画）
[backfill][DOC CACHE HIT] 9887 2026-08-18 601文字 （訂正）「令和9年3月期第1四半期決算短信〔日本基準〕（連結）」の一部訂正に関す
[backfill][DOC CACHE HIT] 4826 2026-08-18 1,043文字 剰余金の配当に関するお知らせ
[backfill][DOC CACHE HIT] 6340 2026-08-18 25,533文字 2026年6月期　決算説明資料
[backfill][DOC CACHE HIT] 2083 2026-08-18 16,082文字 NEXT FUNDS 日本成長株アクティブ上場投信 決算短信
[backfill][DOC CACHE HIT] 2084 2026-08-18 19,835文字 NEXT FUNDS 日本高配当株アクティブ上場投信 決算短信
[backfill][DOC CACHE HIT] 6850 2026-08-18 8,579文字 2027年3月期 第1四半期 決算補足説明資料
[backfill][DOC CACHE HIT] 8084 2026-08-18 5,303文字 2027年３月期第1四半期　決算補足資料
[backfill][DOC CACHE HIT] 2681 2026-08-18 32,813文字 (訂正）「2027年３月期  第１四半期決算説明資料」の一部訂正について
[backfill][DOC CACHE HIT] 9941 2026-08-18 4,037文字 2026年９月期 ７月度　月次業績（売上高）速報
[backfill][DOC CACHE HIT] 4320 2026-08-18 3,984文字 （訂正）「2026年９月期第３四半期決算短信〔日本基準〕（連結）」の一部訂正につ
[backfill][DOC CACHE HIT] 8304 2026-08-18 1,262文字 2027年3月期 第1四半期 自己資本比率について
[backfill][DOC CACHE HIT] 8951 2026-08-18 31,497文字 2026年６月期（第50期）決算説明会資料
[backfill][DOC CACHE HIT] 3660 2026-08-18 5,402文字 2026年６月期通期 決算説明会における質疑応答
[backfill][DOC CACHE HIT] 482A 2026-08-17 1,051文字 「2026年8月期業績予想の修正に関するお知らせ」の再掲載について
[backfill][DOC CACHE HIT] 4019 2026-08-17 26,197文字 2026年12月期 第2四半期決算説明会書き起こし
[backfill][SOURCE 1/3] 2026-08-17 2026年8月期業績予想の修正に関するお知らせ
[backfill][TRY 1/3] 2026-08-17 2026年8月期業績予想の修正に関するお知らせ https://webapi.yanoshin.jp/rd.php?https://www.release.tdnet.info/inbs/140120260817521628.pdf
[backfill][UNUSABLE] 2026-08-17 2026年8月期業績予想の修正に関するお知らせ ctype=application/pdf bytes=100,551
[backfill][TRY 2/3] 2026-08-17 2026年8月期業績予想の修正に関するお知らせ http://webapi.yanoshin.jp/rd.php?https://www.release.tdnet.info/inbs/140120260817521628.pdf
[backfill][UNUSABLE] 2026-08-17 2026年8月期業績予想の修正に関するお知らせ ctype=application/pdf bytes=100,551
[backfill][TRY 3/3] 2026-08-17 2026年8月期業績予想の修正に関するお知らせ https://www.release.tdnet.info/inbs/140120260817521628.pdf
[backfill][UNUSABLE] 2026-08-17 2026年8月期業績予想の修正に関するお知らせ ctype=application/pdf bytes=100,551
[backfill][JPX FAST 2/3] 2026-08-17 2026年8月期業績予想の修正に関するお知らせ https://www2.jpx.co.jp/disc/482A0/140120260817521628.pdf
[backfill][TRY 1/1] 2026-08-17 2026年8月期業績予想の修正に関するお知らせ https://www2.jpx.co.jp/disc/482A0/140120260817521628.pdf
[backfill][HTTP 404] 2026-08-17 2026年8月期業績予想の修正に関するお知らせ
[backfill][SOURCE 3/3] 2026-08-17 2026年8月期業績予想の修正に関するお知らせ
[backfill][SKIP FAILCACHE] 2026-08-17 2026年8月期業績予想の修正に関するお知らせ https://www.release.tdnet.info/inbs/140120260817521628.pdf
[backfill][TRY 2/2] 2026-08-17 2026年8月期業績予想の修正に関するお知らせ http://www.release.tdnet.info/inbs/140120260817521628.pdf
[backfill][TIMEOUT 5s] 2026-08-17 2026年8月期業績予想の修正に関するお知らせ
[backfill][DOC EMPTY] 482A 2026-08-17 17:00:00 2026年8月期業績予想の修正に関するお知らせ raw=https://webapi.yanoshin.jp/rd.php?https://www.release.tdnet.info/inbs/140120260817521
[backfill][DOC CACHE HIT] 5534 2026-08-17 1,123文字 通期連結業績予想の修正に関するお知らせ
[backfill][DOC CACHE HIT] 6036 2026-08-17 28,949文字 （訂正）「2026年6月期第2四半期 決算説明会資料」の一部訂正について
[backfill][DOC CACHE HIT] 7044 2026-08-17 696文字 （訂正）「2026年12月期第２四半期（中間期）決算補足資料」の一部訂正について
[backfill][DOC CACHE HIT] 9439 2026-08-17 1,576文字 通期連結業績予想値と実績値との差異に関するお知らせ
[backfill][DOC CACHE HIT] 9439 2026-08-17 25,306文字 2026年6月期　決算短信〔日本基準〕（連結）
[backfill][DOC CACHE HIT] 9439 2026-08-17 1,166文字 剰余金の配当（無配）に関するお知らせ
[backfill][DOC CACHE HIT] 5251 2026-08-17 2,468文字 （再登録）「中間決算説明資料の開示に関するお知らせ」の再登録について
[backfill][DOC CACHE HIT] 6195 2026-08-17 31,592文字 （訂正・数値データ訂正）「2026年３月期　決算短信〔日本基準〕（連結）」の一部
[backfill][DOC CACHE HIT] 7042 2026-08-17 4,066文字 2027年３月期第１四半期決算説明資料
[backfill][DOC CACHE HIT] 8964 2026-08-17 37,819文字 2026年6月期　決算短信（ＲＥＩＴ）
[backfill][DOC CACHE HIT] 7177 2026-08-17 3,192文字 2026年７月の月次業績（速報）に関するお知らせ
[backfill][DOC CACHE HIT] 3168 2026-08-17 1,149文字 特別配当および期末配当予想の修正に関するお知らせ
[backfill][DOC CACHE HIT] 367A 2026-08-17 500文字 連結子会社からの剰余金の配当受領に関するお知らせ
[backfill][DOC CACHE HIT] 4484 2026-08-17 6,345文字 2027年３月期 第１四半期決算説明会レポート（書き起こし）
[backfill][DOC CACHE HIT] 4651 2026-08-17 9,960文字 2027年３月期　第１四半期決算短信〔日本基準〕（連結）
[backfill][DOC CACHE HIT] 4651 2026-08-17 21,202文字 2027年３月期　第１四半期決算説明資料
[backfill][DOC CACHE HIT] 5242 2026-08-17 1,063文字 2026年12月期第２四半期決算説明会 質疑応答（要旨）
[backfill][DOC CACHE HIT] 7069 2026-08-17 675文字 （訂正）「2026年9月期 第3四半期決算説明資料」の一部訂正について
[backfill][DOC CACHE HIT] 8951 2026-08-17 39,641文字 2026年６月期　決算短信（ＲＥＩＴ）
[backfill][DOC CACHE HIT] 8951 2026-08-17 9,069文字 2026年６月期_決算概要
[backfill][DOC CACHE HIT] 8955 2026-08-17 42,496文字 2026年6月期　決算短信（ＲＥＩＴ）
[backfill][DOC CACHE HIT] 8955 2026-08-17 48,751文字 2026年6月期（第49期）決算説明資料
[backfill][DOC CACHE HIT] 9284 2026-08-17 50,474文字 2026年６月期 決算短信（インフラファンド）
[backfill][DOC CACHE HIT] 2461 2026-08-17 3,208文字 2026年12月期7月度 月次業績速報のお知らせ
[backfill][DOC CACHE HIT] 264A 2026-08-17 891文字 （訂正）「2026年９月期第３四半期決算説明資料」の一部訂正について
[backfill][DOC CACHE HIT] 5632 2026-08-17 559文字 連結子会社からの配当金受領に関するお知らせ
[backfill][DOC CACHE HIT] 2927 2026-08-17 733文字 2026年8月期 期末配当予想の増配に関するお知らせ
[backfill][DOC CACHE HIT] 6061 2026-08-17 1,101文字 （訂正・数値データ訂正）「令和８年６月期　決算短信〔日本基準〕(連結)」の一部訂
[backfill][DOC CACHE HIT] 2991 2026-08-17 1,105文字 2026年７月度　月次業績速報
[backfill][DOC CACHE HIT] 4574 2026-08-17 11,096文字 2026年12月期(FY2026)第２四半期(中間期)連結決算報告
[backfill][DOC CACHE HIT] 4018 2026-08-17 510文字 （訂正）「2026年6月期　決算短信〔日本基準〕（非連結）」の一部訂正に関するお
[backfill][DOC CACHE HIT] 8705 2026-08-17 2,394文字 2026年７月の月次業績等（速報）に関するお知らせ
[backfill][DOC CACHE HIT] 8798 2026-08-17 18,713文字 （訂正・数値データ訂正）「2025年9月期 第1四半期決算短信〔日本基準〕（連結
[backfill][DOC CACHE HIT] 9162 2026-08-17 606文字 （訂正）「2026年６月期 通期連結決算説明資料」の一部訂正について
[backfill][DOC CACHE HIT] 3445 2026-08-17 15,223文字 2026年12月期第２四半期 決算説明会 書き起こし公開のお知らせ
[backfill][DOC CACHE HIT] 319A 2026-08-17 4,923文字 Q&A 2026年12月期第2四半期決算説明
[backfill][XBRL TRY] 9284 https://www.release.tdnet.info/inbs/081220260817521739.zip
[backfill][XBRL TRY] 9284 https://www.release.tdnet.info/inbs/091220260817521739.zip
[backfill][XBRL TRY] 9284 https://www2.jpx.co.jp/disc/92840/081220260817521739.zip
[backfill][XBRL TRY] 9284 https://www2.jpx.co.jp/disc/92840/091220260817521739.zip
[backfill][XBRL TRY] 482A https://www.release.tdnet.info/inbs/081220260817521628.zip
[backfill][XBRL TRY] 482A https://www.release.tdnet.info/inbs/091220260817521628.zip
[backfill][XBRL TRY] 482A https://www2.jpx.co.jp/disc/482A0/081220260817521628.zip
[backfill][XBRL TRY] 482A https://www2.jpx.co.jp/disc/482A0/091220260817521628.zip
[backfill][XBRL TRY] 5534 https://www.release.tdnet.info/inbs/081220260817521941.zip
[backfill][XBRL TRY] 5534 https://www.release.tdnet.info/inbs/091220260817521941.zip
[backfill][XBRL TRY] 5534 https://www2.jpx.co.jp/disc/55340/081220260817521941.zip
[backfill][XBRL TRY] 5534 https://www2.jpx.co.jp/disc/55340/091220260817521941.zip
[backfill][XBRL TRY] 482A https://www.release.tdnet.info/inbs/081220260817522088.zip
[backfill][XBRL TRY] 482A https://www.release.tdnet.info/inbs/091220260817522088.zip
[backfill][XBRL TRY] 482A https://www2.jpx.co.jp/disc/482A0/081220260817522088.zip
[backfill][XBRL TRY] 482A https://www2.jpx.co.jp/disc/482A0/091220260817522088.zip
[backfill][XBRL TRY] 2083 https://www.release.tdnet.info/inbs/081220260818522160.zip
[backfill][XBRL TRY] 2083 https://www.release.tdnet.info/inbs/091220260818522160.zip
[backfill][XBRL TRY] 2083 https://www2.jpx.co.jp/disc/20830/081220260818522160.zip
[backfill][XBRL TRY] 2083 https://www2.jpx.co.jp/disc/20830/091220260818522160.zip
[backfill][XBRL TRY] 2084 https://www.release.tdnet.info/inbs/081220260818522182.zip
[backfill][XBRL TRY] 2084 https://www.release.tdnet.info/inbs/091220260818522182.zip
[backfill][XBRL TRY] 2084 https://www2.jpx.co.jp/disc/20840/081220260818522182.zip
[backfill][XBRL TRY] 2084 https://www2.jpx.co.jp/disc/20840/091220260818522182.zip
[forecast_history] 対象=16 initial=8 revision=2 achievement=0 unresolved=6
[OK] 決算:46件, 増資:19件, TOB:4件, 本文:77件, 予想初期:8件, 予想修正:2件, 達成履歴更新:0件 をDBに保存しました。
=== fetch_all: 完全成功 ===
===== 2026-08-18T18:31:34 END status=success rc=0 =====


===== 2026-08-18T18:40:00 START C:\Users\sasit\AppData\Local\Programs\Python\Python310\pythonw.exe D:\kabu\main\1-スクリーニング自動化プログラム\main\fetch_all.py =====
=== fetch_all: TDnetデータ収集開始 ===
[backfill][DOC CACHE HIT] 2796 2026-08-18 598文字 連結子会社からの配当金受領に関するお知らせ
[backfill][DOC CACHE HIT] 4415 2026-08-18 19,730文字 2026年12月期 第２四半期決算説明書き起こし
[backfill][DOC CACHE HIT] 471A 2026-08-18 485文字 （訂正）「2026年12月期第１四半期決算短信〔IFRS〕（連結）」の一部訂正に
[backfill][DOC CACHE HIT] 471A 2026-08-18 500文字 （訂正）「2026年12月期第２四半期（中間期）決算短信〔IFRS〕（連結）」の
[backfill][DOC CACHE HIT] 7707 2026-08-18 1,064文字 (訂正)「2026年６月期 決算短信〔日本基準〕（連結）」の一部訂正に関するお知
[backfill][DOC CACHE HIT] 7814 2026-08-18 17,220文字 2026年12月期　第２四半期（中間期）決算説明会資料
[backfill][DOC CACHE HIT] 3174 2026-08-18 1,914文字 2026年８月期通期連結・個別業績予想の修正に関するお知らせ
[backfill][DOC CACHE HIT] 6327 2026-08-18 11,715文字 2026年６月期 決算短信〔日本基準〕（連結）
[backfill][DOC CACHE HIT] 6327 2026-08-18 1,023文字 剰余金の配当に関するお知らせ
[backfill][DOC CACHE HIT] 1999 2026-08-18 21,424文字 2026年6月期　決算短信〔日本基準〕（連結）
[backfill][DOC CACHE HIT] 1999 2026-08-18 765文字 通期連結業績予想値と実績値との差異に関するお知らせ
[backfill][DOC CACHE HIT] 2160 2026-08-18 36,315文字 2026年12月期 第2四半期決算説明資料
[backfill][DOC CACHE HIT] 2735 2026-08-18 1,833文字 業績予想及び配当予想の修正に関するお知らせ
[backfill][DOC CACHE HIT] 3487 2026-08-18 46,065文字 2026年６月期 決算短信（REIT）
[backfill][DOC CACHE HIT] 3487 2026-08-18 54,901文字 2026年６月期 決算説明会資料
[backfill][DOC CACHE HIT] 4264 2026-08-18 7,102文字 業績目標コミットメント型ストック・オプション（有償ストック・オプション）の発行に
[backfill][DOC CACHE HIT] 4776 2026-08-18 501文字 （訂正）「2026年12月期 第２四半期決算補足資料」の一部訂正について
[backfill][DOC CACHE HIT] 598A 2026-08-18 35,052文字 「2026年6月期決算説明資料」に関する動画書き起こし
[backfill][DOC CACHE HIT] 6046 2026-08-18 1,294文字 2026年９月 期第３四半期 決算に関する質疑応答集
[backfill][DOC CACHE HIT] 6094 2026-08-18 2,329文字 2026年9月期 第3第四半期決算 質疑応答集
[backfill][DOC CACHE HIT] 7383 2026-08-18 2,633文字 [Q&A書き起こし]2027年３月期 第１四半期決算説明会
[backfill][DOC CACHE HIT] 7532 2026-08-18 39,379文字 2026年6月期決算短信〔日本基準〕（連結）
[backfill][DOC CACHE HIT] 7532 2026-08-18 1,771文字 2026年６月期剰余金の配当（増配）及び2027年６月期配当予想に関するお知らせ
[backfill][DOC CACHE HIT] 8798 2026-08-18 1,374文字 （訂正）「過年度の有価証券報告書等の訂正報告書の提出及び過年度の決算短信等の訂正
[backfill][DOC CACHE HIT] 8798 2026-08-18 742文字 （訂正）「2026年9月期第2四半期（2025年10月～2026年3月） 業績説
[backfill][DOC CACHE HIT] 9610 2026-08-18 11,407文字 2027年３月期第１四半期決算補足説明資料（動画）
[backfill][DOC CACHE HIT] 9887 2026-08-18 601文字 （訂正）「令和9年3月期第1四半期決算短信〔日本基準〕（連結）」の一部訂正に関す
[backfill][DOC CACHE HIT] 4826 2026-08-18 1,043文字 剰余金の配当に関するお知らせ
[backfill][DOC CACHE HIT] 6340 2026-08-18 25,533文字 2026年6月期　決算説明資料
[backfill][DOC CACHE HIT] 2083 2026-08-18 16,082文字 NEXT FUNDS 日本成長株アクティブ上場投信 決算短信
[backfill][DOC CACHE HIT] 2084 2026-08-18 19,835文字 NEXT FUNDS 日本高配当株アクティブ上場投信 決算短信
[backfill][DOC CACHE HIT] 6850 2026-08-18 8,579文字 2027年3月期 第1四半期 決算補足説明資料
[backfill][DOC CACHE HIT] 8084 2026-08-18 5,303文字 2027年３月期第1四半期　決算補足資料
[backfill][DOC CACHE HIT] 2681 2026-08-18 32,813文字 (訂正）「2027年３月期  第１四半期決算説明資料」の一部訂正について
[backfill][DOC CACHE HIT] 9941 2026-08-18 4,037文字 2026年９月期 ７月度　月次業績（売上高）速報
[backfill][DOC CACHE HIT] 4320 2026-08-18 3,984文字 （訂正）「2026年９月期第３四半期決算短信〔日本基準〕（連結）」の一部訂正につ
[backfill][DOC CACHE HIT] 8304 2026-08-18 1,262文字 2027年3月期 第1四半期 自己資本比率について
[backfill][DOC CACHE HIT] 8951 2026-08-18 31,497文字 2026年６月期（第50期）決算説明会資料
[backfill][DOC CACHE HIT] 3660 2026-08-18 5,402文字 2026年６月期通期 決算説明会における質疑応答
[backfill][DOC CACHE HIT] 482A 2026-08-17 1,051文字 「2026年8月期業績予想の修正に関するお知らせ」の再掲載について
[backfill][DOC CACHE HIT] 4019 2026-08-17 26,197文字 2026年12月期 第2四半期決算説明会書き起こし
[backfill][SOURCE 1/3] 2026-08-17 2026年8月期業績予想の修正に関するお知らせ
[backfill][TRY 1/3] 2026-08-17 2026年8月期業績予想の修正に関するお知らせ https://webapi.yanoshin.jp/rd.php?https://www.release.tdnet.info/inbs/140120260817521628.pdf
[backfill][UNUSABLE] 2026-08-17 2026年8月期業績予想の修正に関するお知らせ ctype=application/pdf bytes=100,551
[backfill][TRY 2/3] 2026-08-17 2026年8月期業績予想の修正に関するお知らせ http://webapi.yanoshin.jp/rd.php?https://www.release.tdnet.info/inbs/140120260817521628.pdf
[backfill][UNUSABLE] 2026-08-17 2026年8月期業績予想の修正に関するお知らせ ctype=application/pdf bytes=100,551
[backfill][TRY 3/3] 2026-08-17 2026年8月期業績予想の修正に関するお知らせ https://www.release.tdnet.info/inbs/140120260817521628.pdf
[backfill][UNUSABLE] 2026-08-17 2026年8月期業績予想の修正に関するお知らせ ctype=application/pdf bytes=100,551
[backfill][JPX FAST 2/3] 2026-08-17 2026年8月期業績予想の修正に関するお知らせ https://www2.jpx.co.jp/disc/482A0/140120260817521628.pdf
[backfill][TRY 1/1] 2026-08-17 2026年8月期業績予想の修正に関するお知らせ https://www2.jpx.co.jp/disc/482A0/140120260817521628.pdf
[backfill][HTTP 404] 2026-08-17 2026年8月期業績予想の修正に関するお知らせ
[backfill][SOURCE 3/3] 2026-08-17 2026年8月期業績予想の修正に関するお知らせ
[backfill][SKIP FAILCACHE] 2026-08-17 2026年8月期業績予想の修正に関するお知らせ https://www.release.tdnet.info/inbs/140120260817521628.pdf
[backfill][TRY 2/2] 2026-08-17 2026年8月期業績予想の修正に関するお知らせ http://www.release.tdnet.info/inbs/140120260817521628.pdf
[backfill][TIMEOUT 5s] 2026-08-17 2026年8月期業績予想の修正に関するお知らせ
[backfill][DOC EMPTY] 482A 2026-08-17 17:00:00 2026年8月期業績予想の修正に関するお知らせ raw=https://webapi.yanoshin.jp/rd.php?https://www.release.tdnet.info/inbs/140120260817521
[backfill][DOC CACHE HIT] 5534 2026-08-17 1,123文字 通期連結業績予想の修正に関するお知らせ
[backfill][DOC CACHE HIT] 6036 2026-08-17 28,949文字 （訂正）「2026年6月期第2四半期 決算説明会資料」の一部訂正について
[backfill][DOC CACHE HIT] 7044 2026-08-17 696文字 （訂正）「2026年12月期第２四半期（中間期）決算補足資料」の一部訂正について
[backfill][DOC CACHE HIT] 9439 2026-08-17 1,576文字 通期連結業績予想値と実績値との差異に関するお知らせ
[backfill][DOC CACHE HIT] 9439 2026-08-17 25,306文字 2026年6月期　決算短信〔日本基準〕（連結）
[backfill][DOC CACHE HIT] 9439 2026-08-17 1,166文字 剰余金の配当（無配）に関するお知らせ
[backfill][DOC CACHE HIT] 5251 2026-08-17 2,468文字 （再登録）「中間決算説明資料の開示に関するお知らせ」の再登録について
[backfill][DOC CACHE HIT] 6195 2026-08-17 31,592文字 （訂正・数値データ訂正）「2026年３月期　決算短信〔日本基準〕（連結）」の一部
[backfill][DOC CACHE HIT] 7042 2026-08-17 4,066文字 2027年３月期第１四半期決算説明資料
[backfill][DOC CACHE HIT] 8964 2026-08-17 37,819文字 2026年6月期　決算短信（ＲＥＩＴ）
[backfill][DOC CACHE HIT] 7177 2026-08-17 3,192文字 2026年７月の月次業績（速報）に関するお知らせ
[backfill][DOC CACHE HIT] 3168 2026-08-17 1,149文字 特別配当および期末配当予想の修正に関するお知らせ
[backfill][DOC CACHE HIT] 367A 2026-08-17 500文字 連結子会社からの剰余金の配当受領に関するお知らせ
[backfill][DOC CACHE HIT] 4484 2026-08-17 6,345文字 2027年３月期 第１四半期決算説明会レポート（書き起こし）
[backfill][DOC CACHE HIT] 4651 2026-08-17 9,960文字 2027年３月期　第１四半期決算短信〔日本基準〕（連結）
[backfill][DOC CACHE HIT] 4651 2026-08-17 21,202文字 2027年３月期　第１四半期決算説明資料
[backfill][DOC CACHE HIT] 5242 2026-08-17 1,063文字 2026年12月期第２四半期決算説明会 質疑応答（要旨）
[backfill][DOC CACHE HIT] 7069 2026-08-17 675文字 （訂正）「2026年9月期 第3四半期決算説明資料」の一部訂正について
[backfill][DOC CACHE HIT] 8951 2026-08-17 39,641文字 2026年６月期　決算短信（ＲＥＩＴ）
[backfill][DOC CACHE HIT] 8951 2026-08-17 9,069文字 2026年６月期_決算概要
[backfill][DOC CACHE HIT] 8955 2026-08-17 42,496文字 2026年6月期　決算短信（ＲＥＩＴ）
[backfill][DOC CACHE HIT] 8955 2026-08-17 48,751文字 2026年6月期（第49期）決算説明資料
[backfill][DOC CACHE HIT] 9284 2026-08-17 50,474文字 2026年６月期 決算短信（インフラファンド）
[backfill][DOC CACHE HIT] 2461 2026-08-17 3,208文字 2026年12月期7月度 月次業績速報のお知らせ
[backfill][DOC CACHE HIT] 264A 2026-08-17 891文字 （訂正）「2026年９月期第３四半期決算説明資料」の一部訂正について
[backfill][DOC CACHE HIT] 5632 2026-08-17 559文字 連結子会社からの配当金受領に関するお知らせ
[backfill][DOC CACHE HIT] 2927 2026-08-17 733文字 2026年8月期 期末配当予想の増配に関するお知らせ
[backfill][DOC CACHE HIT] 6061 2026-08-17 1,101文字 （訂正・数値データ訂正）「令和８年６月期　決算短信〔日本基準〕(連結)」の一部訂
[backfill][DOC CACHE HIT] 2991 2026-08-17 1,105文字 2026年７月度　月次業績速報
[backfill][DOC CACHE HIT] 4574 2026-08-17 11,096文字 2026年12月期(FY2026)第２四半期(中間期)連結決算報告
[backfill][DOC CACHE HIT] 4018 2026-08-17 510文字 （訂正）「2026年6月期　決算短信〔日本基準〕（非連結）」の一部訂正に関するお
[backfill][DOC CACHE HIT] 8705 2026-08-17 2,394文字 2026年７月の月次業績等（速報）に関するお知らせ
[backfill][DOC CACHE HIT] 8798 2026-08-17 18,713文字 （訂正・数値データ訂正）「2025年9月期 第1四半期決算短信〔日本基準〕（連結
[backfill][DOC CACHE HIT] 9162 2026-08-17 606文字 （訂正）「2026年６月期 通期連結決算説明資料」の一部訂正について
[backfill][DOC CACHE HIT] 3445 2026-08-17 15,223文字 2026年12月期第２四半期 決算説明会 書き起こし公開のお知らせ
[backfill][DOC CACHE HIT] 319A 2026-08-17 4,923文字 Q&A 2026年12月期第2四半期決算説明
[backfill][XBRL TRY] 9284 https://www.release.tdnet.info/inbs/081220260817521739.zip
[backfill][XBRL TRY] 9284 https://www.release.tdnet.info/inbs/091220260817521739.zip
[backfill][XBRL TRY] 9284 https://www2.jpx.co.jp/disc/92840/081220260817521739.zip
[backfill][XBRL TRY] 9284 https://www2.jpx.co.jp/disc/92840/091220260817521739.zip
[backfill][XBRL TRY] 482A https://www.release.tdnet.info/inbs/081220260817521628.zip
[backfill][XBRL TRY] 482A https://www.release.tdnet.info/inbs/091220260817521628.zip
[backfill][XBRL TRY] 482A https://www2.jpx.co.jp/disc/482A0/081220260817521628.zip
[backfill][XBRL TRY] 482A https://www2.jpx.co.jp/disc/482A0/091220260817521628.zip
[backfill][XBRL TRY] 5534 https://www.release.tdnet.info/inbs/081220260817521941.zip
[backfill][XBRL TRY] 5534 https://www.release.tdnet.info/inbs/091220260817521941.zip
[backfill][XBRL TRY] 5534 https://www2.jpx.co.jp/disc/55340/081220260817521941.zip
[backfill][XBRL TRY] 5534 https://www2.jpx.co.jp/disc/55340/091220260817521941.zip
[backfill][XBRL TRY] 482A https://www.release.tdnet.info/inbs/081220260817522088.zip
[backfill][XBRL TRY] 482A https://www.release.tdnet.info/inbs/091220260817522088.zip
[backfill][XBRL TRY] 482A https://www2.jpx.co.jp/disc/482A0/081220260817522088.zip
[backfill][XBRL TRY] 482A https://www2.jpx.co.jp/disc/482A0/091220260817522088.zip
[backfill][XBRL TRY] 2083 https://www.release.tdnet.info/inbs/081220260818522160.zip
[backfill][XBRL TRY] 2083 https://www.release.tdnet.info/inbs/091220260818522160.zip
[backfill][XBRL TRY] 2083 https://www2.jpx.co.jp/disc/20830/081220260818522160.zip
[backfill][XBRL TRY] 2083 https://www2.jpx.co.jp/disc/20830/091220260818522160.zip
[backfill][XBRL TRY] 2084 https://www.release.tdnet.info/inbs/081220260818522182.zip
[backfill][XBRL TRY] 2084 https://www.release.tdnet.info/inbs/091220260818522182.zip
[backfill][XBRL TRY] 2084 https://www2.jpx.co.jp/disc/20840/081220260818522182.zip
[backfill][XBRL TRY] 2084 https://www2.jpx.co.jp/disc/20840/091220260818522182.zip
[forecast_history] 対象=16 initial=8 revision=2 achievement=0 unresolved=6
[OK] 決算:46件, 増資:19件, TOB:4件, 本文:77件, 予想初期:8件, 予想修正:2件, 達成履歴更新:0件 をDBに保存しました。
=== fetch_all: 完全成功 ===
===== 2026-08-18T18:41:11 END status=success rc=0 =====


===== 2026-08-18T18:50:00 START C:\Users\sasit\AppData\Local\Programs\Python\Python310\pythonw.exe D:\kabu\main\1-スクリーニング自動化プログラム\main\fetch_all.py =====
=== fetch_all: TDnetデータ収集開始 ===
[backfill][DOC CACHE HIT] 2796 2026-08-18 598文字 連結子会社からの配当金受領に関するお知らせ
[backfill][DOC CACHE HIT] 4415 2026-08-18 19,730文字 2026年12月期 第２四半期決算説明書き起こし
[backfill][DOC CACHE HIT] 471A 2026-08-18 485文字 （訂正）「2026年12月期第１四半期決算短信〔IFRS〕（連結）」の一部訂正に
[backfill][DOC CACHE HIT] 471A 2026-08-18 500文字 （訂正）「2026年12月期第２四半期（中間期）決算短信〔IFRS〕（連結）」の
[backfill][DOC CACHE HIT] 7707 2026-08-18 1,064文字 (訂正)「2026年６月期 決算短信〔日本基準〕（連結）」の一部訂正に関するお知
[backfill][DOC CACHE HIT] 7814 2026-08-18 17,220文字 2026年12月期　第２四半期（中間期）決算説明会資料
[backfill][DOC CACHE HIT] 3174 2026-08-18 1,914文字 2026年８月期通期連結・個別業績予想の修正に関するお知らせ
[backfill][DOC CACHE HIT] 6327 2026-08-18 11,715文字 2026年６月期 決算短信〔日本基準〕（連結）
[backfill][DOC CACHE HIT] 6327 2026-08-18 1,023文字 剰余金の配当に関するお知らせ
[backfill][DOC CACHE HIT] 1999 2026-08-18 21,424文字 2026年6月期　決算短信〔日本基準〕（連結）
[backfill][DOC CACHE HIT] 1999 2026-08-18 765文字 通期連結業績予想値と実績値との差異に関するお知らせ
[backfill][DOC CACHE HIT] 2160 2026-08-18 36,315文字 2026年12月期 第2四半期決算説明資料
[backfill][DOC CACHE HIT] 2735 2026-08-18 1,833文字 業績予想及び配当予想の修正に関するお知らせ
[backfill][DOC CACHE HIT] 3487 2026-08-18 46,065文字 2026年６月期 決算短信（REIT）
[backfill][DOC CACHE HIT] 3487 2026-08-18 54,901文字 2026年６月期 決算説明会資料
[backfill][DOC CACHE HIT] 4264 2026-08-18 7,102文字 業績目標コミットメント型ストック・オプション（有償ストック・オプション）の発行に
[backfill][DOC CACHE HIT] 4776 2026-08-18 501文字 （訂正）「2026年12月期 第２四半期決算補足資料」の一部訂正について
[backfill][DOC CACHE HIT] 598A 2026-08-18 35,052文字 「2026年6月期決算説明資料」に関する動画書き起こし
[backfill][DOC CACHE HIT] 6046 2026-08-18 1,294文字 2026年９月 期第３四半期 決算に関する質疑応答集
[backfill][DOC CACHE HIT] 6094 2026-08-18 2,329文字 2026年9月期 第3第四半期決算 質疑応答集
[backfill][DOC CACHE HIT] 7383 2026-08-18 2,633文字 [Q&A書き起こし]2027年３月期 第１四半期決算説明会
[backfill][DOC CACHE HIT] 7532 2026-08-18 39,379文字 2026年6月期決算短信〔日本基準〕（連結）
[backfill][DOC CACHE HIT] 7532 2026-08-18 1,771文字 2026年６月期剰余金の配当（増配）及び2027年６月期配当予想に関するお知らせ
[backfill][DOC CACHE HIT] 8798 2026-08-18 1,374文字 （訂正）「過年度の有価証券報告書等の訂正報告書の提出及び過年度の決算短信等の訂正
[backfill][DOC CACHE HIT] 8798 2026-08-18 742文字 （訂正）「2026年9月期第2四半期（2025年10月～2026年3月） 業績説
[backfill][DOC CACHE HIT] 9610 2026-08-18 11,407文字 2027年３月期第１四半期決算補足説明資料（動画）
[backfill][DOC CACHE HIT] 9887 2026-08-18 601文字 （訂正）「令和9年3月期第1四半期決算短信〔日本基準〕（連結）」の一部訂正に関す
[backfill][DOC CACHE HIT] 4826 2026-08-18 1,043文字 剰余金の配当に関するお知らせ
[backfill][DOC CACHE HIT] 6340 2026-08-18 25,533文字 2026年6月期　決算説明資料
[backfill][DOC CACHE HIT] 2083 2026-08-18 16,082文字 NEXT FUNDS 日本成長株アクティブ上場投信 決算短信
[backfill][DOC CACHE HIT] 2084 2026-08-18 19,835文字 NEXT FUNDS 日本高配当株アクティブ上場投信 決算短信
[backfill][DOC CACHE HIT] 6850 2026-08-18 8,579文字 2027年3月期 第1四半期 決算補足説明資料
[backfill][DOC CACHE HIT] 8084 2026-08-18 5,303文字 2027年３月期第1四半期　決算補足資料
[backfill][DOC CACHE HIT] 2681 2026-08-18 32,813文字 (訂正）「2027年３月期  第１四半期決算説明資料」の一部訂正について
[backfill][DOC CACHE HIT] 9941 2026-08-18 4,037文字 2026年９月期 ７月度　月次業績（売上高）速報
[backfill][DOC CACHE HIT] 4320 2026-08-18 3,984文字 （訂正）「2026年９月期第３四半期決算短信〔日本基準〕（連結）」の一部訂正につ
[backfill][DOC CACHE HIT] 8304 2026-08-18 1,262文字 2027年3月期 第1四半期 自己資本比率について
[backfill][DOC CACHE HIT] 8951 2026-08-18 31,497文字 2026年６月期（第50期）決算説明会資料
[backfill][DOC CACHE HIT] 3660 2026-08-18 5,402文字 2026年６月期通期 決算説明会における質疑応答
[backfill][DOC CACHE HIT] 482A 2026-08-17 1,051文字 「2026年8月期業績予想の修正に関するお知らせ」の再掲載について
[backfill][DOC CACHE HIT] 4019 2026-08-17 26,197文字 2026年12月期 第2四半期決算説明会書き起こし
[backfill][SOURCE 1/3] 2026-08-17 2026年8月期業績予想の修正に関するお知らせ
[backfill][TRY 1/3] 2026-08-17 2026年8月期業績予想の修正に関するお知らせ https://webapi.yanoshin.jp/rd.php?https://www.release.tdnet.info/inbs/140120260817521628.pdf
[backfill][UNUSABLE] 2026-08-17 2026年8月期業績予想の修正に関するお知らせ ctype=application/pdf bytes=100,551
[backfill][TRY 2/3] 2026-08-17 2026年8月期業績予想の修正に関するお知らせ http://webapi.yanoshin.jp/rd.php?https://www.release.tdnet.info/inbs/140120260817521628.pdf
[backfill][UNUSABLE] 2026-08-17 2026年8月期業績予想の修正に関するお知らせ ctype=application/pdf bytes=100,551
[backfill][TRY 3/3] 2026-08-17 2026年8月期業績予想の修正に関するお知らせ https://www.release.tdnet.info/inbs/140120260817521628.pdf
[backfill][UNUSABLE] 2026-08-17 2026年8月期業績予想の修正に関するお知らせ ctype=application/pdf bytes=100,551
[backfill][JPX FAST 2/3] 2026-08-17 2026年8月期業績予想の修正に関するお知らせ https://www2.jpx.co.jp/disc/482A0/140120260817521628.pdf
[backfill][TRY 1/1] 2026-08-17 2026年8月期業績予想の修正に関するお知らせ https://www2.jpx.co.jp/disc/482A0/140120260817521628.pdf
[backfill][HTTP 404] 2026-08-17 2026年8月期業績予想の修正に関するお知らせ
[backfill][SOURCE 3/3] 2026-08-17 2026年8月期業績予想の修正に関するお知らせ
[backfill][SKIP FAILCACHE] 2026-08-17 2026年8月期業績予想の修正に関するお知らせ https://www.release.tdnet.info/inbs/140120260817521628.pdf
[backfill][TRY 2/2] 2026-08-17 2026年8月期業績予想の修正に関するお知らせ http://www.release.tdnet.info/inbs/140120260817521628.pdf
[backfill][TIMEOUT 5s] 2026-08-17 2026年8月期業績予想の修正に関するお知らせ
[backfill][DOC EMPTY] 482A 2026-08-17 17:00:00 2026年8月期業績予想の修正に関するお知らせ raw=https://webapi.yanoshin.jp/rd.php?https://www.release.tdnet.info/inbs/140120260817521
[backfill][DOC CACHE HIT] 5534 2026-08-17 1,123文字 通期連結業績予想の修正に関するお知らせ
[backfill][DOC CACHE HIT] 6036 2026-08-17 28,949文字 （訂正）「2026年6月期第2四半期 決算説明会資料」の一部訂正について
[backfill][DOC CACHE HIT] 7044 2026-08-17 696文字 （訂正）「2026年12月期第２四半期（中間期）決算補足資料」の一部訂正について
[backfill][DOC CACHE HIT] 9439 2026-08-17 1,576文字 通期連結業績予想値と実績値との差異に関するお知らせ
[backfill][DOC CACHE HIT] 9439 2026-08-17 25,306文字 2026年6月期　決算短信〔日本基準〕（連結）
[backfill][DOC CACHE HIT] 9439 2026-08-17 1,166文字 剰余金の配当（無配）に関するお知らせ
[backfill][DOC CACHE HIT] 5251 2026-08-17 2,468文字 （再登録）「中間決算説明資料の開示に関するお知らせ」の再登録について
[backfill][DOC CACHE HIT] 6195 2026-08-17 31,592文字 （訂正・数値データ訂正）「2026年３月期　決算短信〔日本基準〕（連結）」の一部
[backfill][DOC CACHE HIT] 7042 2026-08-17 4,066文字 2027年３月期第１四半期決算説明資料
[backfill][DOC CACHE HIT] 8964 2026-08-17 37,819文字 2026年6月期　決算短信（ＲＥＩＴ）
[backfill][DOC CACHE HIT] 7177 2026-08-17 3,192文字 2026年７月の月次業績（速報）に関するお知らせ
[backfill][DOC CACHE HIT] 3168 2026-08-17 1,149文字 特別配当および期末配当予想の修正に関するお知らせ
[backfill][DOC CACHE HIT] 367A 2026-08-17 500文字 連結子会社からの剰余金の配当受領に関するお知らせ
[backfill][DOC CACHE HIT] 4484 2026-08-17 6,345文字 2027年３月期 第１四半期決算説明会レポート（書き起こし）
[backfill][DOC CACHE HIT] 4651 2026-08-17 9,960文字 2027年３月期　第１四半期決算短信〔日本基準〕（連結）
[backfill][DOC CACHE HIT] 4651 2026-08-17 21,202文字 2027年３月期　第１四半期決算説明資料
[backfill][DOC CACHE HIT] 5242 2026-08-17 1,063文字 2026年12月期第２四半期決算説明会 質疑応答（要旨）
[backfill][DOC CACHE HIT] 7069 2026-08-17 675文字 （訂正）「2026年9月期 第3四半期決算説明資料」の一部訂正について
[backfill][DOC CACHE HIT] 8951 2026-08-17 39,641文字 2026年６月期　決算短信（ＲＥＩＴ）
[backfill][DOC CACHE HIT] 8951 2026-08-17 9,069文字 2026年６月期_決算概要
[backfill][DOC CACHE HIT] 8955 2026-08-17 42,496文字 2026年6月期　決算短信（ＲＥＩＴ）
[backfill][DOC CACHE HIT] 8955 2026-08-17 48,751文字 2026年6月期（第49期）決算説明資料
[backfill][DOC CACHE HIT] 9284 2026-08-17 50,474文字 2026年６月期 決算短信（インフラファンド）
[backfill][DOC CACHE HIT] 2461 2026-08-17 3,208文字 2026年12月期7月度 月次業績速報のお知らせ
[backfill][DOC CACHE HIT] 264A 2026-08-17 891文字 （訂正）「2026年９月期第３四半期決算説明資料」の一部訂正について
[backfill][DOC CACHE HIT] 5632 2026-08-17 559文字 連結子会社からの配当金受領に関するお知らせ
[backfill][DOC CACHE HIT] 2927 2026-08-17 733文字 2026年8月期 期末配当予想の増配に関するお知らせ
[backfill][DOC CACHE HIT] 6061 2026-08-17 1,101文字 （訂正・数値データ訂正）「令和８年６月期　決算短信〔日本基準〕(連結)」の一部訂
[backfill][DOC CACHE HIT] 2991 2026-08-17 1,105文字 2026年７月度　月次業績速報
[backfill][DOC CACHE HIT] 4574 2026-08-17 11,096文字 2026年12月期(FY2026)第２四半期(中間期)連結決算報告
[backfill][DOC CACHE HIT] 4018 2026-08-17 510文字 （訂正）「2026年6月期　決算短信〔日本基準〕（非連結）」の一部訂正に関するお
[backfill][DOC CACHE HIT] 8705 2026-08-17 2,394文字 2026年７月の月次業績等（速報）に関するお知らせ
[backfill][DOC CACHE HIT] 8798 2026-08-17 18,713文字 （訂正・数値データ訂正）「2025年9月期 第1四半期決算短信〔日本基準〕（連結
[backfill][DOC CACHE HIT] 9162 2026-08-17 606文字 （訂正）「2026年６月期 通期連結決算説明資料」の一部訂正について
[backfill][DOC CACHE HIT] 3445 2026-08-17 15,223文字 2026年12月期第２四半期 決算説明会 書き起こし公開のお知らせ
[backfill][DOC CACHE HIT] 319A 2026-08-17 4,923文字 Q&A 2026年12月期第2四半期決算説明
[backfill][XBRL TRY] 9284 https://www.release.tdnet.info/inbs/081220260817521739.zip
[backfill][XBRL TRY] 9284 https://www.release.tdnet.info/inbs/091220260817521739.zip
[backfill][XBRL TRY] 9284 https://www2.jpx.co.jp/disc/92840/081220260817521739.zip
[backfill][XBRL TRY] 9284 https://www2.jpx.co.jp/disc/92840/091220260817521739.zip
[backfill][XBRL TRY] 482A https://www.release.tdnet.info/inbs/081220260817521628.zip
[backfill][XBRL TRY] 482A https://www.release.tdnet.info/inbs/091220260817521628.zip
[backfill][XBRL TRY] 482A https://www2.jpx.co.jp/disc/482A0/081220260817521628.zip
[backfill][XBRL TRY] 482A https://www2.jpx.co.jp/disc/482A0/091220260817521628.zip
[backfill][XBRL TRY] 5534 https://www.release.tdnet.info/inbs/081220260817521941.zip
[backfill][XBRL TRY] 5534 https://www.release.tdnet.info/inbs/091220260817521941.zip
[backfill][XBRL TRY] 5534 https://www2.jpx.co.jp/disc/55340/081220260817521941.zip
[backfill][XBRL TRY] 5534 https://www2.jpx.co.jp/disc/55340/091220260817521941.zip
[backfill][XBRL TRY] 482A https://www.release.tdnet.info/inbs/081220260817522088.zip
[backfill][XBRL TRY] 482A https://www.release.tdnet.info/inbs/091220260817522088.zip
[backfill][XBRL TRY] 482A https://www2.jpx.co.jp/disc/482A0/081220260817522088.zip
[backfill][XBRL TRY] 482A https://www2.jpx.co.jp/disc/482A0/091220260817522088.zip
[backfill][XBRL TRY] 2083 https://www.release.tdnet.info/inbs/081220260818522160.zip
[backfill][XBRL TRY] 2083 https://www.release.tdnet.info/inbs/091220260818522160.zip
[backfill][XBRL TRY] 2083 https://www2.jpx.co.jp/disc/20830/081220260818522160.zip
[backfill][XBRL TRY] 2083 https://www2.jpx.co.jp/disc/20830/091220260818522160.zip
[backfill][XBRL TRY] 2084 https://www.release.tdnet.info/inbs/081220260818522182.zip
[backfill][XBRL TRY] 2084 https://www.release.tdnet.info/inbs/091220260818522182.zip
[backfill][XBRL TRY] 2084 https://www2.jpx.co.jp/disc/20840/081220260818522182.zip
[backfill][XBRL TRY] 2084 https://www2.jpx.co.jp/disc/20840/091220260818522182.zip
[forecast_history] 対象=16 initial=8 revision=2 achievement=0 unresolved=6
[OK] 決算:46件, 増資:19件, TOB:4件, 本文:77件, 予想初期:8件, 予想修正:2件, 達成履歴更新:0件 をDBに保存しました。
=== fetch_all: 完全成功 ===
===== 2026-08-18T18:51:10 END status=success rc=0 =====


===== 2026-08-18T19:00:00 START C:\Users\sasit\AppData\Local\Programs\Python\Python310\pythonw.exe D:\kabu\main\1-スクリーニング自動化プログラム\main\fetch_all.py =====
=== fetch_all: TDnetデータ収集開始 ===
[backfill][DOC CACHE HIT] 2796 2026-08-18 598文字 連結子会社からの配当金受領に関するお知らせ
[backfill][DOC CACHE HIT] 4415 2026-08-18 19,730文字 2026年12月期 第２四半期決算説明書き起こし
[backfill][DOC CACHE HIT] 471A 2026-08-18 485文字 （訂正）「2026年12月期第１四半期決算短信〔IFRS〕（連結）」の一部訂正に
[backfill][DOC CACHE HIT] 471A 2026-08-18 500文字 （訂正）「2026年12月期第２四半期（中間期）決算短信〔IFRS〕（連結）」の
[backfill][DOC CACHE HIT] 7707 2026-08-18 1,064文字 (訂正)「2026年６月期 決算短信〔日本基準〕（連結）」の一部訂正に関するお知
[backfill][DOC CACHE HIT] 7814 2026-08-18 17,220文字 2026年12月期　第２四半期（中間期）決算説明会資料
[backfill][DOC CACHE HIT] 3174 2026-08-18 1,914文字 2026年８月期通期連結・個別業績予想の修正に関するお知らせ
[backfill][DOC CACHE HIT] 6327 2026-08-18 11,715文字 2026年６月期 決算短信〔日本基準〕（連結）
[backfill][DOC CACHE HIT] 6327 2026-08-18 1,023文字 剰余金の配当に関するお知らせ
[backfill][DOC CACHE HIT] 1999 2026-08-18 21,424文字 2026年6月期　決算短信〔日本基準〕（連結）
[backfill][DOC CACHE HIT] 1999 2026-08-18 765文字 通期連結業績予想値と実績値との差異に関するお知らせ
[backfill][DOC CACHE HIT] 2160 2026-08-18 36,315文字 2026年12月期 第2四半期決算説明資料
[backfill][DOC CACHE HIT] 2735 2026-08-18 1,833文字 業績予想及び配当予想の修正に関するお知らせ
[backfill][DOC CACHE HIT] 3487 2026-08-18 46,065文字 2026年６月期 決算短信（REIT）
[backfill][DOC CACHE HIT] 3487 2026-08-18 54,901文字 2026年６月期 決算説明会資料
[backfill][DOC CACHE HIT] 4264 2026-08-18 7,102文字 業績目標コミットメント型ストック・オプション（有償ストック・オプション）の発行に
[backfill][DOC CACHE HIT] 4776 2026-08-18 501文字 （訂正）「2026年12月期 第２四半期決算補足資料」の一部訂正について
[backfill][DOC CACHE HIT] 598A 2026-08-18 35,052文字 「2026年6月期決算説明資料」に関する動画書き起こし
[backfill][DOC CACHE HIT] 6046 2026-08-18 1,294文字 2026年９月 期第３四半期 決算に関する質疑応答集
[backfill][DOC CACHE HIT] 6094 2026-08-18 2,329文字 2026年9月期 第3第四半期決算 質疑応答集
[backfill][DOC CACHE HIT] 7383 2026-08-18 2,633文字 [Q&A書き起こし]2027年３月期 第１四半期決算説明会
[backfill][DOC CACHE HIT] 7532 2026-08-18 39,379文字 2026年6月期決算短信〔日本基準〕（連結）
[backfill][DOC CACHE HIT] 7532 2026-08-18 1,771文字 2026年６月期剰余金の配当（増配）及び2027年６月期配当予想に関するお知らせ
[backfill][DOC CACHE HIT] 8798 2026-08-18 1,374文字 （訂正）「過年度の有価証券報告書等の訂正報告書の提出及び過年度の決算短信等の訂正
[backfill][DOC CACHE HIT] 8798 2026-08-18 742文字 （訂正）「2026年9月期第2四半期（2025年10月～2026年3月） 業績説
[backfill][DOC CACHE HIT] 9610 2026-08-18 11,407文字 2027年３月期第１四半期決算補足説明資料（動画）
[backfill][DOC CACHE HIT] 9887 2026-08-18 601文字 （訂正）「令和9年3月期第1四半期決算短信〔日本基準〕（連結）」の一部訂正に関す
[backfill][DOC CACHE HIT] 4826 2026-08-18 1,043文字 剰余金の配当に関するお知らせ
[backfill][DOC CACHE HIT] 6340 2026-08-18 25,533文字 2026年6月期　決算説明資料
[backfill][DOC CACHE HIT] 2083 2026-08-18 16,082文字 NEXT FUNDS 日本成長株アクティブ上場投信 決算短信
[backfill][DOC CACHE HIT] 2084 2026-08-18 19,835文字 NEXT FUNDS 日本高配当株アクティブ上場投信 決算短信
[backfill][DOC CACHE HIT] 6850 2026-08-18 8,579文字 2027年3月期 第1四半期 決算補足説明資料
[backfill][DOC CACHE HIT] 8084 2026-08-18 5,303文字 2027年３月期第1四半期　決算補足資料
[backfill][DOC CACHE HIT] 2681 2026-08-18 32,813文字 (訂正）「2027年３月期  第１四半期決算説明資料」の一部訂正について
[backfill][DOC CACHE HIT] 9941 2026-08-18 4,037文字 2026年９月期 ７月度　月次業績（売上高）速報
[backfill][DOC CACHE HIT] 4320 2026-08-18 3,984文字 （訂正）「2026年９月期第３四半期決算短信〔日本基準〕（連結）」の一部訂正につ
[backfill][DOC CACHE HIT] 8304 2026-08-18 1,262文字 2027年3月期 第1四半期 自己資本比率について
[backfill][DOC CACHE HIT] 8951 2026-08-18 31,497文字 2026年６月期（第50期）決算説明会資料
[backfill][DOC CACHE HIT] 3660 2026-08-18 5,402文字 2026年６月期通期 決算説明会における質疑応答
[backfill][DOC CACHE HIT] 482A 2026-08-17 1,051文字 「2026年8月期業績予想の修正に関するお知らせ」の再掲載について
[backfill][DOC CACHE HIT] 4019 2026-08-17 26,197文字 2026年12月期 第2四半期決算説明会書き起こし
[backfill][SOURCE 1/3] 2026-08-17 2026年8月期業績予想の修正に関するお知らせ
[backfill][TRY 1/3] 2026-08-17 2026年8月期業績予想の修正に関するお知らせ https://webapi.yanoshin.jp/rd.php?https://www.release.tdnet.info/inbs/140120260817521628.pdf
[backfill][UNUSABLE] 2026-08-17 2026年8月期業績予想の修正に関するお知らせ ctype=application/pdf bytes=100,551
[backfill][TRY 2/3] 2026-08-17 2026年8月期業績予想の修正に関するお知らせ http://webapi.yanoshin.jp/rd.php?https://www.release.tdnet.info/inbs/140120260817521628.pdf
[backfill][UNUSABLE] 2026-08-17 2026年8月期業績予想の修正に関するお知らせ ctype=application/pdf bytes=100,551
[backfill][TRY 3/3] 2026-08-17 2026年8月期業績予想の修正に関するお知らせ https://www.release.tdnet.info/inbs/140120260817521628.pdf
[backfill][UNUSABLE] 2026-08-17 2026年8月期業績予想の修正に関するお知らせ ctype=application/pdf bytes=100,551
[backfill][JPX FAST 2/3] 2026-08-17 2026年8月期業績予想の修正に関するお知らせ https://www2.jpx.co.jp/disc/482A0/140120260817521628.pdf
[backfill][TRY 1/1] 2026-08-17 2026年8月期業績予想の修正に関するお知らせ https://www2.jpx.co.jp/disc/482A0/140120260817521628.pdf
[backfill][HTTP 404] 2026-08-17 2026年8月期業績予想の修正に関するお知らせ
[backfill][SOURCE 3/3] 2026-08-17 2026年8月期業績予想の修正に関するお知らせ
[backfill][SKIP FAILCACHE] 2026-08-17 2026年8月期業績予想の修正に関するお知らせ https://www.release.tdnet.info/inbs/140120260817521628.pdf
[backfill][TRY 2/2] 2026-08-17 2026年8月期業績予想の修正に関するお知らせ http://www.release.tdnet.info/inbs/140120260817521628.pdf
[backfill][TIMEOUT 5s] 2026-08-17 2026年8月期業績予想の修正に関するお知らせ
[backfill][DOC EMPTY] 482A 2026-08-17 17:00:00 2026年8月期業績予想の修正に関するお知らせ raw=https://webapi.yanoshin.jp/rd.php?https://www.release.tdnet.info/inbs/140120260817521
[backfill][DOC CACHE HIT] 5534 2026-08-17 1,123文字 通期連結業績予想の修正に関するお知らせ
[backfill][DOC CACHE HIT] 6036 2026-08-17 28,949文字 （訂正）「2026年6月期第2四半期 決算説明会資料」の一部訂正について
[backfill][DOC CACHE HIT] 7044 2026-08-17 696文字 （訂正）「2026年12月期第２四半期（中間期）決算補足資料」の一部訂正について
[backfill][DOC CACHE HIT] 9439 2026-08-17 1,576文字 通期連結業績予想値と実績値との差異に関するお知らせ
[backfill][DOC CACHE HIT] 9439 2026-08-17 25,306文字 2026年6月期　決算短信〔日本基準〕（連結）
[backfill][DOC CACHE HIT] 9439 2026-08-17 1,166文字 剰余金の配当（無配）に関するお知らせ
[backfill][DOC CACHE HIT] 5251 2026-08-17 2,468文字 （再登録）「中間決算説明資料の開示に関するお知らせ」の再登録について
[backfill][DOC CACHE HIT] 6195 2026-08-17 31,592文字 （訂正・数値データ訂正）「2026年３月期　決算短信〔日本基準〕（連結）」の一部
[backfill][DOC CACHE HIT] 7042 2026-08-17 4,066文字 2027年３月期第１四半期決算説明資料
[backfill][DOC CACHE HIT] 8964 2026-08-17 37,819文字 2026年6月期　決算短信（ＲＥＩＴ）
[backfill][DOC CACHE HIT] 7177 2026-08-17 3,192文字 2026年７月の月次業績（速報）に関するお知らせ
[backfill][DOC CACHE HIT] 3168 2026-08-17 1,149文字 特別配当および期末配当予想の修正に関するお知らせ
[backfill][DOC CACHE HIT] 367A 2026-08-17 500文字 連結子会社からの剰余金の配当受領に関するお知らせ
[backfill][DOC CACHE HIT] 4484 2026-08-17 6,345文字 2027年３月期 第１四半期決算説明会レポート（書き起こし）
[backfill][DOC CACHE HIT] 4651 2026-08-17 9,960文字 2027年３月期　第１四半期決算短信〔日本基準〕（連結）
[backfill][DOC CACHE HIT] 4651 2026-08-17 21,202文字 2027年３月期　第１四半期決算説明資料
[backfill][DOC CACHE HIT] 5242 2026-08-17 1,063文字 2026年12月期第２四半期決算説明会 質疑応答（要旨）
[backfill][DOC CACHE HIT] 7069 2026-08-17 675文字 （訂正）「2026年9月期 第3四半期決算説明資料」の一部訂正について
[backfill][DOC CACHE HIT] 8951 2026-08-17 39,641文字 2026年６月期　決算短信（ＲＥＩＴ）
[backfill][DOC CACHE HIT] 8951 2026-08-17 9,069文字 2026年６月期_決算概要
[backfill][DOC CACHE HIT] 8955 2026-08-17 42,496文字 2026年6月期　決算短信（ＲＥＩＴ）
[backfill][DOC CACHE HIT] 8955 2026-08-17 48,751文字 2026年6月期（第49期）決算説明資料
[backfill][DOC CACHE HIT] 9284 2026-08-17 50,474文字 2026年６月期 決算短信（インフラファンド）
[backfill][DOC CACHE HIT] 2461 2026-08-17 3,208文字 2026年12月期7月度 月次業績速報のお知らせ
[backfill][DOC CACHE HIT] 264A 2026-08-17 891文字 （訂正）「2026年９月期第３四半期決算説明資料」の一部訂正について
[backfill][DOC CACHE HIT] 5632 2026-08-17 559文字 連結子会社からの配当金受領に関するお知らせ
[backfill][DOC CACHE HIT] 2927 2026-08-17 733文字 2026年8月期 期末配当予想の増配に関するお知らせ
[backfill][DOC CACHE HIT] 6061 2026-08-17 1,101文字 （訂正・数値データ訂正）「令和８年６月期　決算短信〔日本基準〕(連結)」の一部訂
[backfill][DOC CACHE HIT] 2991 2026-08-17 1,105文字 2026年７月度　月次業績速報
[backfill][DOC CACHE HIT] 4574 2026-08-17 11,096文字 2026年12月期(FY2026)第２四半期(中間期)連結決算報告
[backfill][DOC CACHE HIT] 4018 2026-08-17 510文字 （訂正）「2026年6月期　決算短信〔日本基準〕（非連結）」の一部訂正に関するお
[backfill][DOC CACHE HIT] 8705 2026-08-17 2,394文字 2026年７月の月次業績等（速報）に関するお知らせ
[backfill][DOC CACHE HIT] 8798 2026-08-17 18,713文字 （訂正・数値データ訂正）「2025年9月期 第1四半期決算短信〔日本基準〕（連結
[backfill][DOC CACHE HIT] 9162 2026-08-17 606文字 （訂正）「2026年６月期 通期連結決算説明資料」の一部訂正について
[backfill][DOC CACHE HIT] 3445 2026-08-17 15,223文字 2026年12月期第２四半期 決算説明会 書き起こし公開のお知らせ
[backfill][DOC CACHE HIT] 319A 2026-08-17 4,923文字 Q&A 2026年12月期第2四半期決算説明
[backfill][XBRL TRY] 9284 https://www.release.tdnet.info/inbs/081220260817521739.zip
[backfill][XBRL TRY] 9284 https://www.release.tdnet.info/inbs/091220260817521739.zip
[backfill][XBRL TRY] 9284 https://www2.jpx.co.jp/disc/92840/081220260817521739.zip
[backfill][XBRL TRY] 9284 https://www2.jpx.co.jp/disc/92840/091220260817521739.zip
[backfill][XBRL TRY] 482A https://www.release.tdnet.info/inbs/081220260817521628.zip
[backfill][XBRL TRY] 482A https://www.release.tdnet.info/inbs/091220260817521628.zip
[backfill][XBRL TRY] 482A https://www2.jpx.co.jp/disc/482A0/081220260817521628.zip
[backfill][XBRL TRY] 482A https://www2.jpx.co.jp/disc/482A0/091220260817521628.zip
[backfill][XBRL TRY] 5534 https://www.release.tdnet.info/inbs/081220260817521941.zip
[backfill][XBRL TRY] 5534 https://www.release.tdnet.info/inbs/091220260817521941.zip
[backfill][XBRL TRY] 5534 https://www2.jpx.co.jp/disc/55340/081220260817521941.zip
[backfill][XBRL TRY] 5534 https://www2.jpx.co.jp/disc/55340/091220260817521941.zip
[backfill][XBRL TRY] 482A https://www.release.tdnet.info/inbs/081220260817522088.zip
[backfill][XBRL TRY] 482A https://www.release.tdnet.info/inbs/091220260817522088.zip
[backfill][XBRL TRY] 482A https://www2.jpx.co.jp/disc/482A0/081220260817522088.zip
[backfill][XBRL TRY] 482A https://www2.jpx.co.jp/disc/482A0/091220260817522088.zip
[backfill][XBRL TRY] 2083 https://www.release.tdnet.info/inbs/081220260818522160.zip
[backfill][XBRL TRY] 2083 https://www.release.tdnet.info/inbs/091220260818522160.zip
[backfill][XBRL TRY] 2083 https://www2.jpx.co.jp/disc/20830/081220260818522160.zip
[backfill][XBRL TRY] 2083 https://www2.jpx.co.jp/disc/20830/091220260818522160.zip
[backfill][XBRL TRY] 2084 https://www.release.tdnet.info/inbs/081220260818522182.zip
[backfill][XBRL TRY] 2084 https://www.release.tdnet.info/inbs/091220260818522182.zip
[backfill][XBRL TRY] 2084 https://www2.jpx.co.jp/disc/20840/081220260818522182.zip
[backfill][XBRL TRY] 2084 https://www2.jpx.co.jp/disc/20840/091220260818522182.zip
[forecast_history] 対象=16 initial=8 revision=2 achievement=0 unresolved=6
[OK] 決算:46件, 増資:19件, TOB:4件, 本文:77件, 予想初期:8件, 予想修正:2件, 達成履歴更新:0件 をDBに保存しました。
=== fetch_all: 完全成功 ===
===== 2026-08-18T19:01:09 END status=success rc=0 =====


===== 2026-08-18T19:10:00 START C:\Users\sasit\AppData\Local\Programs\Python\Python310\pythonw.exe D:\kabu\main\1-スクリーニング自動化プログラム\main\fetch_all.py =====
=== fetch_all: TDnetデータ収集開始 ===
[backfill][DOC CACHE HIT] 2796 2026-08-18 598文字 連結子会社からの配当金受領に関するお知らせ
[backfill][DOC CACHE HIT] 4415 2026-08-18 19,730文字 2026年12月期 第２四半期決算説明書き起こし
[backfill][DOC CACHE HIT] 471A 2026-08-18 485文字 （訂正）「2026年12月期第１四半期決算短信〔IFRS〕（連結）」の一部訂正に
[backfill][DOC CACHE HIT] 471A 2026-08-18 500文字 （訂正）「2026年12月期第２四半期（中間期）決算短信〔IFRS〕（連結）」の
[backfill][DOC CACHE HIT] 7707 2026-08-18 1,064文字 (訂正)「2026年６月期 決算短信〔日本基準〕（連結）」の一部訂正に関するお知
[backfill][DOC CACHE HIT] 7814 2026-08-18 17,220文字 2026年12月期　第２四半期（中間期）決算説明会資料
[backfill][DOC CACHE HIT] 3174 2026-08-18 1,914文字 2026年８月期通期連結・個別業績予想の修正に関するお知らせ
[backfill][DOC CACHE HIT] 6327 2026-08-18 11,715文字 2026年６月期 決算短信〔日本基準〕（連結）
[backfill][DOC CACHE HIT] 6327 2026-08-18 1,023文字 剰余金の配当に関するお知らせ
[backfill][DOC CACHE HIT] 1999 2026-08-18 21,424文字 2026年6月期　決算短信〔日本基準〕（連結）
[backfill][DOC CACHE HIT] 1999 2026-08-18 765文字 通期連結業績予想値と実績値との差異に関するお知らせ
[backfill][DOC CACHE HIT] 2160 2026-08-18 36,315文字 2026年12月期 第2四半期決算説明資料
[backfill][DOC CACHE HIT] 2735 2026-08-18 1,833文字 業績予想及び配当予想の修正に関するお知らせ
[backfill][DOC CACHE HIT] 3487 2026-08-18 46,065文字 2026年６月期 決算短信（REIT）
[backfill][DOC CACHE HIT] 3487 2026-08-18 54,901文字 2026年６月期 決算説明会資料
[backfill][DOC CACHE HIT] 4264 2026-08-18 7,102文字 業績目標コミットメント型ストック・オプション（有償ストック・オプション）の発行に
[backfill][DOC CACHE HIT] 4776 2026-08-18 501文字 （訂正）「2026年12月期 第２四半期決算補足資料」の一部訂正について
[backfill][DOC CACHE HIT] 598A 2026-08-18 35,052文字 「2026年6月期決算説明資料」に関する動画書き起こし
[backfill][DOC CACHE HIT] 6046 2026-08-18 1,294文字 2026年９月 期第３四半期 決算に関する質疑応答集
[backfill][DOC CACHE HIT] 6094 2026-08-18 2,329文字 2026年9月期 第3第四半期決算 質疑応答集
[backfill][DOC CACHE HIT] 7383 2026-08-18 2,633文字 [Q&A書き起こし]2027年３月期 第１四半期決算説明会
[backfill][DOC CACHE HIT] 7532 2026-08-18 39,379文字 2026年6月期決算短信〔日本基準〕（連結）
[backfill][DOC CACHE HIT] 7532 2026-08-18 1,771文字 2026年６月期剰余金の配当（増配）及び2027年６月期配当予想に関するお知らせ
[backfill][DOC CACHE HIT] 8798 2026-08-18 1,374文字 （訂正）「過年度の有価証券報告書等の訂正報告書の提出及び過年度の決算短信等の訂正
[backfill][DOC CACHE HIT] 8798 2026-08-18 742文字 （訂正）「2026年9月期第2四半期（2025年10月～2026年3月） 業績説
[backfill][DOC CACHE HIT] 9610 2026-08-18 11,407文字 2027年３月期第１四半期決算補足説明資料（動画）
[backfill][DOC CACHE HIT] 9887 2026-08-18 601文字 （訂正）「令和9年3月期第1四半期決算短信〔日本基準〕（連結）」の一部訂正に関す
[backfill][DOC CACHE HIT] 4826 2026-08-18 1,043文字 剰余金の配当に関するお知らせ
[backfill][DOC CACHE HIT] 6340 2026-08-18 25,533文字 2026年6月期　決算説明資料
[backfill][DOC CACHE HIT] 2083 2026-08-18 16,082文字 NEXT FUNDS 日本成長株アクティブ上場投信 決算短信
[backfill][DOC CACHE HIT] 2084 2026-08-18 19,835文字 NEXT FUNDS 日本高配当株アクティブ上場投信 決算短信
[backfill][DOC CACHE HIT] 6850 2026-08-18 8,579文字 2027年3月期 第1四半期 決算補足説明資料
[backfill][DOC CACHE HIT] 8084 2026-08-18 5,303文字 2027年３月期第1四半期　決算補足資料
[backfill][DOC CACHE HIT] 2681 2026-08-18 32,813文字 (訂正）「2027年３月期  第１四半期決算説明資料」の一部訂正について
[backfill][DOC CACHE HIT] 9941 2026-08-18 4,037文字 2026年９月期 ７月度　月次業績（売上高）速報
[backfill][DOC CACHE HIT] 4320 2026-08-18 3,984文字 （訂正）「2026年９月期第３四半期決算短信〔日本基準〕（連結）」の一部訂正につ
[backfill][DOC CACHE HIT] 8304 2026-08-18 1,262文字 2027年3月期 第1四半期 自己資本比率について
[backfill][DOC CACHE HIT] 8951 2026-08-18 31,497文字 2026年６月期（第50期）決算説明会資料
[backfill][DOC CACHE HIT] 3660 2026-08-18 5,402文字 2026年６月期通期 決算説明会における質疑応答
[backfill][DOC CACHE HIT] 482A 2026-08-17 1,051文字 「2026年8月期業績予想の修正に関するお知らせ」の再掲載について
[backfill][DOC CACHE HIT] 4019 2026-08-17 26,197文字 2026年12月期 第2四半期決算説明会書き起こし
[backfill][SOURCE 1/3] 2026-08-17 2026年8月期業績予想の修正に関するお知らせ
[backfill][TRY 1/3] 2026-08-17 2026年8月期業績予想の修正に関するお知らせ https://webapi.yanoshin.jp/rd.php?https://www.release.tdnet.info/inbs/140120260817521628.pdf
[backfill][UNUSABLE] 2026-08-17 2026年8月期業績予想の修正に関するお知らせ ctype=application/pdf bytes=100,551
[backfill][TRY 2/3] 2026-08-17 2026年8月期業績予想の修正に関するお知らせ http://webapi.yanoshin.jp/rd.php?https://www.release.tdnet.info/inbs/140120260817521628.pdf
[backfill][UNUSABLE] 2026-08-17 2026年8月期業績予想の修正に関するお知らせ ctype=application/pdf bytes=100,551
[backfill][TRY 3/3] 2026-08-17 2026年8月期業績予想の修正に関するお知らせ https://www.release.tdnet.info/inbs/140120260817521628.pdf
[backfill][UNUSABLE] 2026-08-17 2026年8月期業績予想の修正に関するお知らせ ctype=application/pdf bytes=100,551
[backfill][JPX FAST 2/3] 2026-08-17 2026年8月期業績予想の修正に関するお知らせ https://www2.jpx.co.jp/disc/482A0/140120260817521628.pdf
[backfill][TRY 1/1] 2026-08-17 2026年8月期業績予想の修正に関するお知らせ https://www2.jpx.co.jp/disc/482A0/140120260817521628.pdf
[backfill][HTTP 404] 2026-08-17 2026年8月期業績予想の修正に関するお知らせ
[backfill][SOURCE 3/3] 2026-08-17 2026年8月期業績予想の修正に関するお知らせ
[backfill][SKIP FAILCACHE] 2026-08-17 2026年8月期業績予想の修正に関するお知らせ https://www.release.tdnet.info/inbs/140120260817521628.pdf
[backfill][TRY 2/2] 2026-08-17 2026年8月期業績予想の修正に関するお知らせ http://www.release.tdnet.info/inbs/140120260817521628.pdf
[backfill][TIMEOUT 5s] 2026-08-17 2026年8月期業績予想の修正に関するお知らせ
[backfill][DOC EMPTY] 482A 2026-08-17 17:00:00 2026年8月期業績予想の修正に関するお知らせ raw=https://webapi.yanoshin.jp/rd.php?https://www.release.tdnet.info/inbs/140120260817521
[backfill][DOC CACHE HIT] 5534 2026-08-17 1,123文字 通期連結業績予想の修正に関するお知らせ
[backfill][DOC CACHE HIT] 6036 2026-08-17 28,949文字 （訂正）「2026年6月期第2四半期 決算説明会資料」の一部訂正について
[backfill][DOC CACHE HIT] 7044 2026-08-17 696文字 （訂正）「2026年12月期第２四半期（中間期）決算補足資料」の一部訂正について
[backfill][DOC CACHE HIT] 9439 2026-08-17 1,576文字 通期連結業績予想値と実績値との差異に関するお知らせ
[backfill][DOC CACHE HIT] 9439 2026-08-17 25,306文字 2026年6月期　決算短信〔日本基準〕（連結）
[backfill][DOC CACHE HIT] 9439 2026-08-17 1,166文字 剰余金の配当（無配）に関するお知らせ
[backfill][DOC CACHE HIT] 5251 2026-08-17 2,468文字 （再登録）「中間決算説明資料の開示に関するお知らせ」の再登録について
[backfill][DOC CACHE HIT] 6195 2026-08-17 31,592文字 （訂正・数値データ訂正）「2026年３月期　決算短信〔日本基準〕（連結）」の一部
[backfill][DOC CACHE HIT] 7042 2026-08-17 4,066文字 2027年３月期第１四半期決算説明資料
[backfill][DOC CACHE HIT] 8964 2026-08-17 37,819文字 2026年6月期　決算短信（ＲＥＩＴ）
[backfill][DOC CACHE HIT] 7177 2026-08-17 3,192文字 2026年７月の月次業績（速報）に関するお知らせ
[backfill][DOC CACHE HIT] 3168 2026-08-17 1,149文字 特別配当および期末配当予想の修正に関するお知らせ
[backfill][DOC CACHE HIT] 367A 2026-08-17 500文字 連結子会社からの剰余金の配当受領に関するお知らせ
[backfill][DOC CACHE HIT] 4484 2026-08-17 6,345文字 2027年３月期 第１四半期決算説明会レポート（書き起こし）
[backfill][DOC CACHE HIT] 4651 2026-08-17 9,960文字 2027年３月期　第１四半期決算短信〔日本基準〕（連結）
[backfill][DOC CACHE HIT] 4651 2026-08-17 21,202文字 2027年３月期　第１四半期決算説明資料
[backfill][DOC CACHE HIT] 5242 2026-08-17 1,063文字 2026年12月期第２四半期決算説明会 質疑応答（要旨）
[backfill][DOC CACHE HIT] 7069 2026-08-17 675文字 （訂正）「2026年9月期 第3四半期決算説明資料」の一部訂正について
[backfill][DOC CACHE HIT] 8951 2026-08-17 39,641文字 2026年６月期　決算短信（ＲＥＩＴ）
[backfill][DOC CACHE HIT] 8951 2026-08-17 9,069文字 2026年６月期_決算概要
[backfill][DOC CACHE HIT] 8955 2026-08-17 42,496文字 2026年6月期　決算短信（ＲＥＩＴ）
[backfill][DOC CACHE HIT] 8955 2026-08-17 48,751文字 2026年6月期（第49期）決算説明資料
[backfill][DOC CACHE HIT] 9284 2026-08-17 50,474文字 2026年６月期 決算短信（インフラファンド）
[backfill][DOC CACHE HIT] 2461 2026-08-17 3,208文字 2026年12月期7月度 月次業績速報のお知らせ
[backfill][DOC CACHE HIT] 264A 2026-08-17 891文字 （訂正）「2026年９月期第３四半期決算説明資料」の一部訂正について
[backfill][DOC CACHE HIT] 5632 2026-08-17 559文字 連結子会社からの配当金受領に関するお知らせ
[backfill][DOC CACHE HIT] 2927 2026-08-17 733文字 2026年8月期 期末配当予想の増配に関するお知らせ
[backfill][DOC CACHE HIT] 6061 2026-08-17 1,101文字 （訂正・数値データ訂正）「令和８年６月期　決算短信〔日本基準〕(連結)」の一部訂
[backfill][DOC CACHE HIT] 2991 2026-08-17 1,105文字 2026年７月度　月次業績速報
[backfill][DOC CACHE HIT] 4574 2026-08-17 11,096文字 2026年12月期(FY2026)第２四半期(中間期)連結決算報告
[backfill][DOC CACHE HIT] 4018 2026-08-17 510文字 （訂正）「2026年6月期　決算短信〔日本基準〕（非連結）」の一部訂正に関するお
[backfill][DOC CACHE HIT] 8705 2026-08-17 2,394文字 2026年７月の月次業績等（速報）に関するお知らせ
[backfill][DOC CACHE HIT] 8798 2026-08-17 18,713文字 （訂正・数値データ訂正）「2025年9月期 第1四半期決算短信〔日本基準〕（連結
[backfill][DOC CACHE HIT] 9162 2026-08-17 606文字 （訂正）「2026年６月期 通期連結決算説明資料」の一部訂正について
[backfill][DOC CACHE HIT] 3445 2026-08-17 15,223文字 2026年12月期第２四半期 決算説明会 書き起こし公開のお知らせ
[backfill][DOC CACHE HIT] 319A 2026-08-17 4,923文字 Q&A 2026年12月期第2四半期決算説明
[backfill][XBRL TRY] 9284 https://www.release.tdnet.info/inbs/081220260817521739.zip
[backfill][XBRL TRY] 9284 https://www.release.tdnet.info/inbs/091220260817521739.zip
[backfill][XBRL TRY] 9284 https://www2.jpx.co.jp/disc/92840/081220260817521739.zip
[backfill][XBRL TRY] 9284 https://www2.jpx.co.jp/disc/92840/091220260817521739.zip
[backfill][XBRL TRY] 482A https://www.release.tdnet.info/inbs/081220260817521628.zip
[backfill][XBRL TRY] 482A https://www.release.tdnet.info/inbs/091220260817521628.zip
[backfill][XBRL TRY] 482A https://www2.jpx.co.jp/disc/482A0/081220260817521628.zip
[backfill][XBRL TRY] 482A https://www2.jpx.co.jp/disc/482A0/091220260817521628.zip
[backfill][XBRL TRY] 5534 https://www.release.tdnet.info/inbs/081220260817521941.zip
[backfill][XBRL TRY] 5534 https://www.release.tdnet.info/inbs/091220260817521941.zip
[backfill][XBRL TRY] 5534 https://www2.jpx.co.jp/disc/55340/081220260817521941.zip
[backfill][XBRL TRY] 5534 https://www2.jpx.co.jp/disc/55340/091220260817521941.zip
[backfill][XBRL TRY] 482A https://www.release.tdnet.info/inbs/081220260817522088.zip
[backfill][XBRL TRY] 482A https://www.release.tdnet.info/inbs/091220260817522088.zip
[backfill][XBRL TRY] 482A https://www2.jpx.co.jp/disc/482A0/081220260817522088.zip
[backfill][XBRL TRY] 482A https://www2.jpx.co.jp/disc/482A0/091220260817522088.zip
[backfill][XBRL TRY] 2083 https://www.release.tdnet.info/inbs/081220260818522160.zip
[backfill][XBRL TRY] 2083 https://www.release.tdnet.info/inbs/091220260818522160.zip
[backfill][XBRL TRY] 2083 https://www2.jpx.co.jp/disc/20830/081220260818522160.zip
[backfill][XBRL TRY] 2083 https://www2.jpx.co.jp/disc/20830/091220260818522160.zip
[backfill][XBRL TRY] 2084 https://www.release.tdnet.info/inbs/081220260818522182.zip
[backfill][XBRL TRY] 2084 https://www.release.tdnet.info/inbs/091220260818522182.zip
[backfill][XBRL TRY] 2084 https://www2.jpx.co.jp/disc/20840/081220260818522182.zip
[backfill][XBRL TRY] 2084 https://www2.jpx.co.jp/disc/20840/091220260818522182.zip
[forecast_history] 対象=16 initial=8 revision=2 achievement=0 unresolved=6
[OK] 決算:46件, 増資:19件, TOB:4件, 本文:77件, 予想初期:8件, 予想修正:2件, 達成履歴更新:0件 をDBに保存しました。
=== fetch_all: 完全成功 ===
===== 2026-08-18T19:11:09 END status=success rc=0 =====


===== 2026-08-18T20:00:00 START C:\Users\sasit\AppData\Local\Programs\Python\Python310\pythonw.exe D:\kabu\main\1-スクリーニング自動化プログラム\main\fetch_all.py =====
=== fetch_all: TDnetデータ収集開始 ===
[backfill][SOURCE 1/3] 2026-08-18 過年度の有価証券報告書等の訂正報告書の提出及び過年度の決算短信の訂正に関するお知らせ
[backfill][TRY 1/3] 2026-08-18 過年度の有価証券報告書等の訂正報告書の提出及び過年度の決算短信の訂正に関するお知らせ https://webapi.yanoshin.jp/rd.php?https://www.release.tdnet.info/inbs/140120260818522630.pdf
[backfill][URL OK] 2026-08-18 過年度の有価証券報告書等の訂正報告書の提出及び過年度の決算短信の訂正に関するお知らせ pdf 10,804文字
[backfill][DOC OK] 3856 2026-08-18 pdf 10,804文字 過年度の有価証券報告書等の訂正報告書の提出及び過年度の決算短信の訂正に関するお知
[backfill][DOC CACHE HIT] 2796 2026-08-18 598文字 連結子会社からの配当金受領に関するお知らせ
[backfill][DOC CACHE HIT] 4415 2026-08-18 19,730文字 2026年12月期 第２四半期決算説明書き起こし
[backfill][DOC CACHE HIT] 471A 2026-08-18 485文字 （訂正）「2026年12月期第１四半期決算短信〔IFRS〕（連結）」の一部訂正に
[backfill][DOC CACHE HIT] 471A 2026-08-18 500文字 （訂正）「2026年12月期第２四半期（中間期）決算短信〔IFRS〕（連結）」の
[backfill][DOC CACHE HIT] 7707 2026-08-18 1,064文字 (訂正)「2026年６月期 決算短信〔日本基準〕（連結）」の一部訂正に関するお知
[backfill][DOC CACHE HIT] 7814 2026-08-18 17,220文字 2026年12月期　第２四半期（中間期）決算説明会資料
[backfill][DOC CACHE HIT] 3174 2026-08-18 1,914文字 2026年８月期通期連結・個別業績予想の修正に関するお知らせ
[backfill][DOC CACHE HIT] 6327 2026-08-18 11,715文字 2026年６月期 決算短信〔日本基準〕（連結）
[backfill][DOC CACHE HIT] 6327 2026-08-18 1,023文字 剰余金の配当に関するお知らせ
[backfill][DOC CACHE HIT] 1999 2026-08-18 21,424文字 2026年6月期　決算短信〔日本基準〕（連結）
[backfill][DOC CACHE HIT] 1999 2026-08-18 765文字 通期連結業績予想値と実績値との差異に関するお知らせ
[backfill][DOC CACHE HIT] 2160 2026-08-18 36,315文字 2026年12月期 第2四半期決算説明資料
[backfill][DOC CACHE HIT] 2735 2026-08-18 1,833文字 業績予想及び配当予想の修正に関するお知らせ
[backfill][DOC CACHE HIT] 3487 2026-08-18 46,065文字 2026年６月期 決算短信（REIT）
[backfill][DOC CACHE HIT] 3487 2026-08-18 54,901文字 2026年６月期 決算説明会資料
[backfill][DOC CACHE HIT] 4264 2026-08-18 7,102文字 業績目標コミットメント型ストック・オプション（有償ストック・オプション）の発行に
[backfill][DOC CACHE HIT] 4776 2026-08-18 501文字 （訂正）「2026年12月期 第２四半期決算補足資料」の一部訂正について
[backfill][DOC CACHE HIT] 598A 2026-08-18 35,052文字 「2026年6月期決算説明資料」に関する動画書き起こし
[backfill][DOC CACHE HIT] 6046 2026-08-18 1,294文字 2026年９月 期第３四半期 決算に関する質疑応答集
[backfill][DOC CACHE HIT] 6094 2026-08-18 2,329文字 2026年9月期 第3第四半期決算 質疑応答集
[backfill][DOC CACHE HIT] 7383 2026-08-18 2,633文字 [Q&A書き起こし]2027年３月期 第１四半期決算説明会
[backfill][DOC CACHE HIT] 7532 2026-08-18 39,379文字 2026年6月期決算短信〔日本基準〕（連結）
[backfill][DOC CACHE HIT] 7532 2026-08-18 1,771文字 2026年６月期剰余金の配当（増配）及び2027年６月期配当予想に関するお知らせ
[backfill][DOC CACHE HIT] 8798 2026-08-18 1,374文字 （訂正）「過年度の有価証券報告書等の訂正報告書の提出及び過年度の決算短信等の訂正
[backfill][DOC CACHE HIT] 8798 2026-08-18 742文字 （訂正）「2026年9月期第2四半期（2025年10月～2026年3月） 業績説
[backfill][DOC CACHE HIT] 9610 2026-08-18 11,407文字 2027年３月期第１四半期決算補足説明資料（動画）
[backfill][DOC CACHE HIT] 9887 2026-08-18 601文字 （訂正）「令和9年3月期第1四半期決算短信〔日本基準〕（連結）」の一部訂正に関す
[backfill][DOC CACHE HIT] 4826 2026-08-18 1,043文字 剰余金の配当に関するお知らせ
[backfill][DOC CACHE HIT] 6340 2026-08-18 25,533文字 2026年6月期　決算説明資料
[backfill][DOC CACHE HIT] 2083 2026-08-18 16,082文字 NEXT FUNDS 日本成長株アクティブ上場投信 決算短信
[backfill][DOC CACHE HIT] 2084 2026-08-18 19,835文字 NEXT FUNDS 日本高配当株アクティブ上場投信 決算短信
[backfill][DOC CACHE HIT] 6850 2026-08-18 8,579文字 2027年3月期 第1四半期 決算補足説明資料
[backfill][DOC CACHE HIT] 8084 2026-08-18 5,303文字 2027年３月期第1四半期　決算補足資料
[backfill][DOC CACHE HIT] 2681 2026-08-18 32,813文字 (訂正）「2027年３月期  第１四半期決算説明資料」の一部訂正について
[backfill][DOC CACHE HIT] 9941 2026-08-18 4,037文字 2026年９月期 ７月度　月次業績（売上高）速報
[backfill][DOC CACHE HIT] 4320 2026-08-18 3,984文字 （訂正）「2026年９月期第３四半期決算短信〔日本基準〕（連結）」の一部訂正につ
[backfill][DOC CACHE HIT] 8304 2026-08-18 1,262文字 2027年3月期 第1四半期 自己資本比率について
[backfill][DOC CACHE HIT] 8951 2026-08-18 31,497文字 2026年６月期（第50期）決算説明会資料
[backfill][DOC CACHE HIT] 3660 2026-08-18 5,402文字 2026年６月期通期 決算説明会における質疑応答
[backfill][DOC CACHE HIT] 482A 2026-08-17 1,051文字 「2026年8月期業績予想の修正に関するお知らせ」の再掲載について
[backfill][DOC CACHE HIT] 4019 2026-08-17 26,197文字 2026年12月期 第2四半期決算説明会書き起こし
[backfill][SOURCE 1/3] 2026-08-17 2026年8月期業績予想の修正に関するお知らせ
[backfill][TRY 1/3] 2026-08-17 2026年8月期業績予想の修正に関するお知らせ https://webapi.yanoshin.jp/rd.php?https://www.release.tdnet.info/inbs/140120260817521628.pdf
[backfill][UNUSABLE] 2026-08-17 2026年8月期業績予想の修正に関するお知らせ ctype=application/pdf bytes=100,551
[backfill][TRY 2/3] 2026-08-17 2026年8月期業績予想の修正に関するお知らせ http://webapi.yanoshin.jp/rd.php?https://www.release.tdnet.info/inbs/140120260817521628.pdf
[backfill][UNUSABLE] 2026-08-17 2026年8月期業績予想の修正に関するお知らせ ctype=application/pdf bytes=100,551
[backfill][TRY 3/3] 2026-08-17 2026年8月期業績予想の修正に関するお知らせ https://www.release.tdnet.info/inbs/140120260817521628.pdf
[backfill][UNUSABLE] 2026-08-17 2026年8月期業績予想の修正に関するお知らせ ctype=application/pdf bytes=100,551
[backfill][JPX FAST 2/3] 2026-08-17 2026年8月期業績予想の修正に関するお知らせ https://www2.jpx.co.jp/disc/482A0/140120260817521628.pdf
[backfill][TRY 1/1] 2026-08-17 2026年8月期業績予想の修正に関するお知らせ https://www2.jpx.co.jp/disc/482A0/140120260817521628.pdf
[backfill][HTTP 404] 2026-08-17 2026年8月期業績予想の修正に関するお知らせ
[backfill][SOURCE 3/3] 2026-08-17 2026年8月期業績予想の修正に関するお知らせ
[backfill][SKIP FAILCACHE] 2026-08-17 2026年8月期業績予想の修正に関するお知らせ https://www.release.tdnet.info/inbs/140120260817521628.pdf
[backfill][TRY 2/2] 2026-08-17 2026年8月期業績予想の修正に関するお知らせ http://www.release.tdnet.info/inbs/140120260817521628.pdf
[backfill][TIMEOUT 5s] 2026-08-17 2026年8月期業績予想の修正に関するお知らせ
[backfill][DOC EMPTY] 482A 2026-08-17 17:00:00 2026年8月期業績予想の修正に関するお知らせ raw=https://webapi.yanoshin.jp/rd.php?https://www.release.tdnet.info/inbs/140120260817521
[backfill][DOC CACHE HIT] 5534 2026-08-17 1,123文字 通期連結業績予想の修正に関するお知らせ
[backfill][DOC CACHE HIT] 6036 2026-08-17 28,949文字 （訂正）「2026年6月期第2四半期 決算説明会資料」の一部訂正について
[backfill][DOC CACHE HIT] 7044 2026-08-17 696文字 （訂正）「2026年12月期第２四半期（中間期）決算補足資料」の一部訂正について
[backfill][DOC CACHE HIT] 9439 2026-08-17 1,576文字 通期連結業績予想値と実績値との差異に関するお知らせ
[backfill][DOC CACHE HIT] 9439 2026-08-17 25,306文字 2026年6月期　決算短信〔日本基準〕（連結）
[backfill][DOC CACHE HIT] 9439 2026-08-17 1,166文字 剰余金の配当（無配）に関するお知らせ
[backfill][DOC CACHE HIT] 5251 2026-08-17 2,468文字 （再登録）「中間決算説明資料の開示に関するお知らせ」の再登録について
[backfill][DOC CACHE HIT] 6195 2026-08-17 31,592文字 （訂正・数値データ訂正）「2026年３月期　決算短信〔日本基準〕（連結）」の一部
[backfill][DOC CACHE HIT] 7042 2026-08-17 4,066文字 2027年３月期第１四半期決算説明資料
[backfill][DOC CACHE HIT] 8964 2026-08-17 37,819文字 2026年6月期　決算短信（ＲＥＩＴ）
[backfill][DOC CACHE HIT] 7177 2026-08-17 3,192文字 2026年７月の月次業績（速報）に関するお知らせ
[backfill][DOC CACHE HIT] 3168 2026-08-17 1,149文字 特別配当および期末配当予想の修正に関するお知らせ
[backfill][DOC CACHE HIT] 367A 2026-08-17 500文字 連結子会社からの剰余金の配当受領に関するお知らせ
[backfill][DOC CACHE HIT] 4484 2026-08-17 6,345文字 2027年３月期 第１四半期決算説明会レポート（書き起こし）
[backfill][DOC CACHE HIT] 4651 2026-08-17 9,960文字 2027年３月期　第１四半期決算短信〔日本基準〕（連結）
[backfill][DOC CACHE HIT] 4651 2026-08-17 21,202文字 2027年３月期　第１四半期決算説明資料
[backfill][DOC CACHE HIT] 5242 2026-08-17 1,063文字 2026年12月期第２四半期決算説明会 質疑応答（要旨）
[backfill][DOC CACHE HIT] 7069 2026-08-17 675文字 （訂正）「2026年9月期 第3四半期決算説明資料」の一部訂正について
[backfill][DOC CACHE HIT] 8951 2026-08-17 39,641文字 2026年６月期　決算短信（ＲＥＩＴ）
[backfill][DOC CACHE HIT] 8951 2026-08-17 9,069文字 2026年６月期_決算概要
[backfill][DOC CACHE HIT] 8955 2026-08-17 42,496文字 2026年6月期　決算短信（ＲＥＩＴ）
[backfill][DOC CACHE HIT] 8955 2026-08-17 48,751文字 2026年6月期（第49期）決算説明資料
[backfill][DOC CACHE HIT] 9284 2026-08-17 50,474文字 2026年６月期 決算短信（インフラファンド）
[backfill][DOC CACHE HIT] 2461 2026-08-17 3,208文字 2026年12月期7月度 月次業績速報のお知らせ
[backfill][DOC CACHE HIT] 264A 2026-08-17 891文字 （訂正）「2026年９月期第３四半期決算説明資料」の一部訂正について
[backfill][DOC CACHE HIT] 5632 2026-08-17 559文字 連結子会社からの配当金受領に関するお知らせ
[backfill][DOC CACHE HIT] 2927 2026-08-17 733文字 2026年8月期 期末配当予想の増配に関するお知らせ
[backfill][DOC CACHE HIT] 6061 2026-08-17 1,101文字 （訂正・数値データ訂正）「令和８年６月期　決算短信〔日本基準〕(連結)」の一部訂
[backfill][DOC CACHE HIT] 2991 2026-08-17 1,105文字 2026年７月度　月次業績速報
[backfill][DOC CACHE HIT] 4574 2026-08-17 11,096文字 2026年12月期(FY2026)第２四半期(中間期)連結決算報告
[backfill][DOC CACHE HIT] 4018 2026-08-17 510文字 （訂正）「2026年6月期　決算短信〔日本基準〕（非連結）」の一部訂正に関するお
[backfill][DOC CACHE HIT] 8705 2026-08-17 2,394文字 2026年７月の月次業績等（速報）に関するお知らせ
[backfill][DOC CACHE HIT] 8798 2026-08-17 18,713文字 （訂正・数値データ訂正）「2025年9月期 第1四半期決算短信〔日本基準〕（連結
[backfill][DOC CACHE HIT] 9162 2026-08-17 606文字 （訂正）「2026年６月期 通期連結決算説明資料」の一部訂正について
[backfill][DOC CACHE HIT] 3445 2026-08-17 15,223文字 2026年12月期第２四半期 決算説明会 書き起こし公開のお知らせ
[backfill][DOC CACHE HIT] 319A 2026-08-17 4,923文字 Q&A 2026年12月期第2四半期決算説明
[backfill][XBRL TRY] 9284 https://www.release.tdnet.info/inbs/081220260817521739.zip
[backfill][XBRL TRY] 9284 https://www.release.tdnet.info/inbs/091220260817521739.zip
[backfill][XBRL TRY] 9284 https://www2.jpx.co.jp/disc/92840/081220260817521739.zip
[backfill][XBRL TRY] 9284 https://www2.jpx.co.jp/disc/92840/091220260817521739.zip
[backfill][XBRL TRY] 482A https://www.release.tdnet.info/inbs/081220260817521628.zip
[backfill][XBRL TRY] 482A https://www.release.tdnet.info/inbs/091220260817521628.zip
[backfill][XBRL TRY] 482A https://www2.jpx.co.jp/disc/482A0/081220260817521628.zip
[backfill][XBRL TRY] 482A https://www2.jpx.co.jp/disc/482A0/091220260817521628.zip
[backfill][XBRL TRY] 5534 https://www.release.tdnet.info/inbs/081220260817521941.zip
[backfill][XBRL TRY] 5534 https://www.release.tdnet.info/inbs/091220260817521941.zip
[backfill][XBRL TRY] 5534 https://www2.jpx.co.jp/disc/55340/081220260817521941.zip
[backfill][XBRL TRY] 5534 https://www2.jpx.co.jp/disc/55340/091220260817521941.zip
[backfill][XBRL TRY] 482A https://www.release.tdnet.info/inbs/081220260817522088.zip
[backfill][XBRL TRY] 482A https://www.release.tdnet.info/inbs/091220260817522088.zip
[backfill][XBRL TRY] 482A https://www2.jpx.co.jp/disc/482A0/081220260817522088.zip
[backfill][XBRL TRY] 482A https://www2.jpx.co.jp/disc/482A0/091220260817522088.zip
[backfill][XBRL TRY] 2083 https://www.release.tdnet.info/inbs/081220260818522160.zip
[backfill][XBRL TRY] 2083 https://www.release.tdnet.info/inbs/091220260818522160.zip
[backfill][XBRL TRY] 2083 https://www2.jpx.co.jp/disc/20830/081220260818522160.zip
[backfill][XBRL TRY] 2083 https://www2.jpx.co.jp/disc/20830/091220260818522160.zip
[backfill][XBRL TRY] 2084 https://www.release.tdnet.info/inbs/081220260818522182.zip
[backfill][XBRL TRY] 2084 https://www.release.tdnet.info/inbs/091220260818522182.zip
[backfill][XBRL TRY] 2084 https://www2.jpx.co.jp/disc/20840/081220260818522182.zip
[backfill][XBRL TRY] 2084 https://www2.jpx.co.jp/disc/20840/091220260818522182.zip
[forecast_history] 対象=16 initial=8 revision=2 achievement=0 unresolved=6
[OK] 決算:47件, 増資:19件, TOB:4件, 本文:78件, 予想初期:8件, 予想修正:2件, 達成履歴更新:0件 をDBに保存しました。
=== fetch_all: 完全成功 ===
===== 2026-08-18T20:01:05 END status=success rc=0 =====


===== 2026-08-18T23:30:00 START C:\Users\sasit\AppData\Local\Programs\Python\Python310\pythonw.exe D:\kabu\main\1-スクリーニング自動化プログラム\main\fetch_all.py =====
=== fetch_all: TDnetデータ収集開始 ===
[backfill][DOC CACHE HIT] 3856 2026-08-18 10,804文字 過年度の有価証券報告書等の訂正報告書の提出及び過年度の決算短信の訂正に関するお知
[backfill][DOC CACHE HIT] 2796 2026-08-18 598文字 連結子会社からの配当金受領に関するお知らせ
[backfill][DOC CACHE HIT] 4415 2026-08-18 19,730文字 2026年12月期 第２四半期決算説明書き起こし
[backfill][DOC CACHE HIT] 471A 2026-08-18 485文字 （訂正）「2026年12月期第１四半期決算短信〔IFRS〕（連結）」の一部訂正に
[backfill][DOC CACHE HIT] 471A 2026-08-18 500文字 （訂正）「2026年12月期第２四半期（中間期）決算短信〔IFRS〕（連結）」の
[backfill][DOC CACHE HIT] 7707 2026-08-18 1,064文字 (訂正)「2026年６月期 決算短信〔日本基準〕（連結）」の一部訂正に関するお知
[backfill][DOC CACHE HIT] 7814 2026-08-18 17,220文字 2026年12月期　第２四半期（中間期）決算説明会資料
[backfill][DOC CACHE HIT] 3174 2026-08-18 1,914文字 2026年８月期通期連結・個別業績予想の修正に関するお知らせ
[backfill][DOC CACHE HIT] 6327 2026-08-18 11,715文字 2026年６月期 決算短信〔日本基準〕（連結）
[backfill][DOC CACHE HIT] 6327 2026-08-18 1,023文字 剰余金の配当に関するお知らせ
[backfill][DOC CACHE HIT] 1999 2026-08-18 21,424文字 2026年6月期　決算短信〔日本基準〕（連結）
[backfill][DOC CACHE HIT] 1999 2026-08-18 765文字 通期連結業績予想値と実績値との差異に関するお知らせ
[backfill][DOC CACHE HIT] 2160 2026-08-18 36,315文字 2026年12月期 第2四半期決算説明資料
[backfill][DOC CACHE HIT] 2735 2026-08-18 1,833文字 業績予想及び配当予想の修正に関するお知らせ
[backfill][DOC CACHE HIT] 3487 2026-08-18 46,065文字 2026年６月期 決算短信（REIT）
[backfill][DOC CACHE HIT] 3487 2026-08-18 54,901文字 2026年６月期 決算説明会資料
[backfill][DOC CACHE HIT] 4264 2026-08-18 7,102文字 業績目標コミットメント型ストック・オプション（有償ストック・オプション）の発行に
[backfill][DOC CACHE HIT] 4776 2026-08-18 501文字 （訂正）「2026年12月期 第２四半期決算補足資料」の一部訂正について
[backfill][DOC CACHE HIT] 598A 2026-08-18 35,052文字 「2026年6月期決算説明資料」に関する動画書き起こし
[backfill][DOC CACHE HIT] 6046 2026-08-18 1,294文字 2026年９月 期第３四半期 決算に関する質疑応答集
[backfill][DOC CACHE HIT] 6094 2026-08-18 2,329文字 2026年9月期 第3第四半期決算 質疑応答集
[backfill][DOC CACHE HIT] 7383 2026-08-18 2,633文字 [Q&A書き起こし]2027年３月期 第１四半期決算説明会
[backfill][DOC CACHE HIT] 7532 2026-08-18 39,379文字 2026年6月期決算短信〔日本基準〕（連結）
[backfill][DOC CACHE HIT] 7532 2026-08-18 1,771文字 2026年６月期剰余金の配当（増配）及び2027年６月期配当予想に関するお知らせ
[backfill][DOC CACHE HIT] 8798 2026-08-18 1,374文字 （訂正）「過年度の有価証券報告書等の訂正報告書の提出及び過年度の決算短信等の訂正
[backfill][DOC CACHE HIT] 8798 2026-08-18 742文字 （訂正）「2026年9月期第2四半期（2025年10月～2026年3月） 業績説
[backfill][DOC CACHE HIT] 9610 2026-08-18 11,407文字 2027年３月期第１四半期決算補足説明資料（動画）
[backfill][DOC CACHE HIT] 9887 2026-08-18 601文字 （訂正）「令和9年3月期第1四半期決算短信〔日本基準〕（連結）」の一部訂正に関す
[backfill][DOC CACHE HIT] 4826 2026-08-18 1,043文字 剰余金の配当に関するお知らせ
[backfill][DOC CACHE HIT] 6340 2026-08-18 25,533文字 2026年6月期　決算説明資料
[backfill][DOC CACHE HIT] 2083 2026-08-18 16,082文字 NEXT FUNDS 日本成長株アクティブ上場投信 決算短信
[backfill][DOC CACHE HIT] 2084 2026-08-18 19,835文字 NEXT FUNDS 日本高配当株アクティブ上場投信 決算短信
[backfill][DOC CACHE HIT] 6850 2026-08-18 8,579文字 2027年3月期 第1四半期 決算補足説明資料
[backfill][DOC CACHE HIT] 8084 2026-08-18 5,303文字 2027年３月期第1四半期　決算補足資料
[backfill][DOC CACHE HIT] 2681 2026-08-18 32,813文字 (訂正）「2027年３月期  第１四半期決算説明資料」の一部訂正について
[backfill][DOC CACHE HIT] 9941 2026-08-18 4,037文字 2026年９月期 ７月度　月次業績（売上高）速報
[backfill][DOC CACHE HIT] 4320 2026-08-18 3,984文字 （訂正）「2026年９月期第３四半期決算短信〔日本基準〕（連結）」の一部訂正につ
[backfill][DOC CACHE HIT] 8304 2026-08-18 1,262文字 2027年3月期 第1四半期 自己資本比率について
[backfill][DOC CACHE HIT] 8951 2026-08-18 31,497文字 2026年６月期（第50期）決算説明会資料
[backfill][DOC CACHE HIT] 3660 2026-08-18 5,402文字 2026年６月期通期 決算説明会における質疑応答
[backfill][DOC CACHE HIT] 482A 2026-08-17 1,051文字 「2026年8月期業績予想の修正に関するお知らせ」の再掲載について
[backfill][DOC CACHE HIT] 4019 2026-08-17 26,197文字 2026年12月期 第2四半期決算説明会書き起こし
[backfill][SOURCE 1/3] 2026-08-17 2026年8月期業績予想の修正に関するお知らせ
[backfill][TRY 1/3] 2026-08-17 2026年8月期業績予想の修正に関するお知らせ https://webapi.yanoshin.jp/rd.php?https://www.release.tdnet.info/inbs/140120260817521628.pdf
[backfill][UNUSABLE] 2026-08-17 2026年8月期業績予想の修正に関するお知らせ ctype=application/pdf bytes=100,551
[backfill][TRY 2/3] 2026-08-17 2026年8月期業績予想の修正に関するお知らせ http://webapi.yanoshin.jp/rd.php?https://www.release.tdnet.info/inbs/140120260817521628.pdf
[backfill][UNUSABLE] 2026-08-17 2026年8月期業績予想の修正に関するお知らせ ctype=application/pdf bytes=100,551
[backfill][TRY 3/3] 2026-08-17 2026年8月期業績予想の修正に関するお知らせ https://www.release.tdnet.info/inbs/140120260817521628.pdf
[backfill][UNUSABLE] 2026-08-17 2026年8月期業績予想の修正に関するお知らせ ctype=application/pdf bytes=100,551
[backfill][JPX FAST 2/3] 2026-08-17 2026年8月期業績予想の修正に関するお知らせ https://www2.jpx.co.jp/disc/482A0/140120260817521628.pdf
[backfill][TRY 1/1] 2026-08-17 2026年8月期業績予想の修正に関するお知らせ https://www2.jpx.co.jp/disc/482A0/140120260817521628.pdf
[backfill][HTTP 404] 2026-08-17 2026年8月期業績予想の修正に関するお知らせ
[backfill][SOURCE 3/3] 2026-08-17 2026年8月期業績予想の修正に関するお知らせ
[backfill][SKIP FAILCACHE] 2026-08-17 2026年8月期業績予想の修正に関するお知らせ https://www.release.tdnet.info/inbs/140120260817521628.pdf
[backfill][TRY 2/2] 2026-08-17 2026年8月期業績予想の修正に関するお知らせ http://www.release.tdnet.info/inbs/140120260817521628.pdf
[backfill][TIMEOUT 5s] 2026-08-17 2026年8月期業績予想の修正に関するお知らせ
[backfill][DOC EMPTY] 482A 2026-08-17 17:00:00 2026年8月期業績予想の修正に関するお知らせ raw=https://webapi.yanoshin.jp/rd.php?https://www.release.tdnet.info/inbs/140120260817521
[backfill][DOC CACHE HIT] 5534 2026-08-17 1,123文字 通期連結業績予想の修正に関するお知らせ
[backfill][DOC CACHE HIT] 6036 2026-08-17 28,949文字 （訂正）「2026年6月期第2四半期 決算説明会資料」の一部訂正について
[backfill][DOC CACHE HIT] 7044 2026-08-17 696文字 （訂正）「2026年12月期第２四半期（中間期）決算補足資料」の一部訂正について
[backfill][DOC CACHE HIT] 9439 2026-08-17 1,576文字 通期連結業績予想値と実績値との差異に関するお知らせ
[backfill][DOC CACHE HIT] 9439 2026-08-17 25,306文字 2026年6月期　決算短信〔日本基準〕（連結）
[backfill][DOC CACHE HIT] 9439 2026-08-17 1,166文字 剰余金の配当（無配）に関するお知らせ
[backfill][DOC CACHE HIT] 5251 2026-08-17 2,468文字 （再登録）「中間決算説明資料の開示に関するお知らせ」の再登録について
[backfill][DOC CACHE HIT] 6195 2026-08-17 31,592文字 （訂正・数値データ訂正）「2026年３月期　決算短信〔日本基準〕（連結）」の一部
[backfill][DOC CACHE HIT] 7042 2026-08-17 4,066文字 2027年３月期第１四半期決算説明資料
[backfill][DOC CACHE HIT] 8964 2026-08-17 37,819文字 2026年6月期　決算短信（ＲＥＩＴ）
[backfill][DOC CACHE HIT] 7177 2026-08-17 3,192文字 2026年７月の月次業績（速報）に関するお知らせ
[backfill][DOC CACHE HIT] 3168 2026-08-17 1,149文字 特別配当および期末配当予想の修正に関するお知らせ
[backfill][DOC CACHE HIT] 367A 2026-08-17 500文字 連結子会社からの剰余金の配当受領に関するお知らせ
[backfill][DOC CACHE HIT] 4484 2026-08-17 6,345文字 2027年３月期 第１四半期決算説明会レポート（書き起こし）
[backfill][DOC CACHE HIT] 4651 2026-08-17 9,960文字 2027年３月期　第１四半期決算短信〔日本基準〕（連結）
[backfill][DOC CACHE HIT] 4651 2026-08-17 21,202文字 2027年３月期　第１四半期決算説明資料
[backfill][DOC CACHE HIT] 5242 2026-08-17 1,063文字 2026年12月期第２四半期決算説明会 質疑応答（要旨）
[backfill][DOC CACHE HIT] 7069 2026-08-17 675文字 （訂正）「2026年9月期 第3四半期決算説明資料」の一部訂正について
[backfill][DOC CACHE HIT] 8951 2026-08-17 39,641文字 2026年６月期　決算短信（ＲＥＩＴ）
[backfill][DOC CACHE HIT] 8951 2026-08-17 9,069文字 2026年６月期_決算概要
[backfill][DOC CACHE HIT] 8955 2026-08-17 42,496文字 2026年6月期　決算短信（ＲＥＩＴ）
[backfill][DOC CACHE HIT] 8955 2026-08-17 48,751文字 2026年6月期（第49期）決算説明資料
[backfill][DOC CACHE HIT] 9284 2026-08-17 50,474文字 2026年６月期 決算短信（インフラファンド）
[backfill][DOC CACHE HIT] 2461 2026-08-17 3,208文字 2026年12月期7月度 月次業績速報のお知らせ
[backfill][DOC CACHE HIT] 264A 2026-08-17 891文字 （訂正）「2026年９月期第３四半期決算説明資料」の一部訂正について
[backfill][DOC CACHE HIT] 5632 2026-08-17 559文字 連結子会社からの配当金受領に関するお知らせ
[backfill][DOC CACHE HIT] 2927 2026-08-17 733文字 2026年8月期 期末配当予想の増配に関するお知らせ
[backfill][DOC CACHE HIT] 6061 2026-08-17 1,101文字 （訂正・数値データ訂正）「令和８年６月期　決算短信〔日本基準〕(連結)」の一部訂
[backfill][DOC CACHE HIT] 2991 2026-08-17 1,105文字 2026年７月度　月次業績速報
[backfill][DOC CACHE HIT] 4574 2026-08-17 11,096文字 2026年12月期(FY2026)第２四半期(中間期)連結決算報告
[backfill][DOC CACHE HIT] 4018 2026-08-17 510文字 （訂正）「2026年6月期　決算短信〔日本基準〕（非連結）」の一部訂正に関するお
[backfill][DOC CACHE HIT] 8705 2026-08-17 2,394文字 2026年７月の月次業績等（速報）に関するお知らせ
[backfill][DOC CACHE HIT] 8798 2026-08-17 18,713文字 （訂正・数値データ訂正）「2025年9月期 第1四半期決算短信〔日本基準〕（連結
[backfill][DOC CACHE HIT] 9162 2026-08-17 606文字 （訂正）「2026年６月期 通期連結決算説明資料」の一部訂正について
[backfill][DOC CACHE HIT] 3445 2026-08-17 15,223文字 2026年12月期第２四半期 決算説明会 書き起こし公開のお知らせ
[backfill][DOC CACHE HIT] 319A 2026-08-17 4,923文字 Q&A 2026年12月期第2四半期決算説明
[backfill][XBRL TRY] 9284 https://www.release.tdnet.info/inbs/081220260817521739.zip
[backfill][XBRL TRY] 9284 https://www.release.tdnet.info/inbs/091220260817521739.zip
[backfill][XBRL TRY] 9284 https://www2.jpx.co.jp/disc/92840/081220260817521739.zip
[backfill][XBRL TRY] 9284 https://www2.jpx.co.jp/disc/92840/091220260817521739.zip
[backfill][XBRL TRY] 482A https://www.release.tdnet.info/inbs/081220260817521628.zip
[backfill][XBRL TRY] 482A https://www.release.tdnet.info/inbs/091220260817521628.zip
[backfill][XBRL TRY] 482A https://www2.jpx.co.jp/disc/482A0/081220260817521628.zip
[backfill][XBRL TRY] 482A https://www2.jpx.co.jp/disc/482A0/091220260817521628.zip
[backfill][XBRL TRY] 5534 https://www.release.tdnet.info/inbs/081220260817521941.zip
[backfill][XBRL TRY] 5534 https://www.release.tdnet.info/inbs/091220260817521941.zip
[backfill][XBRL TRY] 5534 https://www2.jpx.co.jp/disc/55340/081220260817521941.zip
[backfill][XBRL TRY] 5534 https://www2.jpx.co.jp/disc/55340/091220260817521941.zip
[backfill][XBRL TRY] 482A https://www.release.tdnet.info/inbs/081220260817522088.zip
[backfill][XBRL TRY] 482A https://www.release.tdnet.info/inbs/091220260817522088.zip
[backfill][XBRL TRY] 482A https://www2.jpx.co.jp/disc/482A0/081220260817522088.zip
[backfill][XBRL TRY] 482A https://www2.jpx.co.jp/disc/482A0/091220260817522088.zip
[backfill][XBRL TRY] 2083 https://www.release.tdnet.info/inbs/081220260818522160.zip
[backfill][XBRL TRY] 2083 https://www.release.tdnet.info/inbs/091220260818522160.zip
[backfill][XBRL TRY] 2083 https://www2.jpx.co.jp/disc/20830/081220260818522160.zip
[backfill][XBRL TRY] 2083 https://www2.jpx.co.jp/disc/20830/091220260818522160.zip
[backfill][XBRL TRY] 2084 https://www.release.tdnet.info/inbs/081220260818522182.zip
[backfill][XBRL TRY] 2084 https://www.release.tdnet.info/inbs/091220260818522182.zip
[backfill][XBRL TRY] 2084 https://www2.jpx.co.jp/disc/20840/081220260818522182.zip
[backfill][XBRL TRY] 2084 https://www2.jpx.co.jp/disc/20840/091220260818522182.zip
[forecast_history] 対象=16 initial=8 revision=2 achievement=0 unresolved=6
[OK] 決算:47件, 増資:19件, TOB:4件, 本文:78件, 予想初期:8件, 予想修正:2件, 達成履歴更新:0件 をDBに保存しました。
=== fetch_all: 完全成功 ===
===== 2026-08-18T23:31:08 END status=success rc=0 =====


===== 2026-08-18T23:50:00 START C:\Users\sasit\AppData\Local\Programs\Python\Python310\pythonw.exe D:\kabu\main\1-スクリーニング自動化プログラム\main\fetch_all.py =====
=== fetch_all: TDnetデータ収集開始 ===
[backfill][DOC CACHE HIT] 3856 2026-08-18 10,804文字 過年度の有価証券報告書等の訂正報告書の提出及び過年度の決算短信の訂正に関するお知
[backfill][DOC CACHE HIT] 2796 2026-08-18 598文字 連結子会社からの配当金受領に関するお知らせ
[backfill][DOC CACHE HIT] 4415 2026-08-18 19,730文字 2026年12月期 第２四半期決算説明書き起こし
[backfill][DOC CACHE HIT] 471A 2026-08-18 485文字 （訂正）「2026年12月期第１四半期決算短信〔IFRS〕（連結）」の一部訂正に
[backfill][DOC CACHE HIT] 471A 2026-08-18 500文字 （訂正）「2026年12月期第２四半期（中間期）決算短信〔IFRS〕（連結）」の
[backfill][DOC CACHE HIT] 7707 2026-08-18 1,064文字 (訂正)「2026年６月期 決算短信〔日本基準〕（連結）」の一部訂正に関するお知
[backfill][DOC CACHE HIT] 7814 2026-08-18 17,220文字 2026年12月期　第２四半期（中間期）決算説明会資料
[backfill][DOC CACHE HIT] 3174 2026-08-18 1,914文字 2026年８月期通期連結・個別業績予想の修正に関するお知らせ
[backfill][DOC CACHE HIT] 6327 2026-08-18 11,715文字 2026年６月期 決算短信〔日本基準〕（連結）
[backfill][DOC CACHE HIT] 6327 2026-08-18 1,023文字 剰余金の配当に関するお知らせ
[backfill][DOC CACHE HIT] 1999 2026-08-18 21,424文字 2026年6月期　決算短信〔日本基準〕（連結）
[backfill][DOC CACHE HIT] 1999 2026-08-18 765文字 通期連結業績予想値と実績値との差異に関するお知らせ
[backfill][DOC CACHE HIT] 2160 2026-08-18 36,315文字 2026年12月期 第2四半期決算説明資料
[backfill][DOC CACHE HIT] 2735 2026-08-18 1,833文字 業績予想及び配当予想の修正に関するお知らせ
[backfill][DOC CACHE HIT] 3487 2026-08-18 46,065文字 2026年６月期 決算短信（REIT）
[backfill][DOC CACHE HIT] 3487 2026-08-18 54,901文字 2026年６月期 決算説明会資料
[backfill][DOC CACHE HIT] 4264 2026-08-18 7,102文字 業績目標コミットメント型ストック・オプション（有償ストック・オプション）の発行に
[backfill][DOC CACHE HIT] 4776 2026-08-18 501文字 （訂正）「2026年12月期 第２四半期決算補足資料」の一部訂正について
[backfill][DOC CACHE HIT] 598A 2026-08-18 35,052文字 「2026年6月期決算説明資料」に関する動画書き起こし
[backfill][DOC CACHE HIT] 6046 2026-08-18 1,294文字 2026年９月 期第３四半期 決算に関する質疑応答集
[backfill][DOC CACHE HIT] 6094 2026-08-18 2,329文字 2026年9月期 第3第四半期決算 質疑応答集
[backfill][DOC CACHE HIT] 7383 2026-08-18 2,633文字 [Q&A書き起こし]2027年３月期 第１四半期決算説明会
[backfill][DOC CACHE HIT] 7532 2026-08-18 39,379文字 2026年6月期決算短信〔日本基準〕（連結）
[backfill][DOC CACHE HIT] 7532 2026-08-18 1,771文字 2026年６月期剰余金の配当（増配）及び2027年６月期配当予想に関するお知らせ
[backfill][DOC CACHE HIT] 8798 2026-08-18 1,374文字 （訂正）「過年度の有価証券報告書等の訂正報告書の提出及び過年度の決算短信等の訂正
[backfill][DOC CACHE HIT] 8798 2026-08-18 742文字 （訂正）「2026年9月期第2四半期（2025年10月～2026年3月） 業績説
[backfill][DOC CACHE HIT] 9610 2026-08-18 11,407文字 2027年３月期第１四半期決算補足説明資料（動画）
[backfill][DOC CACHE HIT] 9887 2026-08-18 601文字 （訂正）「令和9年3月期第1四半期決算短信〔日本基準〕（連結）」の一部訂正に関す
[backfill][DOC CACHE HIT] 4826 2026-08-18 1,043文字 剰余金の配当に関するお知らせ
[backfill][DOC CACHE HIT] 6340 2026-08-18 25,533文字 2026年6月期　決算説明資料
[backfill][DOC CACHE HIT] 2083 2026-08-18 16,082文字 NEXT FUNDS 日本成長株アクティブ上場投信 決算短信
[backfill][DOC CACHE HIT] 2084 2026-08-18 19,835文字 NEXT FUNDS 日本高配当株アクティブ上場投信 決算短信
[backfill][DOC CACHE HIT] 6850 2026-08-18 8,579文字 2027年3月期 第1四半期 決算補足説明資料
[backfill][DOC CACHE HIT] 8084 2026-08-18 5,303文字 2027年３月期第1四半期　決算補足資料
[backfill][DOC CACHE HIT] 2681 2026-08-18 32,813文字 (訂正）「2027年３月期  第１四半期決算説明資料」の一部訂正について
[backfill][DOC CACHE HIT] 9941 2026-08-18 4,037文字 2026年９月期 ７月度　月次業績（売上高）速報
[backfill][DOC CACHE HIT] 4320 2026-08-18 3,984文字 （訂正）「2026年９月期第３四半期決算短信〔日本基準〕（連結）」の一部訂正につ
[backfill][DOC CACHE HIT] 8304 2026-08-18 1,262文字 2027年3月期 第1四半期 自己資本比率について
[backfill][DOC CACHE HIT] 8951 2026-08-18 31,497文字 2026年６月期（第50期）決算説明会資料
[backfill][DOC CACHE HIT] 3660 2026-08-18 5,402文字 2026年６月期通期 決算説明会における質疑応答
[backfill][DOC CACHE HIT] 482A 2026-08-17 1,051文字 「2026年8月期業績予想の修正に関するお知らせ」の再掲載について
[backfill][DOC CACHE HIT] 4019 2026-08-17 26,197文字 2026年12月期 第2四半期決算説明会書き起こし
[backfill][SOURCE 1/3] 2026-08-17 2026年8月期業績予想の修正に関するお知らせ
[backfill][TRY 1/3] 2026-08-17 2026年8月期業績予想の修正に関するお知らせ https://webapi.yanoshin.jp/rd.php?https://www.release.tdnet.info/inbs/140120260817521628.pdf
[backfill][UNUSABLE] 2026-08-17 2026年8月期業績予想の修正に関するお知らせ ctype=application/pdf bytes=100,551
[backfill][TRY 2/3] 2026-08-17 2026年8月期業績予想の修正に関するお知らせ http://webapi.yanoshin.jp/rd.php?https://www.release.tdnet.info/inbs/140120260817521628.pdf
[backfill][UNUSABLE] 2026-08-17 2026年8月期業績予想の修正に関するお知らせ ctype=application/pdf bytes=100,551
[backfill][TRY 3/3] 2026-08-17 2026年8月期業績予想の修正に関するお知らせ https://www.release.tdnet.info/inbs/140120260817521628.pdf
[backfill][UNUSABLE] 2026-08-17 2026年8月期業績予想の修正に関するお知らせ ctype=application/pdf bytes=100,551
[backfill][JPX FAST 2/3] 2026-08-17 2026年8月期業績予想の修正に関するお知らせ https://www2.jpx.co.jp/disc/482A0/140120260817521628.pdf
[backfill][TRY 1/1] 2026-08-17 2026年8月期業績予想の修正に関するお知らせ https://www2.jpx.co.jp/disc/482A0/140120260817521628.pdf
[backfill][HTTP 404] 2026-08-17 2026年8月期業績予想の修正に関するお知らせ
[backfill][SOURCE 3/3] 2026-08-17 2026年8月期業績予想の修正に関するお知らせ
[backfill][SKIP FAILCACHE] 2026-08-17 2026年8月期業績予想の修正に関するお知らせ https://www.release.tdnet.info/inbs/140120260817521628.pdf
[backfill][TRY 2/2] 2026-08-17 2026年8月期業績予想の修正に関するお知らせ http://www.release.tdnet.info/inbs/140120260817521628.pdf
[backfill][TIMEOUT 5s] 2026-08-17 2026年8月期業績予想の修正に関するお知らせ
[backfill][DOC EMPTY] 482A 2026-08-17 17:00:00 2026年8月期業績予想の修正に関するお知らせ raw=https://webapi.yanoshin.jp/rd.php?https://www.release.tdnet.info/inbs/140120260817521
[backfill][DOC CACHE HIT] 5534 2026-08-17 1,123文字 通期連結業績予想の修正に関するお知らせ
[backfill][DOC CACHE HIT] 6036 2026-08-17 28,949文字 （訂正）「2026年6月期第2四半期 決算説明会資料」の一部訂正について
[backfill][DOC CACHE HIT] 7044 2026-08-17 696文字 （訂正）「2026年12月期第２四半期（中間期）決算補足資料」の一部訂正について
[backfill][DOC CACHE HIT] 9439 2026-08-17 1,576文字 通期連結業績予想値と実績値との差異に関するお知らせ
[backfill][DOC CACHE HIT] 9439 2026-08-17 25,306文字 2026年6月期　決算短信〔日本基準〕（連結）
[backfill][DOC CACHE HIT] 9439 2026-08-17 1,166文字 剰余金の配当（無配）に関するお知らせ
[backfill][DOC CACHE HIT] 5251 2026-08-17 2,468文字 （再登録）「中間決算説明資料の開示に関するお知らせ」の再登録について
[backfill][DOC CACHE HIT] 6195 2026-08-17 31,592文字 （訂正・数値データ訂正）「2026年３月期　決算短信〔日本基準〕（連結）」の一部
[backfill][DOC CACHE HIT] 7042 2026-08-17 4,066文字 2027年３月期第１四半期決算説明資料
[backfill][DOC CACHE HIT] 8964 2026-08-17 37,819文字 2026年6月期　決算短信（ＲＥＩＴ）
[backfill][DOC CACHE HIT] 7177 2026-08-17 3,192文字 2026年７月の月次業績（速報）に関するお知らせ
[backfill][DOC CACHE HIT] 3168 2026-08-17 1,149文字 特別配当および期末配当予想の修正に関するお知らせ
[backfill][DOC CACHE HIT] 367A 2026-08-17 500文字 連結子会社からの剰余金の配当受領に関するお知らせ
[backfill][DOC CACHE HIT] 4484 2026-08-17 6,345文字 2027年３月期 第１四半期決算説明会レポート（書き起こし）
[backfill][DOC CACHE HIT] 4651 2026-08-17 9,960文字 2027年３月期　第１四半期決算短信〔日本基準〕（連結）
[backfill][DOC CACHE HIT] 4651 2026-08-17 21,202文字 2027年３月期　第１四半期決算説明資料
[backfill][DOC CACHE HIT] 5242 2026-08-17 1,063文字 2026年12月期第２四半期決算説明会 質疑応答（要旨）
[backfill][DOC CACHE HIT] 7069 2026-08-17 675文字 （訂正）「2026年9月期 第3四半期決算説明資料」の一部訂正について
[backfill][DOC CACHE HIT] 8951 2026-08-17 39,641文字 2026年６月期　決算短信（ＲＥＩＴ）
[backfill][DOC CACHE HIT] 8951 2026-08-17 9,069文字 2026年６月期_決算概要
[backfill][DOC CACHE HIT] 8955 2026-08-17 42,496文字 2026年6月期　決算短信（ＲＥＩＴ）
[backfill][DOC CACHE HIT] 8955 2026-08-17 48,751文字 2026年6月期（第49期）決算説明資料
[backfill][DOC CACHE HIT] 9284 2026-08-17 50,474文字 2026年６月期 決算短信（インフラファンド）
[backfill][DOC CACHE HIT] 2461 2026-08-17 3,208文字 2026年12月期7月度 月次業績速報のお知らせ
[backfill][DOC CACHE HIT] 264A 2026-08-17 891文字 （訂正）「2026年９月期第３四半期決算説明資料」の一部訂正について
[backfill][DOC CACHE HIT] 5632 2026-08-17 559文字 連結子会社からの配当金受領に関するお知らせ
[backfill][DOC CACHE HIT] 2927 2026-08-17 733文字 2026年8月期 期末配当予想の増配に関するお知らせ
[backfill][DOC CACHE HIT] 6061 2026-08-17 1,101文字 （訂正・数値データ訂正）「令和８年６月期　決算短信〔日本基準〕(連結)」の一部訂
[backfill][DOC CACHE HIT] 2991 2026-08-17 1,105文字 2026年７月度　月次業績速報
[backfill][DOC CACHE HIT] 4574 2026-08-17 11,096文字 2026年12月期(FY2026)第２四半期(中間期)連結決算報告
[backfill][DOC CACHE HIT] 4018 2026-08-17 510文字 （訂正）「2026年6月期　決算短信〔日本基準〕（非連結）」の一部訂正に関するお
[backfill][DOC CACHE HIT] 8705 2026-08-17 2,394文字 2026年７月の月次業績等（速報）に関するお知らせ
[backfill][DOC CACHE HIT] 8798 2026-08-17 18,713文字 （訂正・数値データ訂正）「2025年9月期 第1四半期決算短信〔日本基準〕（連結
[backfill][DOC CACHE HIT] 9162 2026-08-17 606文字 （訂正）「2026年６月期 通期連結決算説明資料」の一部訂正について
[backfill][DOC CACHE HIT] 3445 2026-08-17 15,223文字 2026年12月期第２四半期 決算説明会 書き起こし公開のお知らせ
[backfill][DOC CACHE HIT] 319A 2026-08-17 4,923文字 Q&A 2026年12月期第2四半期決算説明
[backfill][XBRL TRY] 9284 https://www.release.tdnet.info/inbs/081220260817521739.zip
[backfill][XBRL TRY] 9284 https://www.release.tdnet.info/inbs/091220260817521739.zip
[backfill][XBRL TRY] 9284 https://www2.jpx.co.jp/disc/92840/081220260817521739.zip
[backfill][XBRL TRY] 9284 https://www2.jpx.co.jp/disc/92840/091220260817521739.zip
[backfill][XBRL TRY] 482A https://www.release.tdnet.info/inbs/081220260817521628.zip
[backfill][XBRL TRY] 482A https://www.release.tdnet.info/inbs/091220260817521628.zip
[backfill][XBRL TRY] 482A https://www2.jpx.co.jp/disc/482A0/081220260817521628.zip
[backfill][XBRL TRY] 482A https://www2.jpx.co.jp/disc/482A0/091220260817521628.zip
[backfill][XBRL TRY] 5534 https://www.release.tdnet.info/inbs/081220260817521941.zip
[backfill][XBRL TRY] 5534 https://www.release.tdnet.info/inbs/091220260817521941.zip
[backfill][XBRL TRY] 5534 https://www2.jpx.co.jp/disc/55340/081220260817521941.zip
[backfill][XBRL TRY] 5534 https://www2.jpx.co.jp/disc/55340/091220260817521941.zip
[backfill][XBRL TRY] 482A https://www.release.tdnet.info/inbs/081220260817522088.zip
[backfill][XBRL TRY] 482A https://www.release.tdnet.info/inbs/091220260817522088.zip
[backfill][XBRL TRY] 482A https://www2.jpx.co.jp/disc/482A0/081220260817522088.zip
[backfill][XBRL TRY] 482A https://www2.jpx.co.jp/disc/482A0/091220260817522088.zip
[backfill][XBRL TRY] 2083 https://www.release.tdnet.info/inbs/081220260818522160.zip
[backfill][XBRL TRY] 2083 https://www.release.tdnet.info/inbs/091220260818522160.zip
[backfill][XBRL TRY] 2083 https://www2.jpx.co.jp/disc/20830/081220260818522160.zip
[backfill][XBRL TRY] 2083 https://www2.jpx.co.jp/disc/20830/091220260818522160.zip
[backfill][XBRL TRY] 2084 https://www.release.tdnet.info/inbs/081220260818522182.zip
[backfill][XBRL TRY] 2084 https://www.release.tdnet.info/inbs/091220260818522182.zip
[backfill][XBRL TRY] 2084 https://www2.jpx.co.jp/disc/20840/081220260818522182.zip
[backfill][XBRL TRY] 2084 https://www2.jpx.co.jp/disc/20840/091220260818522182.zip
[forecast_history] 対象=16 initial=8 revision=2 achievement=0 unresolved=6
[OK] 決算:47件, 増資:19件, TOB:4件, 本文:78件, 予想初期:8件, 予想修正:2件, 達成履歴更新:0件 をDBに保存しました。
=== fetch_all: 完全成功 ===
===== 2026-08-18T23:51:04 END status=success rc=0 =====
