

===== 2026-08-18T08:02:41 START C:\Users\sasit\AppData\Local\Programs\Python\Python310\pythonw.exe D:\kabu\main\1-スクリーニング自動化プログラム\main\空売り無しリスト出しスクリプト.py =====
[karauri] 同日resume: 未完了=3587
[karauri] retry 1/5 wait=0.5s: no short rows and no explicit no-short message
[karauri] retry 2/5 wait=1.0s: no short rows and no explicit no-short message
[karauri][PROGRESS] 1/3587 rate=0.11/s elapsed=0.1m eta=523.0m
[karauri] retry 3/5 wait=2.0s: no short rows and no explicit no-short message
[karauri] retry 1/5 wait=0.5s: no short rows and no explicit no-short message
[karauri] retry 2/5 wait=1.0s: no short rows and no explicit no-short message
[karauri] retry 3/5 wait=2.0s: no short rows and no explicit no-short message
[karauri] retry 4/5 wait=4.0s: no short rows and no explicit no-short message
[karauri] retry 4/5 wait=4.0s: no short rows and no explicit no-short message
[karauri] retry 5/5 wait=8.0s: no short rows and no explicit no-short message
[karauri] retry 1/5 wait=0.5s: no short rows and no explicit no-short message
[karauri] retry 2/5 wait=1.0s: no short rows and no explicit no-short message
[karauri] retry 5/5 wait=8.0s: no short rows and no explicit no-short message
[karauri] retry 3/5 wait=2.0s: no short rows and no explicit no-short message
[karauri] retry 4/5 wait=4.0s: no short rows and no explicit no-short message
[karauri] retry 5/5 wait=8.0s: no short rows and no explicit no-short message
[karauri] retry 1/5 wait=0.5s: no short rows and no explicit no-short message
[karauri] retry 2/5 wait=1.0s: no short rows and no explicit no-short message
[karauri] retry 3/5 wait=2.0s: no short rows and no explicit no-short message
[karauri][PROGRESS] 25/3587 rate=0.69/s elapsed=0.6m eta=86.6m
[karauri] retry 4/5 wait=4.0s: no short rows and no explicit no-short message
[karauri] retry 5/5 wait=8.0s: no short rows and no explicit no-short message
[karauri] retry 1/5 wait=0.5s: no short rows and no explicit no-short message
[karauri] retry 2/5 wait=1.0s: no short rows and no explicit no-short message
[karauri] retry 3/5 wait=2.0s: no short rows and no explicit no-short message
[karauri] retry 4/5 wait=4.0s: no short rows and no explicit no-short message
[karauri] retry 1/5 wait=0.5s: no short rows and no explicit no-short message
[karauri] retry 2/5 wait=1.0s: no short rows and no explicit no-short message
[karauri] retry 3/5 wait=2.0s: no short rows and no explicit no-short message
[karauri] retry 5/5 wait=8.0s: no short rows and no explicit no-short message
[karauri] retry 4/5 wait=4.0s: no short rows and no explicit no-short message
[karauri] retry 5/5 wait=8.0s: no short rows and no explicit no-short message
[karauri] retry 1/5 wait=0.5s: no short rows and no explicit no-short message
[karauri] retry 2/5 wait=1.0s: no short rows and no explicit no-short message
[karauri][PROGRESS] 50/3587 rate=0.80/s elapsed=1.0m eta=74.1m
[karauri] retry 3/5 wait=2.0s: no short rows and no explicit no-short message
[karauri] retry 4/5 wait=4.0s: no short rows and no explicit no-short message
[karauri] retry 5/5 wait=8.0s: no short rows and no explicit no-short message
[karauri][PROGRESS] 75/3587 rate=0.81/s elapsed=1.5m eta=71.9m
[karauri] retry 1/5 wait=0.5s: no short rows and no explicit no-short message
[karauri] retry 2/5 wait=1.0s: no short rows and no explicit no-short message
[karauri] retry 3/5 wait=2.0s: no short rows and no explicit no-short message
[karauri] retry 4/5 wait=4.0s: no short rows and no explicit no-short message
[karauri] retry 5/5 wait=8.0s: no short rows and no explicit no-short message
[karauri][PROGRESS] 100/3587 rate=0.85/s elapsed=2.0m eta=68.1m
[karauri][COMMIT] 100/3587 ok=92 fail=8 no_short=0
[karauri] retry 1/5 wait=0.5s: no short rows and no explicit no-short message
[karauri] retry 1/5 wait=0.5s: no short rows and no explicit no-short message
[karauri] retry 2/5 wait=1.0s: no short rows and no explicit no-short message
[karauri] retry 2/5 wait=1.0s: no short rows and no explicit no-short message
[karauri] retry 3/5 wait=2.0s: no short rows and no explicit no-short message
[karauri] retry 3/5 wait=2.0s: no short rows and no explicit no-short message
[karauri] retry 4/5 wait=4.0s: no short rows and no explicit no-short message
[karauri] retry 4/5 wait=4.0s: no short rows and no explicit no-short message
[karauri] retry 5/5 wait=8.0s: no short rows and no explicit no-short message
[karauri] retry 5/5 wait=8.0s: no short rows and no explicit no-short message
[karauri][PROGRESS] 125/3587 rate=0.86/s elapsed=2.4m eta=67.0m
[karauri] retry 1/5 wait=0.5s: no short rows and no explicit no-short message
[karauri] retry 2/5 wait=1.0s: no short rows and no explicit no-short message
[karauri] retry 3/5 wait=2.0s: no short rows and no explicit no-short message
[karauri] retry 4/5 wait=4.0s: no short rows and no explicit no-short message
[karauri][PROGRESS] 150/3587 rate=0.88/s elapsed=2.8m eta=65.2m
[karauri] retry 1/5 wait=0.5s: no short rows and no explicit no-short message
[karauri] retry 2/5 wait=1.0s: no short rows and no explicit no-short message
[karauri] retry 5/5 wait=8.0s: no short rows and no explicit no-short message
[karauri] retry 3/5 wait=2.0s: no short rows and no explicit no-short message
[karauri] retry 4/5 wait=4.0s: no short rows and no explicit no-short message
[karauri] retry 5/5 wait=8.0s: no short rows and no explicit no-short message
[karauri] retry 1/5 wait=0.5s: no short rows and no explicit no-short message
[karauri] retry 1/5 wait=0.5s: no short rows and no explicit no-short message
[karauri] retry 2/5 wait=1.0s: no short rows and no explicit no-short message
[karauri] retry 2/5 wait=1.0s: no short rows and no explicit no-short message
[karauri] retry 3/5 wait=2.0s: no short rows and no explicit no-short message
[karauri] retry 3/5 wait=2.0s: no short rows and no explicit no-short message
[karauri] retry 4/5 wait=4.0s: no short rows and no explicit no-short message
[karauri] retry 4/5 wait=4.0s: no short rows and no explicit no-short message
[karauri] retry 5/5 wait=8.0s: no short rows and no explicit no-short message
[karauri] retry 5/5 wait=8.0s: no short rows and no explicit no-short message
[karauri] retry 1/5 wait=0.5s: no short rows and no explicit no-short message
[karauri] retry 2/5 wait=1.0s: no short rows and no explicit no-short message
[karauri] retry 3/5 wait=2.0s: no short rows and no explicit no-short message
[karauri] retry 1/5 wait=0.5s: no short rows and no explicit no-short message
[karauri][PROGRESS] 175/3587 rate=0.89/s elapsed=3.3m eta=63.9m
[karauri] retry 2/5 wait=1.0s: no short rows and no explicit no-short message
[karauri] retry 4/5 wait=4.0s: no short rows and no explicit no-short message
[karauri] retry 3/5 wait=2.0s: no short rows and no explicit no-short message
[karauri] retry 4/5 wait=4.0s: no short rows and no explicit no-short message
[karauri] retry 5/5 wait=8.0s: no short rows and no explicit no-short message
[karauri] retry 5/5 wait=8.0s: no short rows and no explicit no-short message
[karauri][PROGRESS] 200/3587 rate=0.92/s elapsed=3.6m eta=61.0m
[karauri][COMMIT] 200/3587 ok=184 fail=16 no_short=0
[karauri] retry 1/5 wait=0.5s: no short rows and no explicit no-short message
[karauri] retry 2/5 wait=1.0s: no short rows and no explicit no-short message
[karauri] retry 3/5 wait=2.0s: no short rows and no explicit no-short message
[karauri] retry 4/5 wait=4.0s: no short rows and no explicit no-short message
[karauri] retry 5/5 wait=8.0s: no short rows and no explicit no-short message
[karauri][PROGRESS] 225/3587 rate=0.92/s elapsed=4.1m eta=61.2m
[karauri] retry 1/5 wait=0.5s: no short rows and no explicit no-short message
[karauri] retry 2/5 wait=1.0s: no short rows and no explicit no-short message
[karauri] retry 3/5 wait=2.0s: no short rows and no explicit no-short message
[karauri] retry 1/5 wait=0.5s: no short rows and no explicit no-short message
[karauri] retry 2/5 wait=1.0s: no short rows and no explicit no-short message
[karauri] retry 4/5 wait=4.0s: no short rows and no explicit no-short message
[karauri] retry 3/5 wait=2.0s: no short rows and no explicit no-short message
[karauri] retry 4/5 wait=4.0s: no short rows and no explicit no-short message
[karauri] retry 5/5 wait=8.0s: no short rows and no explicit no-short message
[karauri] retry 1/5 wait=0.5s: no short rows and no explicit no-short message
[karauri] retry 2/5 wait=1.0s: no short rows and no explicit no-short message
[karauri] retry 5/5 wait=8.0s: no short rows and no explicit no-short message
[karauri] retry 3/5 wait=2.0s: no short rows and no explicit no-short message
[karauri] retry 4/5 wait=4.0s: no short rows and no explicit no-short message
[karauri] retry 5/5 wait=8.0s: no short rows and no explicit no-short message
[karauri] retry 1/5 wait=0.5s: no short rows and no explicit no-short message
[karauri] retry 2/5 wait=1.0s: no short rows and no explicit no-short message
[karauri] retry 3/5 wait=2.0s: no short rows and no explicit no-short message
[karauri] retry 4/5 wait=4.0s: no short rows and no explicit no-short message
[karauri][PROGRESS] 250/3587 rate=0.92/s elapsed=4.5m eta=60.5m
[karauri] retry 5/5 wait=8.0s: no short rows and no explicit no-short message
[karauri][PROGRESS] 275/3587 rate=0.92/s elapsed=5.0m eta=59.9m
[karauri] retry 1/5 wait=0.5s: no short rows and no explicit no-short message
[karauri] retry 2/5 wait=1.0s: no short rows and no explicit no-short message
[karauri] retry 3/5 wait=2.0s: no short rows and no explicit no-short message
[karauri] retry 4/5 wait=4.0s: no short rows and no explicit no-short message
[karauri] retry 5/5 wait=8.0s: no short rows and no explicit no-short message
[karauri] retry 1/5 wait=0.5s: no short rows and no explicit no-short message
[karauri] retry 1/5 wait=0.5s: no short rows and no explicit no-short message
[karauri] retry 2/5 wait=1.0s: no short rows and no explicit no-short message
[karauri] retry 2/5 wait=1.0s: no short rows and no explicit no-short message
[karauri] retry 3/5 wait=2.0s: no short rows and no explicit no-short message
[karauri] retry 3/5 wait=2.0s: no short rows and no explicit no-short message
[karauri] retry 4/5 wait=4.0s: no short rows and no explicit no-short message
[karauri] retry 4/5 wait=4.0s: no short rows and no explicit no-short message
[karauri] retry 5/5 wait=8.0s: no short rows and no explicit no-short message
[karauri] retry 5/5 wait=8.0s: no short rows and no explicit no-short message
[karauri][PROGRESS] 300/3587 rate=0.90/s elapsed=5.6m eta=60.9m
[karauri][COMMIT] 300/3587 ok=276 fail=24 no_short=0
[karauri] retry 1/5 wait=0.5s: no short rows and no explicit no-short message
[karauri] retry 2/5 wait=1.0s: no short rows and no explicit no-short message
[karauri] retry 3/5 wait=2.0s: no short rows and no explicit no-short message
[karauri] retry 4/5 wait=4.0s: no short rows and no explicit no-short message
[karauri] retry 5/5 wait=8.0s: no short rows and no explicit no-short message
[karauri] retry 1/5 wait=0.5s: no short rows and no explicit no-short message
[karauri] retry 2/5 wait=1.0s: no short rows and no explicit no-short message
[karauri] retry 3/5 wait=2.0s: no short rows and no explicit no-short message
[karauri] retry 4/5 wait=4.0s: no short rows and no explicit no-short message
[karauri][PROGRESS] 325/3587 rate=0.90/s elapsed=6.0m eta=60.5m
[karauri] retry 5/5 wait=8.0s: no short rows and no explicit no-short message
[karauri][PROGRESS] 350/3587 rate=0.90/s elapsed=6.5m eta=60.2m
[karauri] retry 1/5 wait=0.5s: no short rows and no explicit no-short message
[karauri] retry 2/5 wait=1.0s: no short rows and no explicit no-short message
[karauri] retry 3/5 wait=2.0s: no short rows and no explicit no-short message
[karauri] retry 4/5 wait=4.0s: no short rows and no explicit no-short message
[karauri] retry 5/5 wait=8.0s: no short rows and no explicit no-short message
[karauri][PROGRESS] 375/3587 rate=0.91/s elapsed=6.9m eta=59.1m
[karauri][PROGRESS] 400/3587 rate=0.92/s elapsed=7.3m eta=58.0m
[karauri][COMMIT] 400/3587 ok=373 fail=27 no_short=0
[karauri] retry 1/5 wait=0.5s: no short rows and no explicit no-short message
[karauri] retry 2/5 wait=1.0s: no short rows and no explicit no-short message
[karauri][PROGRESS] 425/3587 rate=0.91/s elapsed=7.8m eta=58.0m
[karauri] retry 3/5 wait=2.0s: no short rows and no explicit no-short message
[karauri] retry 4/5 wait=4.0s: no short rows and no explicit no-short message
[karauri] retry 5/5 wait=8.0s: no short rows and no explicit no-short message
[karauri] retry 1/5 wait=0.5s: no short rows and no explicit no-short message
[karauri] retry 2/5 wait=1.0s: no short rows and no explicit no-short message
[karauri] retry 3/5 wait=2.0s: no short rows and no explicit no-short message
[karauri] retry 4/5 wait=4.0s: no short rows and no explicit no-short message
[karauri][PROGRESS] 450/3587 rate=0.91/s elapsed=8.2m eta=57.4m
[karauri] retry 5/5 wait=8.0s: no short rows and no explicit no-short message
[karauri] retry 1/5 wait=0.5s: no short rows and no explicit no-short message
[karauri] retry 2/5 wait=1.0s: no short rows and no explicit no-short message
[karauri] retry 3/5 wait=2.0s: no short rows and no explicit no-short message
[karauri] retry 4/5 wait=4.0s: no short rows and no explicit no-short message
[karauri][PROGRESS] 475/3587 rate=0.92/s elapsed=8.6m eta=56.7m
[karauri] retry 5/5 wait=8.0s: no short rows and no explicit no-short message
[karauri] retry 1/5 wait=0.5s: no short rows and no explicit no-short message
[karauri] retry 2/5 wait=1.0s: no short rows and no explicit no-short message
[karauri] retry 3/5 wait=2.0s: no short rows and no explicit no-short message
[karauri] retry 4/5 wait=4.0s: no short rows and no explicit no-short message
[karauri] retry 5/5 wait=8.0s: no short rows and no explicit no-short message
[karauri][PROGRESS] 500/3587 rate=0.92/s elapsed=9.1m eta=56.0m
[karauri][COMMIT] 500/3587 ok=469 fail=31 no_short=0
[karauri] retry 1/5 wait=0.5s: no short rows and no explicit no-short message
[karauri] retry 2/5 wait=1.0s: no short rows and no explicit no-short message
[karauri] retry 1/5 wait=0.5s: no short rows and no explicit no-short message
[karauri] retry 3/5 wait=2.0s: no short rows and no explicit no-short message
[karauri] retry 2/5 wait=1.0s: no short rows and no explicit no-short message
[karauri] retry 3/5 wait=2.0s: no short rows and no explicit no-short message
[karauri] retry 1/5 wait=0.5s: no short rows and no explicit no-short message
[karauri] retry 4/5 wait=4.0s: no short rows and no explicit no-short message
[karauri] retry 2/5 wait=1.0s: no short rows and no explicit no-short message
[karauri] retry 3/5 wait=2.0s: no short rows and no explicit no-short message
[karauri] retry 4/5 wait=4.0s: no short rows and no explicit no-short message
[karauri] retry 4/5 wait=4.0s: no short rows and no explicit no-short message
[karauri] retry 5/5 wait=8.0s: no short rows and no explicit no-short message
[karauri] retry 5/5 wait=8.0s: no short rows and no explicit no-short message
[karauri][PROGRESS] 525/3587 rate=0.91/s elapsed=9.6m eta=55.9m
[karauri] retry 5/5 wait=8.0s: no short rows and no explicit no-short message
[karauri] retry 1/5 wait=0.5s: no short rows and no explicit no-short message
[karauri] retry 2/5 wait=1.0s: no short rows and no explicit no-short message
[karauri] retry 3/5 wait=2.0s: no short rows and no explicit no-short message
[karauri] retry 4/5 wait=4.0s: no short rows and no explicit no-short message
[karauri] retry 5/5 wait=8.0s: no short rows and no explicit no-short message
[karauri] retry 1/5 wait=0.5s: no short rows and no explicit no-short message
[karauri] retry 2/5 wait=1.0s: no short rows and no explicit no-short message
[karauri] retry 3/5 wait=2.0s: no short rows and no explicit no-short message
[karauri] retry 4/5 wait=4.0s: no short rows and no explicit no-short message
[karauri][PROGRESS] 550/3587 rate=0.92/s elapsed=9.9m eta=54.9m
[karauri] retry 5/5 wait=8.0s: no short rows and no explicit no-short message
[karauri] retry 1/5 wait=0.5s: no short rows and no explicit no-short message
[karauri] retry 2/5 wait=1.0s: no short rows and no explicit no-short message
[karauri] retry 3/5 wait=2.0s: no short rows and no explicit no-short message
[karauri] retry 4/5 wait=4.0s: no short rows and no explicit no-short message
[karauri] retry 5/5 wait=8.0s: no short rows and no explicit no-short message
[karauri] retry 1/5 wait=0.5s: no short rows and no explicit no-short message
[karauri] retry 2/5 wait=1.0s: no short rows and no explicit no-short message
[karauri][PROGRESS] 575/3587 rate=0.92/s elapsed=10.4m eta=54.6m
[karauri] retry 3/5 wait=2.0s: no short rows and no explicit no-short message
[karauri] retry 1/5 wait=0.5s: no short rows and no explicit no-short message
[karauri] retry 4/5 wait=4.0s: no short rows and no explicit no-short message
[karauri] retry 2/5 wait=1.0s: no short rows and no explicit no-short message
[karauri] retry 3/5 wait=2.0s: no short rows and no explicit no-short message
[karauri] retry 4/5 wait=4.0s: no short rows and no explicit no-short message
[karauri] retry 5/5 wait=8.0s: no short rows and no explicit no-short message
[karauri] retry 5/5 wait=8.0s: no short rows and no explicit no-short message
[karauri][PROGRESS] 600/3587 rate=0.93/s elapsed=10.8m eta=53.8m
[karauri][COMMIT] 600/3587 ok=561 fail=39 no_short=0
[karauri] retry 1/5 wait=0.5s: no short rows and no explicit no-short message
[karauri] retry 1/5 wait=0.5s: no short rows and no explicit no-short message
[karauri] retry 2/5 wait=1.0s: no short rows and no explicit no-short message
[karauri] retry 2/5 wait=1.0s: no short rows and no explicit no-short message
[karauri] retry 3/5 wait=2.0s: no short rows and no explicit no-short message
[karauri] retry 3/5 wait=2.0s: no short rows and no explicit no-short message
[karauri] retry 4/5 wait=4.0s: no short rows and no explicit no-short message
[karauri] retry 4/5 wait=4.0s: no short rows and no explicit no-short message
[karauri] retry 5/5 wait=8.0s: no short rows and no explicit no-short message
[karauri] retry 5/5 wait=8.0s: no short rows and no explicit no-short message
[karauri] retry 1/5 wait=0.5s: no short rows and no explicit no-short message
[karauri] retry 2/5 wait=1.0s: no short rows and no explicit no-short message
[karauri][PROGRESS] 625/3587 rate=0.92/s elapsed=11.3m eta=53.5m
[karauri] retry 1/5 wait=0.5s: no short rows and no explicit no-short message
[karauri] retry 3/5 wait=2.0s: no short rows and no explicit no-short message
[karauri] retry 2/5 wait=1.0s: no short rows and no explicit no-short message
[karauri] retry 3/5 wait=2.0s: no short rows and no explicit no-short message
[karauri] retry 4/5 wait=4.0s: no short rows and no explicit no-short message
[karauri] retry 1/5 wait=0.5s: no short rows and no explicit no-short message
[karauri] retry 1/5 wait=0.5s: no short rows and no explicit no-short message
[karauri] retry 4/5 wait=4.0s: no short rows and no explicit no-short message
[karauri] retry 2/5 wait=1.0s: no short rows and no explicit no-short message
[karauri] retry 2/5 wait=1.0s: no short rows and no explicit no-short message
[karauri] retry 3/5 wait=2.0s: no short rows and no explicit no-short message
[karauri] retry 3/5 wait=2.0s: no short rows and no explicit no-short message
[karauri] retry 5/5 wait=8.0s: no short rows and no explicit no-short message
[karauri] retry 4/5 wait=4.0s: no short rows and no explicit no-short message
[karauri] retry 1/5 wait=0.5s: no short rows and no explicit no-short message
[karauri] retry 4/5 wait=4.0s: no short rows and no explicit no-short message
[karauri] retry 5/5 wait=8.0s: no short rows and no explicit no-short message
[karauri] retry 2/5 wait=1.0s: no short rows and no explicit no-short message
[karauri] retry 3/5 wait=2.0s: no short rows and no explicit no-short message
[karauri] retry 5/5 wait=8.0s: no short rows and no explicit no-short message
[karauri] retry 4/5 wait=4.0s: no short rows and no explicit no-short message
[karauri] retry 5/5 wait=8.0s: no short rows and no explicit no-short message
[karauri] retry 5/5 wait=8.0s: no short rows and no explicit no-short message
[karauri] retry 1/5 wait=0.5s: no short rows and no explicit no-short message
[karauri] retry 2/5 wait=1.0s: no short rows and no explicit no-short message
[karauri] retry 3/5 wait=2.0s: no short rows and no explicit no-short message
[karauri][PROGRESS] 650/3587 rate=0.93/s elapsed=11.7m eta=52.9m
[karauri] retry 4/5 wait=4.0s: no short rows and no explicit no-short message
[karauri] retry 1/5 wait=0.5s: no short rows and no explicit no-short message
[karauri] retry 2/5 wait=1.0s: no short rows and no explicit no-short message
[karauri] retry 3/5 wait=2.0s: no short rows and no explicit no-short message
[karauri] retry 5/5 wait=8.0s: no short rows and no explicit no-short message
[karauri] retry 4/5 wait=4.0s: no short rows and no explicit no-short message
[karauri] retry 5/5 wait=8.0s: no short rows and no explicit no-short message
[karauri] retry 1/5 wait=0.5s: no short rows and no explicit no-short message
[karauri] retry 2/5 wait=1.0s: no short rows and no explicit no-short message
[karauri] retry 1/5 wait=0.5s: no short rows and no explicit no-short message
[karauri] retry 2/5 wait=1.0s: no short rows and no explicit no-short message
[karauri] retry 3/5 wait=2.0s: no short rows and no explicit no-short message
[karauri] retry 3/5 wait=2.0s: no short rows and no explicit no-short message
[karauri] retry 4/5 wait=4.0s: no short rows and no explicit no-short message
[karauri] retry 4/5 wait=4.0s: no short rows and no explicit no-short message
[karauri] retry 1/5 wait=0.5s: no short rows and no explicit no-short message
[karauri][PROGRESS] 675/3587 rate=0.93/s elapsed=12.1m eta=52.1m
[karauri] retry 2/5 wait=1.0s: no short rows and no explicit no-short message
[karauri] retry 5/5 wait=8.0s: no short rows and no explicit no-short message
[karauri] retry 3/5 wait=2.0s: no short rows and no explicit no-short message
[karauri] retry 5/5 wait=8.0s: no short rows and no explicit no-short message
[karauri] retry 4/5 wait=4.0s: no short rows and no explicit no-short message
[karauri] retry 5/5 wait=8.0s: no short rows and no explicit no-short message
[karauri][PROGRESS] 700/3587 rate=0.94/s elapsed=12.4m eta=51.3m
[karauri][COMMIT] 700/3587 ok=649 fail=51 no_short=0
[karauri] retry 1/5 wait=0.5s: no short rows and no explicit no-short message
[karauri] retry 2/5 wait=1.0s: no short rows and no explicit no-short message
[karauri] retry 3/5 wait=2.0s: no short rows and no explicit no-short message
[karauri] retry 4/5 wait=4.0s: no short rows and no explicit no-short message
[karauri] retry 5/5 wait=8.0s: no short rows and no explicit no-short message
[karauri] retry 1/5 wait=0.5s: no short rows and no explicit no-short message
[karauri] retry 2/5 wait=1.0s: no short rows and no explicit no-short message
[karauri] retry 3/5 wait=2.0s: no short rows and no explicit no-short message
[karauri][PROGRESS] 725/3587 rate=0.94/s elapsed=12.8m eta=50.5m
[karauri] retry 4/5 wait=4.0s: no short rows and no explicit no-short message
[karauri] retry 5/5 wait=8.0s: no short rows and no explicit no-short message
[karauri] retry 1/5 wait=0.5s: no short rows and no explicit no-short message
[karauri] retry 2/5 wait=1.0s: no short rows and no explicit no-short message
[karauri] retry 3/5 wait=2.0s: no short rows and no explicit no-short message
[karauri] retry 4/5 wait=4.0s: no short rows and no explicit no-short message
[karauri] retry 1/5 wait=0.5s: no short rows and no explicit no-short message
[karauri] retry 2/5 wait=1.0s: no short rows and no explicit no-short message
[karauri] retry 5/5 wait=8.0s: no short rows and no explicit no-short message
[karauri] retry 3/5 wait=2.0s: no short rows and no explicit no-short message
[karauri] retry 4/5 wait=4.0s: no short rows and no explicit no-short message
[karauri] retry 5/5 wait=8.0s: no short rows and no explicit no-short message
[karauri][PROGRESS] 750/3587 rate=0.94/s elapsed=13.3m eta=50.2m
[karauri] retry 1/5 wait=0.5s: no short rows and no explicit no-short message
[karauri] retry 1/5 wait=0.5s: no short rows and no explicit no-short message
[karauri] retry 2/5 wait=1.0s: no short rows and no explicit no-short message
[karauri] retry 2/5 wait=1.0s: no short rows and no explicit no-short message
[karauri] retry 3/5 wait=2.0s: no short rows and no explicit no-short message
[karauri] retry 3/5 wait=2.0s: no short rows and no explicit no-short message
[karauri] retry 4/5 wait=4.0s: no short rows and no explicit no-short message
[karauri] retry 4/5 wait=4.0s: no short rows and no explicit no-short message
[karauri] retry 1/5 wait=0.5s: no short rows and no explicit no-short message
[karauri] retry 2/5 wait=1.0s: no short rows and no explicit no-short message
[karauri] retry 5/5 wait=8.0s: no short rows and no explicit no-short message
[karauri] retry 5/5 wait=8.0s: no short rows and no explicit no-short message
[karauri] retry 3/5 wait=2.0s: no short rows and no explicit no-short message
[karauri] retry 4/5 wait=4.0s: no short rows and no explicit no-short message
[karauri] retry 5/5 wait=8.0s: no short rows and no explicit no-short message
[karauri] retry 1/5 wait=0.5s: no short rows and no explicit no-short message
[karauri] retry 2/5 wait=1.0s: no short rows and no explicit no-short message
[karauri] retry 3/5 wait=2.0s: no short rows and no explicit no-short message
[karauri] retry 4/5 wait=4.0s: no short rows and no explicit no-short message
[karauri][PROGRESS] 775/3587 rate=0.94/s elapsed=13.7m eta=49.6m
[karauri] retry 5/5 wait=8.0s: no short rows and no explicit no-short message
[karauri][PROGRESS] 800/3587 rate=0.96/s elapsed=14.0m eta=48.6m
[karauri][COMMIT] 800/3587 ok=741 fail=59 no_short=0
[karauri] retry 1/5 wait=0.5s: no short rows and no explicit no-short message
[karauri] retry 2/5 wait=1.0s: no short rows and no explicit no-short message
[karauri] retry 1/5 wait=0.5s: no short rows and no explicit no-short message
[karauri] retry 3/5 wait=2.0s: no short rows and no explicit no-short message
[karauri] retry 2/5 wait=1.0s: no short rows and no explicit no-short message
[karauri] retry 3/5 wait=2.0s: no short rows and no explicit no-short message
[karauri] retry 1/5 wait=0.5s: no short rows and no explicit no-short message
[karauri] retry 4/5 wait=4.0s: no short rows and no explicit no-short message
[karauri] retry 2/5 wait=1.0s: no short rows and no explicit no-short message
[karauri] retry 3/5 wait=2.0s: no short rows and no explicit no-short message
[karauri] retry 4/5 wait=4.0s: no short rows and no explicit no-short message
[karauri] retry 4/5 wait=4.0s: no short rows and no explicit no-short message
[karauri] retry 5/5 wait=8.0s: no short rows and no explicit no-short message
[karauri] retry 5/5 wait=8.0s: no short rows and no explicit no-short message
[karauri] retry 5/5 wait=8.0s: no short rows and no explicit no-short message
[karauri][PROGRESS] 825/3587 rate=0.95/s elapsed=14.5m eta=48.4m
[karauri] retry 1/5 wait=0.5s: no short rows and no explicit no-short message
[karauri] retry 2/5 wait=1.0s: no short rows and no explicit no-short message
[karauri] retry 3/5 wait=2.0s: no short rows and no explicit no-short message
[karauri] retry 4/5 wait=4.0s: no short rows and no explicit no-short message
[karauri] retry 1/5 wait=0.5s: no short rows and no explicit no-short message
[karauri] retry 2/5 wait=1.0s: no short rows and no explicit no-short message
[karauri] retry 5/5 wait=8.0s: no short rows and no explicit no-short message
[karauri] retry 3/5 wait=2.0s: no short rows and no explicit no-short message
[karauri][PROGRESS] 850/3587 rate=0.95/s elapsed=14.8m eta=47.8m
[karauri] retry 4/5 wait=4.0s: no short rows and no explicit no-short message
[karauri] retry 5/5 wait=8.0s: no short rows and no explicit no-short message
[karauri] retry 1/5 wait=0.5s: no short rows and no explicit no-short message
[karauri] retry 2/5 wait=1.0s: no short rows and no explicit no-short message
[karauri] retry 3/5 wait=2.0s: no short rows and no explicit no-short message
[karauri] retry 4/5 wait=4.0s: no short rows and no explicit no-short message
[karauri] retry 1/5 wait=0.5s: no short rows and no explicit no-short message
[karauri] retry 2/5 wait=1.0s: no short rows and no explicit no-short message
[karauri] retry 5/5 wait=8.0s: no short rows and no explicit no-short message
[karauri] retry 3/5 wait=2.0s: no short rows and no explicit no-short message
[karauri] retry 4/5 wait=4.0s: no short rows and no explicit no-short message
[karauri] retry 5/5 wait=8.0s: no short rows and no explicit no-short message
[karauri][PROGRESS] 875/3587 rate=0.96/s elapsed=15.2m eta=47.2m
[karauri] retry 1/5 wait=0.5s: no short rows and no explicit no-short message
[karauri] retry 2/5 wait=1.0s: no short rows and no explicit no-short message
[karauri] retry 3/5 wait=2.0s: no short rows and no explicit no-short message
[karauri] retry 4/5 wait=4.0s: no short rows and no explicit no-short message
[karauri] retry 5/5 wait=8.0s: no short rows and no explicit no-short message
[karauri][PROGRESS] 900/3587 rate=0.96/s elapsed=15.6m eta=46.6m
[karauri][COMMIT] 900/3587 ok=833 fail=67 no_short=0
[karauri] retry 1/5 wait=0.5s: no short rows and no explicit no-short message
[karauri] retry 2/5 wait=1.0s: no short rows and no explicit no-short message
[karauri] retry 3/5 wait=2.0s: no short rows and no explicit no-short message
[karauri] retry 4/5 wait=4.0s: no short rows and no explicit no-short message
[karauri] retry 5/5 wait=8.0s: no short rows and no explicit no-short message
[karauri][PROGRESS] 925/3587 rate=0.96/s elapsed=16.1m eta=46.2m
[karauri] retry 1/5 wait=0.5s: no short rows and no explicit no-short message
[karauri] retry 2/5 wait=1.0s: no short rows and no explicit no-short message
[karauri] retry 1/5 wait=0.5s: no short rows and no explicit no-short message
[karauri] retry 3/5 wait=2.0s: no short rows and no explicit no-short message
[karauri] retry 2/5 wait=1.0s: no short rows and no explicit no-short message
[karauri] retry 3/5 wait=2.0s: no short rows and no explicit no-short message
[karauri] retry 4/5 wait=4.0s: no short rows and no explicit no-short message
[karauri] retry 4/5 wait=4.0s: no short rows and no explicit no-short message
[karauri] retry 5/5 wait=8.0s: no short rows and no explicit no-short message
[karauri] retry 5/5 wait=8.0s: no short rows and no explicit no-short message
[karauri] retry 1/5 wait=0.5s: no short rows and no explicit no-short message
[karauri] retry 2/5 wait=1.0s: no short rows and no explicit no-short message
[karauri] retry 3/5 wait=2.0s: no short rows and no explicit no-short message
[karauri] retry 4/5 wait=4.0s: no short rows and no explicit no-short message
[karauri][PROGRESS] 950/3587 rate=0.96/s elapsed=16.4m eta=45.6m
[karauri] retry 1/5 wait=0.5s: no short rows and no explicit no-short message
[karauri] retry 2/5 wait=1.0s: no short rows and no explicit no-short message
[karauri] retry 5/5 wait=8.0s: no short rows and no explicit no-short message
[karauri] retry 3/5 wait=2.0s: no short rows and no explicit no-short message
[karauri] retry 4/5 wait=4.0s: no short rows and no explicit no-short message
[karauri] retry 5/5 wait=8.0s: no short rows and no explicit no-short message
[karauri][PROGRESS] 975/3587 rate=0.96/s elapsed=16.9m eta=45.1m
[karauri] retry 1/5 wait=0.5s: no short rows and no explicit no-short message
[karauri] retry 2/5 wait=1.0s: no short rows and no explicit no-short message
[karauri] retry 3/5 wait=2.0s: no short rows and no explicit no-short message
[karauri] retry 4/5 wait=4.0s: no short rows and no explicit no-short message
[karauri] retry 1/5 wait=0.5s: no short rows and no explicit no-short message
[karauri] retry 2/5 wait=1.0s: no short rows and no explicit no-short message
[karauri] retry 5/5 wait=8.0s: no short rows and no explicit no-short message
[karauri] retry 3/5 wait=2.0s: no short rows and no explicit no-short message
[karauri] retry 1/5 wait=0.5s: no short rows and no explicit no-short message
[karauri] retry 2/5 wait=1.0s: no short rows and no explicit no-short message
[karauri] retry 4/5 wait=4.0s: no short rows and no explicit no-short message
[karauri] retry 3/5 wait=2.0s: no short rows and no explicit no-short message
[karauri] retry 4/5 wait=4.0s: no short rows and no explicit no-short message
[karauri] retry 5/5 wait=8.0s: no short rows and no explicit no-short message
[karauri] retry 5/5 wait=8.0s: no short rows and no explicit no-short message
[karauri][PROGRESS] 1000/3587 rate=0.96/s elapsed=17.4m eta=45.0m
[karauri][COMMIT] 1000/3587 ok=925 fail=75 no_short=0
[karauri] retry 1/5 wait=0.5s: no short rows and no explicit no-short message
[karauri] retry 2/5 wait=1.0s: no short rows and no explicit no-short message
[karauri] retry 3/5 wait=2.0s: no short rows and no explicit no-short message
[karauri] retry 4/5 wait=4.0s: no short rows and no explicit no-short message
[karauri] retry 5/5 wait=8.0s: no short rows and no explicit no-short message
[karauri] retry 1/5 wait=0.5s: no short rows and no explicit no-short message
[karauri] retry 2/5 wait=1.0s: no short rows and no explicit no-short message
[karauri] retry 3/5 wait=2.0s: no short rows and no explicit no-short message
[karauri] retry 4/5 wait=4.0s: no short rows and no explicit no-short message
[karauri] retry 5/5 wait=8.0s: no short rows and no explicit no-short message
[karauri] retry 1/5 wait=0.5s: no short rows and no explicit no-short message
[karauri] retry 2/5 wait=1.0s: no short rows and no explicit no-short message
[karauri] retry 3/5 wait=2.0s: no short rows and no explicit no-short message
[karauri] retry 4/5 wait=4.0s: no short rows and no explicit no-short message
[karauri] retry 1/5 wait=0.5s: no short rows and no explicit no-short message
[karauri] retry 2/5 wait=1.0s: no short rows and no explicit no-short message
[karauri] retry 3/5 wait=2.0s: no short rows and no explicit no-short message
[karauri][PROGRESS] 1025/3587 rate=0.96/s elapsed=17.9m eta=44.6m
[karauri] retry 5/5 wait=8.0s: no short rows and no explicit no-short message
[karauri] retry 4/5 wait=4.0s: no short rows and no explicit no-short message
[karauri] retry 5/5 wait=8.0s: no short rows and no explicit no-short message
[karauri] retry 1/5 wait=0.5s: no short rows and no explicit no-short message
[karauri] retry 2/5 wait=1.0s: no short rows and no explicit no-short message
[karauri] retry 3/5 wait=2.0s: no short rows and no explicit no-short message
[karauri] retry 4/5 wait=4.0s: no short rows and no explicit no-short message
[karauri] retry 5/5 wait=8.0s: no short rows and no explicit no-short message
[karauri][PROGRESS] 1050/3587 rate=0.96/s elapsed=18.3m eta=44.2m
[karauri] retry 1/5 wait=0.5s: no short rows and no explicit no-short message
[karauri] retry 2/5 wait=1.0s: no short rows and no explicit no-short message
[karauri] retry 3/5 wait=2.0s: no short rows and no explicit no-short message
[karauri] retry 4/5 wait=4.0s: no short rows and no explicit no-short message
[karauri] retry 1/5 wait=0.5s: no short rows and no explicit no-short message
[karauri] retry 2/5 wait=1.0s: no short rows and no explicit no-short message
[karauri] retry 3/5 wait=2.0s: no short rows and no explicit no-short message
[karauri] retry 5/5 wait=8.0s: no short rows and no explicit no-short message
[karauri] retry 4/5 wait=4.0s: no short rows and no explicit no-short message
[karauri] retry 5/5 wait=8.0s: no short rows and no explicit no-short message
[karauri][PROGRESS] 1075/3587 rate=0.96/s elapsed=18.7m eta=43.8m
[karauri] retry 1/5 wait=0.5s: no short rows and no explicit no-short message
[karauri] retry 2/5 wait=1.0s: no short rows and no explicit no-short message
[karauri] retry 3/5 wait=2.0s: no short rows and no explicit no-short message
[karauri] retry 4/5 wait=4.0s: no short rows and no explicit no-short message
[karauri] retry 5/5 wait=8.0s: no short rows and no explicit no-short message
[karauri][PROGRESS] 1100/3587 rate=0.96/s elapsed=19.2m eta=43.3m
[karauri][COMMIT] 1100/3587 ok=1017 fail=83 no_short=0
[karauri] retry 1/5 wait=0.5s: no short rows and no explicit no-short message
[karauri] retry 2/5 wait=1.0s: no short rows and no explicit no-short message
[karauri] retry 3/5 wait=2.0s: no short rows and no explicit no-short message
[karauri] retry 4/5 wait=4.0s: no short rows and no explicit no-short message
[karauri] retry 1/5 wait=0.5s: no short rows and no explicit no-short message
[karauri] retry 2/5 wait=1.0s: no short rows and no explicit no-short message
[karauri] retry 5/5 wait=8.0s: no short rows and no explicit no-short message
[karauri] retry 1/5 wait=0.5s: no short rows and no explicit no-short message
[karauri] retry 3/5 wait=2.0s: no short rows and no explicit no-short message
[karauri] retry 2/5 wait=1.0s: no short rows and no explicit no-short message
[karauri] retry 1/5 wait=0.5s: no short rows and no explicit no-short message
[karauri] retry 3/5 wait=2.0s: no short rows and no explicit no-short message
[karauri] retry 2/5 wait=1.0s: no short rows and no explicit no-short message
[karauri] retry 4/5 wait=4.0s: no short rows and no explicit no-short message
[karauri] retry 3/5 wait=2.0s: no short rows and no explicit no-short message
[karauri] retry 4/5 wait=4.0s: no short rows and no explicit no-short message
[karauri] retry 4/5 wait=4.0s: no short rows and no explicit no-short message
[karauri] retry 5/5 wait=8.0s: no short rows and no explicit no-short message
[karauri] retry 5/5 wait=8.0s: no short rows and no explicit no-short message
[karauri] retry 5/5 wait=8.0s: no short rows and no explicit no-short message
[karauri] retry 1/5 wait=0.5s: no short rows and no explicit no-short message
[karauri] retry 2/5 wait=1.0s: no short rows and no explicit no-short message
[karauri][PROGRESS] 1125/3587 rate=0.96/s elapsed=19.6m eta=42.9m
[karauri] retry 3/5 wait=2.0s: no short rows and no explicit no-short message
[karauri] retry 1/5 wait=0.5s: no short rows and no explicit no-short message
[karauri] retry 2/5 wait=1.0s: no short rows and no explicit no-short message
[karauri] retry 4/5 wait=4.0s: no short rows and no explicit no-short message
[karauri] retry 3/5 wait=2.0s: no short rows and no explicit no-short message
[karauri] retry 4/5 wait=4.0s: no short rows and no explicit no-short message
[karauri] retry 5/5 wait=8.0s: no short rows and no explicit no-short message
[karauri] retry 5/5 wait=8.0s: no short rows and no explicit no-short message
[karauri] retry 1/5 wait=0.5s: no short rows and no explicit no-short message
[karauri] retry 2/5 wait=1.0s: no short rows and no explicit no-short message
[karauri] retry 3/5 wait=2.0s: no short rows and no explicit no-short message
[karauri] retry 4/5 wait=4.0s: no short rows and no explicit no-short message
[karauri] retry 5/5 wait=8.0s: no short rows and no explicit no-short message
[karauri][PROGRESS] 1150/3587 rate=0.96/s elapsed=20.0m eta=42.4m
[karauri] retry 1/5 wait=0.5s: no short rows and no explicit no-short message
[karauri] retry 2/5 wait=1.0s: no short rows and no explicit no-short message
[karauri] retry 3/5 wait=2.0s: no short rows and no explicit no-short message
[karauri] retry 4/5 wait=4.0s: no short rows and no explicit no-short message
[karauri] retry 5/5 wait=8.0s: no short rows and no explicit no-short message
[karauri] retry 1/5 wait=0.5s: no short rows and no explicit no-short message
[karauri] retry 1/5 wait=0.5s: no short rows and no explicit no-short message
[karauri] retry 2/5 wait=1.0s: no short rows and no explicit no-short message
[karauri] retry 2/5 wait=1.0s: no short rows and no explicit no-short message
[karauri] retry 3/5 wait=2.0s: no short rows and no explicit no-short message
[karauri] retry 3/5 wait=2.0s: no short rows and no explicit no-short message
[karauri] retry 4/5 wait=4.0s: no short rows and no explicit no-short message
[karauri] retry 1/5 wait=0.5s: no short rows and no explicit no-short message
[karauri] retry 4/5 wait=4.0s: no short rows and no explicit no-short message
[karauri] retry 2/5 wait=1.0s: no short rows and no explicit no-short message
[karauri] retry 1/5 wait=0.5s: no short rows and no explicit no-short message
[karauri] retry 3/5 wait=2.0s: no short rows and no explicit no-short message
[karauri] retry 2/5 wait=1.0s: no short rows and no explicit no-short message
[karauri] retry 3/5 wait=2.0s: no short rows and no explicit no-short message
[karauri] retry 5/5 wait=8.0s: no short rows and no explicit no-short message
[karauri][PROGRESS] 1175/3587 rate=0.96/s elapsed=20.4m eta=41.8m
[karauri] retry 4/5 wait=4.0s: no short rows and no explicit no-short message
[karauri] retry 5/5 wait=8.0s: no short rows and no explicit no-short message
[karauri] retry 4/5 wait=4.0s: no short rows and no explicit no-short message
[karauri] retry 5/5 wait=8.0s: no short rows and no explicit no-short message
[karauri] retry 5/5 wait=8.0s: no short rows and no explicit no-short message
[karauri] retry 1/5 wait=0.5s: no short rows and no explicit no-short message
[karauri] retry 2/5 wait=1.0s: no short rows and no explicit no-short message
[karauri] retry 3/5 wait=2.0s: no short rows and no explicit no-short message
[karauri] retry 4/5 wait=4.0s: no short rows and no explicit no-short message
[karauri] retry 5/5 wait=8.0s: no short rows and no explicit no-short message
[karauri][PROGRESS] 1200/3587 rate=0.96/s elapsed=20.8m eta=41.3m
[karauri][COMMIT] 1200/3587 ok=1104 fail=96 no_short=0
[karauri] retry 1/5 wait=0.5s: no short rows and no explicit no-short message
[karauri] retry 2/5 wait=1.0s: no short rows and no explicit no-short message
[karauri] retry 3/5 wait=2.0s: no short rows and no explicit no-short message
[karauri] retry 1/5 wait=0.5s: no short rows and no explicit no-short message
[karauri] retry 2/5 wait=1.0s: no short rows and no explicit no-short message
[karauri] retry 4/5 wait=4.0s: no short rows and no explicit no-short message
[karauri] retry 3/5 wait=2.0s: no short rows and no explicit no-short message
[karauri] retry 4/5 wait=4.0s: no short rows and no explicit no-short message
[karauri] retry 5/5 wait=8.0s: no short rows and no explicit no-short message
[karauri] retry 1/5 wait=0.5s: no short rows and no explicit no-short message
[karauri] retry 2/5 wait=1.0s: no short rows and no explicit no-short message
[karauri] retry 3/5 wait=2.0s: no short rows and no explicit no-short message
[karauri] retry 5/5 wait=8.0s: no short rows and no explicit no-short message
[karauri] retry 4/5 wait=4.0s: no short rows and no explicit no-short message
[karauri] retry 1/5 wait=0.5s: no short rows and no explicit no-short message
[karauri] retry 5/5 wait=8.0s: no short rows and no explicit no-short message
[karauri] retry 2/5 wait=1.0s: no short rows and no explicit no-short message
[karauri] retry 3/5 wait=2.0s: no short rows and no explicit no-short message
[karauri] retry 4/5 wait=4.0s: no short rows and no explicit no-short message
[karauri] retry 1/5 wait=0.5s: no short rows and no explicit no-short message
[karauri] retry 5/5 wait=8.0s: no short rows and no explicit no-short message
[karauri] retry 2/5 wait=1.0s: no short rows and no explicit no-short message
[karauri][PROGRESS] 1225/3587 rate=0.96/s elapsed=21.2m eta=40.9m
[karauri] retry 3/5 wait=2.0s: no short rows and no explicit no-short message
[karauri] retry 4/5 wait=4.0s: no short rows and no explicit no-short message
[karauri] retry 5/5 wait=8.0s: no short rows and no explicit no-short message
[karauri] retry 1/5 wait=0.5s: no short rows and no explicit no-short message
[karauri] retry 2/5 wait=1.0s: no short rows and no explicit no-short message
[karauri] retry 3/5 wait=2.0s: no short rows and no explicit no-short message
[karauri] retry 4/5 wait=4.0s: no short rows and no explicit no-short message
[karauri] retry 1/5 wait=0.5s: no short rows and no explicit no-short message
[karauri] retry 2/5 wait=1.0s: no short rows and no explicit no-short message
[karauri] retry 1/5 wait=0.5s: no short rows and no explicit no-short message
[karauri] retry 5/5 wait=8.0s: no short rows and no explicit no-short message
[karauri] retry 2/5 wait=1.0s: no short rows and no explicit no-short message
[karauri] retry 3/5 wait=2.0s: no short rows and no explicit no-short message
[karauri] retry 3/5 wait=2.0s: no short rows and no explicit no-short message
[karauri] retry 4/5 wait=4.0s: no short rows and no explicit no-short message
[karauri] retry 4/5 wait=4.0s: no short rows and no explicit no-short message
[karauri] retry 1/5 wait=0.5s: no short rows and no explicit no-short message
[karauri] retry 5/5 wait=8.0s: no short rows and no explicit no-short message
[karauri] retry 2/5 wait=1.0s: no short rows and no explicit no-short message
[karauri] retry 5/5 wait=8.0s: no short rows and no explicit no-short message
[karauri][PROGRESS] 1250/3587 rate=0.96/s elapsed=21.6m eta=40.4m
[karauri] retry 3/5 wait=2.0s: no short rows and no explicit no-short message
[karauri] retry 1/5 wait=0.5s: no short rows and no explicit no-short message
[karauri] retry 2/5 wait=1.0s: no short rows and no explicit no-short message
[karauri] retry 4/5 wait=4.0s: no short rows and no explicit no-short message
[karauri] retry 3/5 wait=2.0s: no short rows and no explicit no-short message
[karauri] retry 1/5 wait=0.5s: no short rows and no explicit no-short message
[karauri] retry 2/5 wait=1.0s: no short rows and no explicit no-short message
[karauri] retry 4/5 wait=4.0s: no short rows and no explicit no-short message
[karauri] retry 3/5 wait=2.0s: no short rows and no explicit no-short message
[karauri] retry 1/5 wait=0.5s: no short rows and no explicit no-short message
[karauri] retry 5/5 wait=8.0s: no short rows and no explicit no-short message
[karauri] retry 2/5 wait=1.0s: no short rows and no explicit no-short message
[karauri] retry 4/5 wait=4.0s: no short rows and no explicit no-short message
[karauri] retry 3/5 wait=2.0s: no short rows and no explicit no-short message
[karauri] retry 1/5 wait=0.5s: no short rows and no explicit no-short message
[karauri] retry 5/5 wait=8.0s: no short rows and no explicit no-short message
[karauri] retry 2/5 wait=1.0s: no short rows and no explicit no-short message
[karauri] retry 4/5 wait=4.0s: no short rows and no explicit no-short message
[karauri] retry 3/5 wait=2.0s: no short rows and no explicit no-short message
[karauri] retry 5/5 wait=8.0s: no short rows and no explicit no-short message
[karauri] retry 4/5 wait=4.0s: no short rows and no explicit no-short message
[karauri] retry 5/5 wait=8.0s: no short rows and no explicit no-short message
[karauri] retry 1/5 wait=0.5s: no short rows and no explicit no-short message
[karauri] retry 2/5 wait=1.0s: no short rows and no explicit no-short message
[karauri] retry 3/5 wait=2.0s: no short rows and no explicit no-short message
[karauri] retry 5/5 wait=8.0s: no short rows and no explicit no-short message
[karauri] retry 4/5 wait=4.0s: no short rows and no explicit no-short message
[karauri] retry 5/5 wait=8.0s: no short rows and no explicit no-short message
[karauri] retry 1/5 wait=0.5s: no short rows and no explicit no-short message
[karauri] retry 2/5 wait=1.0s: no short rows and no explicit no-short message
[karauri] retry 3/5 wait=2.0s: no short rows and no explicit no-short message
[karauri][PROGRESS] 1275/3587 rate=0.96/s elapsed=22.0m eta=40.0m
[karauri] retry 4/5 wait=4.0s: no short rows and no explicit no-short message
[karauri] retry 5/5 wait=8.0s: no short rows and no explicit no-short message
[karauri][PROGRESS] 1300/3587 rate=0.97/s elapsed=22.4m eta=39.4m
[karauri][COMMIT] 1300/3587 ok=1189 fail=111 no_short=0
[karauri] retry 1/5 wait=0.5s: no short rows and no explicit no-short message
[karauri] retry 2/5 wait=1.0s: no short rows and no explicit no-short message
[karauri] retry 3/5 wait=2.0s: no short rows and no explicit no-short message
[karauri] retry 4/5 wait=4.0s: no short rows and no explicit no-short message
[karauri] retry 5/5 wait=8.0s: no short rows and no explicit no-short message
[karauri] retry 1/5 wait=0.5s: no short rows and no explicit no-short message
[karauri] retry 2/5 wait=1.0s: no short rows and no explicit no-short message
[karauri] retry 3/5 wait=2.0s: no short rows and no explicit no-short message
[karauri][PROGRESS] 1325/3587 rate=0.97/s elapsed=22.8m eta=38.9m
[karauri] retry 4/5 wait=4.0s: no short rows and no explicit no-short message
[karauri] retry 1/5 wait=0.5s: no short rows and no explicit no-short message
[karauri] retry 2/5 wait=1.0s: no short rows and no explicit no-short message
[karauri] retry 5/5 wait=8.0s: no short rows and no explicit no-short message
[karauri] retry 3/5 wait=2.0s: no short rows and no explicit no-short message
[karauri] retry 4/5 wait=4.0s: no short rows and no explicit no-short message
[karauri] retry 5/5 wait=8.0s: no short rows and no explicit no-short message
[karauri] retry 1/5 wait=0.5s: no short rows and no explicit no-short message
[karauri] retry 2/5 wait=1.0s: no short rows and no explicit no-short message
[karauri] retry 3/5 wait=2.0s: no short rows and no explicit no-short message
[karauri] retry 1/5 wait=0.5s: no short rows and no explicit no-short message
[karauri] retry 2/5 wait=1.0s: no short rows and no explicit no-short message
[karauri] retry 4/5 wait=4.0s: no short rows and no explicit no-short message
[karauri] retry 3/5 wait=2.0s: no short rows and no explicit no-short message
[karauri] retry 4/5 wait=4.0s: no short rows and no explicit no-short message
[karauri] retry 5/5 wait=8.0s: no short rows and no explicit no-short message
[karauri] retry 5/5 wait=8.0s: no short rows and no explicit no-short message
[karauri][PROGRESS] 1350/3587 rate=0.97/s elapsed=23.2m eta=38.5m
[karauri] retry 1/5 wait=0.5s: no short rows and no explicit no-short message
[karauri] retry 2/5 wait=1.0s: no short rows and no explicit no-short message
[karauri] retry 3/5 wait=2.0s: no short rows and no explicit no-short message
[karauri] retry 4/5 wait=4.0s: no short rows and no explicit no-short message
[karauri][PROGRESS] 1375/3587 rate=0.97/s elapsed=23.6m eta=38.0m
[karauri] retry 1/5 wait=0.5s: no short rows and no explicit no-short message
[karauri] retry 2/5 wait=1.0s: no short rows and no explicit no-short message
[karauri] retry 3/5 wait=2.0s: no short rows and no explicit no-short message
[karauri] retry 5/5 wait=8.0s: no short rows and no explicit no-short message
[karauri] retry 4/5 wait=4.0s: no short rows and no explicit no-short message
[karauri] retry 1/5 wait=0.5s: no short rows and no explicit no-short message
[karauri] retry 2/5 wait=1.0s: no short rows and no explicit no-short message
[karauri] retry 3/5 wait=2.0s: no short rows and no explicit no-short message
[karauri] retry 5/5 wait=8.0s: no short rows and no explicit no-short message
[karauri] retry 4/5 wait=4.0s: no short rows and no explicit no-short message
[karauri] retry 5/5 wait=8.0s: no short rows and no explicit no-short message
[karauri][PROGRESS] 1400/3587 rate=0.97/s elapsed=24.0m eta=37.5m
[karauri][COMMIT] 1400/3587 ok=1281 fail=119 no_short=0
[karauri] retry 1/5 wait=0.5s: no short rows and no explicit no-short message
[karauri] retry 2/5 wait=1.0s: no short rows and no explicit no-short message
[karauri] retry 1/5 wait=0.5s: no short rows and no explicit no-short message
[karauri] retry 2/5 wait=1.0s: no short rows and no explicit no-short message
[karauri] retry 3/5 wait=2.0s: no short rows and no explicit no-short message
[karauri] retry 3/5 wait=2.0s: no short rows and no explicit no-short message
[karauri] retry 1/5 wait=0.5s: no short rows and no explicit no-short message
[karauri] retry 2/5 wait=1.0s: no short rows and no explicit no-short message
[karauri] retry 4/5 wait=4.0s: no short rows and no explicit no-short message
[karauri] retry 4/5 wait=4.0s: no short rows and no explicit no-short message
[karauri] retry 3/5 wait=2.0s: no short rows and no explicit no-short message
[karauri] retry 4/5 wait=4.0s: no short rows and no explicit no-short message
[karauri] retry 5/5 wait=8.0s: no short rows and no explicit no-short message
[karauri] retry 5/5 wait=8.0s: no short rows and no explicit no-short message
[karauri] retry 1/5 wait=0.5s: no short rows and no explicit no-short message
[karauri] retry 2/5 wait=1.0s: no short rows and no explicit no-short message
[karauri] retry 5/5 wait=8.0s: no short rows and no explicit no-short message
[karauri] retry 3/5 wait=2.0s: no short rows and no explicit no-short message
[karauri] retry 4/5 wait=4.0s: no short rows and no explicit no-short message
[karauri] retry 5/5 wait=8.0s: no short rows and no explicit no-short message
[karauri][PROGRESS] 1425/3587 rate=0.97/s elapsed=24.5m eta=37.1m
[karauri] retry 1/5 wait=0.5s: no short rows and no explicit no-short message
[karauri] retry 2/5 wait=1.0s: no short rows and no explicit no-short message
[karauri] retry 3/5 wait=2.0s: no short rows and no explicit no-short message
[karauri] retry 4/5 wait=4.0s: no short rows and no explicit no-short message
[karauri] retry 5/5 wait=8.0s: no short rows and no explicit no-short message
[karauri] retry 1/5 wait=0.5s: no short rows and no explicit no-short message
[karauri] retry 2/5 wait=1.0s: no short rows and no explicit no-short message
[karauri] retry 3/5 wait=2.0s: no short rows and no explicit no-short message
[karauri] retry 1/5 wait=0.5s: no short rows and no explicit no-short message
[karauri] retry 2/5 wait=1.0s: no short rows and no explicit no-short message
[karauri] retry 4/5 wait=4.0s: no short rows and no explicit no-short message
[karauri] retry 3/5 wait=2.0s: no short rows and no explicit no-short message
[karauri] retry 4/5 wait=4.0s: no short rows and no explicit no-short message
[karauri] retry 5/5 wait=8.0s: no short rows and no explicit no-short message
[karauri] retry 1/5 wait=0.5s: no short rows and no explicit no-short message
[karauri] retry 2/5 wait=1.0s: no short rows and no explicit no-short message
[karauri] retry 3/5 wait=2.0s: no short rows and no explicit no-short message
[karauri] retry 5/5 wait=8.0s: no short rows and no explicit no-short message
[karauri][PROGRESS] 1450/3587 rate=0.97/s elapsed=24.8m eta=36.6m
[karauri] retry 4/5 wait=4.0s: no short rows and no explicit no-short message
[karauri] retry 5/5 wait=8.0s: no short rows and no explicit no-short message
[karauri] retry 1/5 wait=0.5s: no short rows and no explicit no-short message
[karauri] retry 1/5 wait=0.5s: no short rows and no explicit no-short message
[karauri] retry 2/5 wait=1.0s: no short rows and no explicit no-short message
[karauri] retry 2/5 wait=1.0s: no short rows and no explicit no-short message
[karauri] retry 3/5 wait=2.0s: no short rows and no explicit no-short message
[karauri] retry 3/5 wait=2.0s: no short rows and no explicit no-short message
[karauri] retry 4/5 wait=4.0s: no short rows and no explicit no-short message
[karauri] retry 4/5 wait=4.0s: no short rows and no explicit no-short message
[karauri][PROGRESS] 1475/3587 rate=0.98/s elapsed=25.2m eta=36.0m
[karauri] retry 5/5 wait=8.0s: no short rows and no explicit no-short message
[karauri] retry 1/5 wait=0.5s: no short rows and no explicit no-short message
[karauri] retry 5/5 wait=8.0s: no short rows and no explicit no-short message
[karauri] retry 2/5 wait=1.0s: no short rows and no explicit no-short message
[karauri] retry 3/5 wait=2.0s: no short rows and no explicit no-short message
[karauri] retry 4/5 wait=4.0s: no short rows and no explicit no-short message
[karauri] retry 1/5 wait=0.5s: no short rows and no explicit no-short message
[karauri] retry 2/5 wait=1.0s: no short rows and no explicit no-short message
[karauri] retry 3/5 wait=2.0s: no short rows and no explicit no-short message
[karauri] retry 4/5 wait=4.0s: no short rows and no explicit no-short message
[karauri] retry 5/5 wait=8.0s: no short rows and no explicit no-short message
[karauri] retry 1/5 wait=0.5s: no short rows and no explicit no-short message
[karauri] retry 2/5 wait=1.0s: no short rows and no explicit no-short message
[karauri] retry 5/5 wait=8.0s: no short rows and no explicit no-short message
[karauri] retry 3/5 wait=2.0s: no short rows and no explicit no-short message
[karauri] retry 4/5 wait=4.0s: no short rows and no explicit no-short message
[karauri] retry 5/5 wait=8.0s: no short rows and no explicit no-short message
[karauri][PROGRESS] 1500/3587 rate=0.97/s elapsed=25.7m eta=35.7m
[karauri][COMMIT] 1500/3587 ok=1368 fail=132 no_short=0
[karauri] retry 1/5 wait=0.5s: no short rows and no explicit no-short message
[karauri] retry 1/5 wait=0.5s: no short rows and no explicit no-short message
[karauri] retry 2/5 wait=1.0s: no short rows and no explicit no-short message
[karauri] retry 2/5 wait=1.0s: no short rows and no explicit no-short message
[karauri] retry 3/5 wait=2.0s: no short rows and no explicit no-short message
[karauri] retry 3/5 wait=2.0s: no short rows and no explicit no-short message
[karauri] retry 4/5 wait=4.0s: no short rows and no explicit no-short message
[karauri] retry 4/5 wait=4.0s: no short rows and no explicit no-short message
[karauri] retry 5/5 wait=8.0s: no short rows and no explicit no-short message
[karauri] retry 5/5 wait=8.0s: no short rows and no explicit no-short message
[karauri] retry 1/5 wait=0.5s: no short rows and no explicit no-short message
[karauri] retry 2/5 wait=1.0s: no short rows and no explicit no-short message
[karauri] retry 3/5 wait=2.0s: no short rows and no explicit no-short message
[karauri] retry 4/5 wait=4.0s: no short rows and no explicit no-short message
[karauri] retry 1/5 wait=0.5s: no short rows and no explicit no-short message
[karauri] retry 1/5 wait=0.5s: no short rows and no explicit no-short message
[karauri] retry 2/5 wait=1.0s: no short rows and no explicit no-short message
[karauri] retry 2/5 wait=1.0s: no short rows and no explicit no-short message
[karauri] retry 3/5 wait=2.0s: no short rows and no explicit no-short message
[karauri] retry 3/5 wait=2.0s: no short rows and no explicit no-short message
[karauri] retry 5/5 wait=8.0s: no short rows and no explicit no-short message
[karauri] retry 4/5 wait=4.0s: no short rows and no explicit no-short message
[karauri] retry 4/5 wait=4.0s: no short rows and no explicit no-short message
[karauri][PROGRESS] 1525/3587 rate=0.98/s elapsed=26.1m eta=35.2m
[karauri] retry 5/5 wait=8.0s: no short rows and no explicit no-short message
[karauri] retry 5/5 wait=8.0s: no short rows and no explicit no-short message
[karauri] retry 1/5 wait=0.5s: no short rows and no explicit no-short message
[karauri] retry 1/5 wait=0.5s: no short rows and no explicit no-short message
[karauri] retry 2/5 wait=1.0s: no short rows and no explicit no-short message
[karauri] retry 2/5 wait=1.0s: no short rows and no explicit no-short message
[karauri] retry 3/5 wait=2.0s: no short rows and no explicit no-short message
[karauri][PROGRESS] 1550/3587 rate=0.98/s elapsed=26.5m eta=34.8m
[karauri] retry 3/5 wait=2.0s: no short rows and no explicit no-short message
[karauri] retry 1/5 wait=0.5s: no short rows and no explicit no-short message
[karauri] retry 2/5 wait=1.0s: no short rows and no explicit no-short message
[karauri] retry 4/5 wait=4.0s: no short rows and no explicit no-short message
[karauri] retry 4/5 wait=4.0s: no short rows and no explicit no-short message
[karauri] retry 3/5 wait=2.0s: no short rows and no explicit no-short message
[karauri] retry 4/5 wait=4.0s: no short rows and no explicit no-short message
[karauri] retry 5/5 wait=8.0s: no short rows and no explicit no-short message
[karauri] retry 1/5 wait=0.5s: no short rows and no explicit no-short message
[karauri] retry 5/5 wait=8.0s: no short rows and no explicit no-short message
[karauri] retry 2/5 wait=1.0s: no short rows and no explicit no-short message
[karauri] retry 3/5 wait=2.0s: no short rows and no explicit no-short message
[karauri] retry 5/5 wait=8.0s: no short rows and no explicit no-short message
[karauri] retry 4/5 wait=4.0s: no short rows and no explicit no-short message
[karauri] retry 1/5 wait=0.5s: no short rows and no explicit no-short message
[karauri] retry 2/5 wait=1.0s: no short rows and no explicit no-short message
[karauri] retry 3/5 wait=2.0s: no short rows and no explicit no-short message
[karauri] retry 4/5 wait=4.0s: no short rows and no explicit no-short message
[karauri] retry 5/5 wait=8.0s: no short rows and no explicit no-short message
[karauri] retry 1/5 wait=0.5s: no short rows and no explicit no-short message
[karauri] retry 2/5 wait=1.0s: no short rows and no explicit no-short message
[karauri] retry 1/5 wait=0.5s: no short rows and no explicit no-short message
[karauri] retry 3/5 wait=2.0s: no short rows and no explicit no-short message
[karauri] retry 2/5 wait=1.0s: no short rows and no explicit no-short message
[karauri] retry 3/5 wait=2.0s: no short rows and no explicit no-short message
[karauri] retry 5/5 wait=8.0s: no short rows and no explicit no-short message
[karauri] retry 4/5 wait=4.0s: no short rows and no explicit no-short message
[karauri] retry 4/5 wait=4.0s: no short rows and no explicit no-short message
[karauri] retry 5/5 wait=8.0s: no short rows and no explicit no-short message
[karauri] retry 5/5 wait=8.0s: no short rows and no explicit no-short message
[karauri][PROGRESS] 1575/3587 rate=0.98/s elapsed=26.9m eta=34.3m
[karauri] retry 1/5 wait=0.5s: no short rows and no explicit no-short message
[karauri] retry 2/5 wait=1.0s: no short rows and no explicit no-short message
[karauri] retry 3/5 wait=2.0s: no short rows and no explicit no-short message
[karauri] retry 4/5 wait=4.0s: no short rows and no explicit no-short message
[karauri] retry 1/5 wait=0.5s: no short rows and no explicit no-short message
[karauri] retry 5/5 wait=8.0s: no short rows and no explicit no-short message
[karauri] retry 2/5 wait=1.0s: no short rows and no explicit no-short message
[karauri] retry 3/5 wait=2.0s: no short rows and no explicit no-short message
[karauri] retry 1/5 wait=0.5s: no short rows and no explicit no-short message
[karauri] retry 4/5 wait=4.0s: no short rows and no explicit no-short message
[karauri] retry 2/5 wait=1.0s: no short rows and no explicit no-short message
[karauri] retry 3/5 wait=2.0s: no short rows and no explicit no-short message
[karauri] retry 1/5 wait=0.5s: no short rows and no explicit no-short message
[karauri] retry 2/5 wait=1.0s: no short rows and no explicit no-short message
[karauri] retry 4/5 wait=4.0s: no short rows and no explicit no-short message
[karauri] retry 3/5 wait=2.0s: no short rows and no explicit no-short message
[karauri] retry 5/5 wait=8.0s: no short rows and no explicit no-short message
[karauri] retry 4/5 wait=4.0s: no short rows and no explicit no-short message
[karauri] retry 5/5 wait=8.0s: no short rows and no explicit no-short message
[karauri] retry 5/5 wait=8.0s: no short rows and no explicit no-short message
[karauri][PROGRESS] 1600/3587 rate=0.97/s elapsed=27.4m eta=34.0m
[karauri][COMMIT] 1600/3587 ok=1452 fail=148 no_short=0
[karauri] retry 1/5 wait=0.5s: no short rows and no explicit no-short message
[karauri] retry 2/5 wait=1.0s: no short rows and no explicit no-short message
[karauri] retry 3/5 wait=2.0s: no short rows and no explicit no-short message
[karauri] retry 4/5 wait=4.0s: no short rows and no explicit no-short message
[karauri] retry 5/5 wait=8.0s: no short rows and no explicit no-short message
[karauri] retry 1/5 wait=0.5s: no short rows and no explicit no-short message
[karauri] retry 2/5 wait=1.0s: no short rows and no explicit no-short message
[karauri] retry 1/5 wait=0.5s: no short rows and no explicit no-short message
[karauri] retry 2/5 wait=1.0s: no short rows and no explicit no-short message
[karauri] retry 3/5 wait=2.0s: no short rows and no explicit no-short message
[karauri] retry 3/5 wait=2.0s: no short rows and no explicit no-short message
[karauri] retry 4/5 wait=4.0s: no short rows and no explicit no-short message
[karauri] retry 1/5 wait=0.5s: no short rows and no explicit no-short message
[karauri] retry 2/5 wait=1.0s: no short rows and no explicit no-short message
[karauri] retry 4/5 wait=4.0s: no short rows and no explicit no-short message
[karauri] retry 3/5 wait=2.0s: no short rows and no explicit no-short message
[karauri] retry 1/5 wait=0.5s: no short rows and no explicit no-short message
[karauri] retry 2/5 wait=1.0s: no short rows and no explicit no-short message
[karauri] retry 5/5 wait=8.0s: no short rows and no explicit no-short message
[karauri] retry 4/5 wait=4.0s: no short rows and no explicit no-short message
[karauri] retry 1/5 wait=0.5s: no short rows and no explicit no-short message
[karauri] retry 2/5 wait=1.0s: no short rows and no explicit no-short message
[karauri] retry 3/5 wait=2.0s: no short rows and no explicit no-short message
[karauri] retry 5/5 wait=8.0s: no short rows and no explicit no-short message
[karauri] retry 3/5 wait=2.0s: no short rows and no explicit no-short message
[karauri] retry 4/5 wait=4.0s: no short rows and no explicit no-short message
[karauri] retry 5/5 wait=8.0s: no short rows and no explicit no-short message
[karauri] retry 4/5 wait=4.0s: no short rows and no explicit no-short message
[karauri] retry 5/5 wait=8.0s: no short rows and no explicit no-short message
[karauri] retry 5/5 wait=8.0s: no short rows and no explicit no-short message
[karauri] retry 1/5 wait=0.5s: no short rows and no explicit no-short message
[karauri] retry 2/5 wait=1.0s: no short rows and no explicit no-short message
[karauri] retry 3/5 wait=2.0s: no short rows and no explicit no-short message
[karauri][PROGRESS] 1625/3587 rate=0.97/s elapsed=27.9m eta=33.7m
[karauri] retry 1/5 wait=0.5s: no short rows and no explicit no-short message
[karauri] retry 2/5 wait=1.0s: no short rows and no explicit no-short message
[karauri] retry 4/5 wait=4.0s: no short rows and no explicit no-short message
[karauri] retry 3/5 wait=2.0s: no short rows and no explicit no-short message
[karauri] retry 4/5 wait=4.0s: no short rows and no explicit no-short message
[karauri] retry 1/5 wait=0.5s: no short rows and no explicit no-short message
[karauri] retry 5/5 wait=8.0s: no short rows and no explicit no-short message
[karauri] retry 2/5 wait=1.0s: no short rows and no explicit no-short message
[karauri] retry 3/5 wait=2.0s: no short rows and no explicit no-short message
[karauri] retry 5/5 wait=8.0s: no short rows and no explicit no-short message
[karauri] retry 4/5 wait=4.0s: no short rows and no explicit no-short message
[karauri] retry 5/5 wait=8.0s: no short rows and no explicit no-short message
[karauri][PROGRESS] 1650/3587 rate=0.97/s elapsed=28.4m eta=33.3m
[karauri] retry 1/5 wait=0.5s: no short rows and no explicit no-short message
[karauri] retry 2/5 wait=1.0s: no short rows and no explicit no-short message
[karauri] retry 3/5 wait=2.0s: no short rows and no explicit no-short message
[karauri] retry 4/5 wait=4.0s: no short rows and no explicit no-short message
[karauri] retry 5/5 wait=8.0s: no short rows and no explicit no-short message
[karauri] retry 1/5 wait=0.5s: no short rows and no explicit no-short message
[karauri] retry 2/5 wait=1.0s: no short rows and no explicit no-short message
[karauri] retry 3/5 wait=2.0s: no short rows and no explicit no-short message
[karauri] retry 4/5 wait=4.0s: no short rows and no explicit no-short message
[karauri] retry 5/5 wait=8.0s: no short rows and no explicit no-short message
[karauri] retry 1/5 wait=0.5s: no short rows and no explicit no-short message
[karauri] retry 2/5 wait=1.0s: no short rows and no explicit no-short message
[karauri] retry 3/5 wait=2.0s: no short rows and no explicit no-short message
[karauri][PROGRESS] 1675/3587 rate=0.97/s elapsed=28.9m eta=33.0m
[karauri] retry 4/5 wait=4.0s: no short rows and no explicit no-short message
[karauri] retry 1/5 wait=0.5s: no short rows and no explicit no-short message
[karauri] retry 2/5 wait=1.0s: no short rows and no explicit no-short message
[karauri] retry 5/5 wait=8.0s: no short rows and no explicit no-short message
[karauri] retry 3/5 wait=2.0s: no short rows and no explicit no-short message
[karauri] retry 1/5 wait=0.5s: no short rows and no explicit no-short message
[karauri] retry 4/5 wait=4.0s: no short rows and no explicit no-short message
[karauri] retry 2/5 wait=1.0s: no short rows and no explicit no-short message
[karauri] retry 3/5 wait=2.0s: no short rows and no explicit no-short message
[karauri] retry 1/5 wait=0.5s: no short rows and no explicit no-short message
[karauri] retry 2/5 wait=1.0s: no short rows and no explicit no-short message
[karauri] retry 4/5 wait=4.0s: no short rows and no explicit no-short message
[karauri] retry 5/5 wait=8.0s: no short rows and no explicit no-short message
[karauri] retry 3/5 wait=2.0s: no short rows and no explicit no-short message
[karauri] retry 4/5 wait=4.0s: no short rows and no explicit no-short message
[karauri] retry 5/5 wait=8.0s: no short rows and no explicit no-short message
[karauri] retry 5/5 wait=8.0s: no short rows and no explicit no-short message
[karauri][PROGRESS] 1700/3587 rate=0.97/s elapsed=29.3m eta=32.6m
[karauri][COMMIT] 1700/3587 ok=1537 fail=163 no_short=0
[karauri] retry 1/5 wait=0.5s: no short rows and no explicit no-short message
[karauri] retry 1/5 wait=0.5s: no short rows and no explicit no-short message
[karauri] retry 2/5 wait=1.0s: no short rows and no explicit no-short message
[karauri] retry 2/5 wait=1.0s: no short rows and no explicit no-short message
[karauri] retry 1/5 wait=0.5s: no short rows and no explicit no-short message
[karauri] retry 3/5 wait=2.0s: no short rows and no explicit no-short message
[karauri] retry 2/5 wait=1.0s: no short rows and no explicit no-short message
[karauri] retry 3/5 wait=2.0s: no short rows and no explicit no-short message
[karauri] retry 1/5 wait=0.5s: no short rows and no explicit no-short message
[karauri] retry 2/5 wait=1.0s: no short rows and no explicit no-short message
[karauri] retry 3/5 wait=2.0s: no short rows and no explicit no-short message
[karauri] retry 3/5 wait=2.0s: no short rows and no explicit no-short message
[karauri] retry 4/5 wait=4.0s: no short rows and no explicit no-short message
[karauri] retry 4/5 wait=4.0s: no short rows and no explicit no-short message
[karauri] retry 4/5 wait=4.0s: no short rows and no explicit no-short message
[karauri] retry 4/5 wait=4.0s: no short rows and no explicit no-short message
[karauri] retry 5/5 wait=8.0s: no short rows and no explicit no-short message
[karauri] retry 5/5 wait=8.0s: no short rows and no explicit no-short message
[karauri] retry 5/5 wait=8.0s: no short rows and no explicit no-short message
[karauri] retry 5/5 wait=8.0s: no short rows and no explicit no-short message
[karauri] retry 1/5 wait=0.5s: no short rows and no explicit no-short message
[karauri] retry 2/5 wait=1.0s: no short rows and no explicit no-short message
[karauri][PROGRESS] 1725/3587 rate=0.96/s elapsed=29.8m eta=32.2m
[karauri] retry 3/5 wait=2.0s: no short rows and no explicit no-short message
[karauri] retry 4/5 wait=4.0s: no short rows and no explicit no-short message
[karauri] retry 5/5 wait=8.0s: no short rows and no explicit no-short message
[karauri] retry 1/5 wait=0.5s: no short rows and no explicit no-short message
[karauri] retry 1/5 wait=0.5s: no short rows and no explicit no-short message
[karauri] retry 1/5 wait=0.5s: no short rows and no explicit no-short message
[karauri] retry 2/5 wait=1.0s: no short rows and no explicit no-short message
[karauri] retry 2/5 wait=1.0s: no short rows and no explicit no-short message
[karauri] retry 2/5 wait=1.0s: no short rows and no explicit no-short message
[karauri] retry 3/5 wait=2.0s: no short rows and no explicit no-short message
[karauri] retry 3/5 wait=2.0s: no short rows and no explicit no-short message
[karauri] retry 3/5 wait=2.0s: no short rows and no explicit no-short message
[karauri] retry 1/5 wait=0.5s: no short rows and no explicit no-short message
[karauri] retry 2/5 wait=1.0s: no short rows and no explicit no-short message
[karauri] retry 4/5 wait=4.0s: no short rows and no explicit no-short message
[karauri] retry 4/5 wait=4.0s: no short rows and no explicit no-short message
[karauri] retry 4/5 wait=4.0s: no short rows and no explicit no-short message
[karauri] retry 3/5 wait=2.0s: no short rows and no explicit no-short message
[karauri] retry 1/5 wait=0.5s: no short rows and no explicit no-short message
[karauri] retry 2/5 wait=1.0s: no short rows and no explicit no-short message
[karauri] retry 4/5 wait=4.0s: no short rows and no explicit no-short message
[karauri] retry 3/5 wait=2.0s: no short rows and no explicit no-short message
[karauri] retry 5/5 wait=8.0s: no short rows and no explicit no-short message
[karauri] retry 5/5 wait=8.0s: no short rows and no explicit no-short message
[karauri] retry 5/5 wait=8.0s: no short rows and no explicit no-short message
[karauri] retry 4/5 wait=4.0s: no short rows and no explicit no-short message
[karauri] retry 5/5 wait=8.0s: no short rows and no explicit no-short message
[karauri] retry 5/5 wait=8.0s: no short rows and no explicit no-short message
[karauri][PROGRESS] 1750/3587 rate=0.96/s elapsed=30.3m eta=31.8m
[karauri] retry 1/5 wait=0.5s: no short rows and no explicit no-short message
[karauri] retry 2/5 wait=1.0s: no short rows and no explicit no-short message
[karauri] retry 3/5 wait=2.0s: no short rows and no explicit no-short message
[karauri] retry 1/5 wait=0.5s: no short rows and no explicit no-short message
[karauri] retry 2/5 wait=1.0s: no short rows and no explicit no-short message
[karauri] retry 3/5 wait=2.0s: no short rows and no explicit no-short message
[karauri] retry 4/5 wait=4.0s: no short rows and no explicit no-short message
[karauri] retry 4/5 wait=4.0s: no short rows and no explicit no-short message
[karauri] retry 1/5 wait=0.5s: no short rows and no explicit no-short message
[karauri] retry 1/5 wait=0.5s: no short rows and no explicit no-short message
[karauri] retry 2/5 wait=1.0s: no short rows and no explicit no-short message
[karauri] retry 2/5 wait=1.0s: no short rows and no explicit no-short message
[karauri] retry 5/5 wait=8.0s: no short rows and no explicit no-short message
[karauri] retry 3/5 wait=2.0s: no short rows and no explicit no-short message
[karauri] retry 3/5 wait=2.0s: no short rows and no explicit no-short message
[karauri] retry 1/5 wait=0.5s: no short rows and no explicit no-short message
[karauri] retry 2/5 wait=1.0s: no short rows and no explicit no-short message
[karauri] retry 5/5 wait=8.0s: no short rows and no explicit no-short message
[karauri] retry 4/5 wait=4.0s: no short rows and no explicit no-short message
[karauri] retry 4/5 wait=4.0s: no short rows and no explicit no-short message
[karauri] retry 3/5 wait=2.0s: no short rows and no explicit no-short message
[karauri] retry 4/5 wait=4.0s: no short rows and no explicit no-short message
[karauri] retry 5/5 wait=8.0s: no short rows and no explicit no-short message
[karauri] retry 5/5 wait=8.0s: no short rows and no explicit no-short message
[karauri] retry 5/5 wait=8.0s: no short rows and no explicit no-short message
[karauri][PROGRESS] 1775/3587 rate=0.97/s elapsed=30.7m eta=31.3m
[karauri] retry 1/5 wait=0.5s: no short rows and no explicit no-short message
[karauri] retry 2/5 wait=1.0s: no short rows and no explicit no-short message
[karauri] retry 3/5 wait=2.0s: no short rows and no explicit no-short message
[karauri] retry 4/5 wait=4.0s: no short rows and no explicit no-short message
[karauri] retry 5/5 wait=8.0s: no short rows and no explicit no-short message
[karauri][PROGRESS] 1800/3587 rate=0.97/s elapsed=31.0m eta=30.8m
[karauri][COMMIT] 1800/3587 ok=1621 fail=179 no_short=0
[karauri] retry 1/5 wait=0.5s: no short rows and no explicit no-short message
[karauri] retry 2/5 wait=1.0s: no short rows and no explicit no-short message
[karauri] retry 1/5 wait=0.5s: no short rows and no explicit no-short message
[karauri] retry 2/5 wait=1.0s: no short rows and no explicit no-short message
[karauri] retry 3/5 wait=2.0s: no short rows and no explicit no-short message
[karauri] retry 3/5 wait=2.0s: no short rows and no explicit no-short message
[karauri] retry 4/5 wait=4.0s: no short rows and no explicit no-short message
[karauri] retry 4/5 wait=4.0s: no short rows and no explicit no-short message
[karauri] retry 1/5 wait=0.5s: no short rows and no explicit no-short message
[karauri] retry 2/5 wait=1.0s: no short rows and no explicit no-short message
[karauri] retry 3/5 wait=2.0s: no short rows and no explicit no-short message
[karauri] retry 5/5 wait=8.0s: no short rows and no explicit no-short message
[karauri] retry 5/5 wait=8.0s: no short rows and no explicit no-short message
[karauri] retry 4/5 wait=4.0s: no short rows and no explicit no-short message
[karauri] retry 5/5 wait=8.0s: no short rows and no explicit no-short message
[karauri] retry 1/5 wait=0.5s: no short rows and no explicit no-short message
[karauri] retry 2/5 wait=1.0s: no short rows and no explicit no-short message
[karauri] retry 3/5 wait=2.0s: no short rows and no explicit no-short message
[karauri] retry 4/5 wait=4.0s: no short rows and no explicit no-short message
[karauri][PROGRESS] 1825/3587 rate=0.97/s elapsed=31.4m eta=30.3m
[karauri] retry 1/5 wait=0.5s: no short rows and no explicit no-short message
[karauri] retry 1/5 wait=0.5s: no short rows and no explicit no-short message
[karauri] retry 2/5 wait=1.0s: no short rows and no explicit no-short message
[karauri] retry 2/5 wait=1.0s: no short rows and no explicit no-short message
[karauri] retry 1/5 wait=0.5s: no short rows and no explicit no-short message
[karauri] retry 3/5 wait=2.0s: no short rows and no explicit no-short message
[karauri] retry 2/5 wait=1.0s: no short rows and no explicit no-short message
[karauri] retry 1/5 wait=0.5s: no short rows and no explicit no-short message
[karauri] retry 5/5 wait=8.0s: no short rows and no explicit no-short message
[karauri] retry 3/5 wait=2.0s: no short rows and no explicit no-short message
[karauri] retry 2/5 wait=1.0s: no short rows and no explicit no-short message
[karauri] retry 3/5 wait=2.0s: no short rows and no explicit no-short message
[karauri] retry 3/5 wait=2.0s: no short rows and no explicit no-short message
[karauri] retry 4/5 wait=4.0s: no short rows and no explicit no-short message
[karauri] retry 4/5 wait=4.0s: no short rows and no explicit no-short message
[karauri] retry 4/5 wait=4.0s: no short rows and no explicit no-short message
[karauri] retry 4/5 wait=4.0s: no short rows and no explicit no-short message
[karauri] retry 5/5 wait=8.0s: no short rows and no explicit no-short message
[karauri] retry 5/5 wait=8.0s: no short rows and no explicit no-short message
[karauri] retry 5/5 wait=8.0s: no short rows and no explicit no-short message
[karauri] retry 5/5 wait=8.0s: no short rows and no explicit no-short message
[karauri] retry 1/5 wait=0.5s: no short rows and no explicit no-short message
[karauri] retry 2/5 wait=1.0s: no short rows and no explicit no-short message
[karauri] retry 1/5 wait=0.5s: no short rows and no explicit no-short message
[karauri][PROGRESS] 1850/3587 rate=0.97/s elapsed=31.8m eta=29.9m
[karauri] retry 3/5 wait=2.0s: no short rows and no explicit no-short message
[karauri] retry 2/5 wait=1.0s: no short rows and no explicit no-short message
[karauri] retry 3/5 wait=2.0s: no short rows and no explicit no-short message
[karauri] retry 4/5 wait=4.0s: no short rows and no explicit no-short message
[karauri] retry 4/5 wait=4.0s: no short rows and no explicit no-short message
[karauri] retry 5/5 wait=8.0s: no short rows and no explicit no-short message
[karauri] retry 5/5 wait=8.0s: no short rows and no explicit no-short message
[karauri] retry 1/5 wait=0.5s: no short rows and no explicit no-short message
[karauri] retry 2/5 wait=1.0s: no short rows and no explicit no-short message
[karauri] retry 1/5 wait=0.5s: no short rows and no explicit no-short message
[karauri] retry 2/5 wait=1.0s: no short rows and no explicit no-short message
[karauri] retry 3/5 wait=2.0s: no short rows and no explicit no-short message
[karauri] retry 1/5 wait=0.5s: no short rows and no explicit no-short message
[karauri] retry 3/5 wait=2.0s: no short rows and no explicit no-short message
[karauri] retry 2/5 wait=1.0s: no short rows and no explicit no-short message
[karauri] retry 4/5 wait=4.0s: no short rows and no explicit no-short message
[karauri] retry 1/5 wait=0.5s: no short rows and no explicit no-short message
[karauri] retry 3/5 wait=2.0s: no short rows and no explicit no-short message
[karauri] retry 2/5 wait=1.0s: no short rows and no explicit no-short message
[karauri] retry 4/5 wait=4.0s: no short rows and no explicit no-short message
[karauri] retry 3/5 wait=2.0s: no short rows and no explicit no-short message
[karauri] retry 4/5 wait=4.0s: no short rows and no explicit no-short message
[karauri] retry 5/5 wait=8.0s: no short rows and no explicit no-short message
[karauri] retry 4/5 wait=4.0s: no short rows and no explicit no-short message
[karauri] retry 5/5 wait=8.0s: no short rows and no explicit no-short message
[karauri] retry 5/5 wait=8.0s: no short rows and no explicit no-short message
[karauri] retry 5/5 wait=8.0s: no short rows and no explicit no-short message
[karauri] retry 1/5 wait=0.5s: no short rows and no explicit no-short message
[karauri] retry 2/5 wait=1.0s: no short rows and no explicit no-short message
[karauri] retry 3/5 wait=2.0s: no short rows and no explicit no-short message
[karauri][PROGRESS] 1875/3587 rate=0.97/s elapsed=32.2m eta=29.4m
[karauri] retry 4/5 wait=4.0s: no short rows and no explicit no-short message
[karauri] retry 5/5 wait=8.0s: no short rows and no explicit no-short message
[karauri] retry 1/5 wait=0.5s: no short rows and no explicit no-short message
[karauri] retry 2/5 wait=1.0s: no short rows and no explicit no-short message
[karauri] retry 3/5 wait=2.0s: no short rows and no explicit no-short message
[karauri] retry 1/5 wait=0.5s: no short rows and no explicit no-short message
[karauri] retry 2/5 wait=1.0s: no short rows and no explicit no-short message
[karauri] retry 4/5 wait=4.0s: no short rows and no explicit no-short message
[karauri] retry 3/5 wait=2.0s: no short rows and no explicit no-short message
[karauri] retry 4/5 wait=4.0s: no short rows and no explicit no-short message
[karauri] retry 1/5 wait=0.5s: no short rows and no explicit no-short message
[karauri] retry 2/5 wait=1.0s: no short rows and no explicit no-short message
[karauri] retry 5/5 wait=8.0s: no short rows and no explicit no-short message
[karauri] retry 3/5 wait=2.0s: no short rows and no explicit no-short message
[karauri] retry 4/5 wait=4.0s: no short rows and no explicit no-short message
[karauri] retry 5/5 wait=8.0s: no short rows and no explicit no-short message
[karauri] retry 5/5 wait=8.0s: no short rows and no explicit no-short message
[karauri][PROGRESS] 1900/3587 rate=0.97/s elapsed=32.8m eta=29.1m
[karauri][COMMIT] 1900/3587 ok=1703 fail=197 no_short=0
[karauri] retry 1/5 wait=0.5s: no short rows and no explicit no-short message
[karauri] retry 1/5 wait=0.5s: no short rows and no explicit no-short message
[karauri] retry 2/5 wait=1.0s: no short rows and no explicit no-short message
[karauri] retry 2/5 wait=1.0s: no short rows and no explicit no-short message
[karauri] retry 3/5 wait=2.0s: no short rows and no explicit no-short message
[karauri] retry 3/5 wait=2.0s: no short rows and no explicit no-short message
[karauri] retry 4/5 wait=4.0s: no short rows and no explicit no-short message
[karauri] retry 4/5 wait=4.0s: no short rows and no explicit no-short message
[karauri] retry 5/5 wait=8.0s: no short rows and no explicit no-short message
[karauri] retry 5/5 wait=8.0s: no short rows and no explicit no-short message
[karauri] retry 1/5 wait=0.5s: no short rows and no explicit no-short message
[karauri] retry 2/5 wait=1.0s: no short rows and no explicit no-short message
[karauri] retry 3/5 wait=2.0s: no short rows and no explicit no-short message
[karauri] retry 4/5 wait=4.0s: no short rows and no explicit no-short message
[karauri] retry 5/5 wait=8.0s: no short rows and no explicit no-short message
[karauri] retry 1/5 wait=0.5s: no short rows and no explicit no-short message
[karauri][PROGRESS] 1925/3587 rate=0.97/s elapsed=33.2m eta=28.7m
[karauri] retry 2/5 wait=1.0s: no short rows and no explicit no-short message
[karauri] retry 1/5 wait=0.5s: no short rows and no explicit no-short message
[karauri] retry 2/5 wait=1.0s: no short rows and no explicit no-short message
[karauri] retry 3/5 wait=2.0s: no short rows and no explicit no-short message
[karauri] retry 3/5 wait=2.0s: no short rows and no explicit no-short message
[karauri] retry 4/5 wait=4.0s: no short rows and no explicit no-short message
[karauri] retry 4/5 wait=4.0s: no short rows and no explicit no-short message
[karauri] retry 1/5 wait=0.5s: no short rows and no explicit no-short message
[karauri] retry 2/5 wait=1.0s: no short rows and no explicit no-short message
[karauri] retry 3/5 wait=2.0s: no short rows and no explicit no-short message
[karauri] retry 5/5 wait=8.0s: no short rows and no explicit no-short message
[karauri] retry 5/5 wait=8.0s: no short rows and no explicit no-short message
[karauri] retry 4/5 wait=4.0s: no short rows and no explicit no-short message
[karauri] retry 1/5 wait=0.5s: no short rows and no explicit no-short message
[karauri] retry 2/5 wait=1.0s: no short rows and no explicit no-short message
[karauri] retry 3/5 wait=2.0s: no short rows and no explicit no-short message
[karauri] retry 5/5 wait=8.0s: no short rows and no explicit no-short message
[karauri] retry 4/5 wait=4.0s: no short rows and no explicit no-short message
[karauri][PROGRESS] 1950/3587 rate=0.97/s elapsed=33.5m eta=28.1m
[karauri] retry 1/5 wait=0.5s: no short rows and no explicit no-short message
[karauri] retry 5/5 wait=8.0s: no short rows and no explicit no-short message
[karauri] retry 2/5 wait=1.0s: no short rows and no explicit no-short message
[karauri] retry 3/5 wait=2.0s: no short rows and no explicit no-short message
[karauri] retry 1/5 wait=0.5s: no short rows and no explicit no-short message
[karauri] retry 2/5 wait=1.0s: no short rows and no explicit no-short message
[karauri] retry 4/5 wait=4.0s: no short rows and no explicit no-short message
[karauri] retry 3/5 wait=2.0s: no short rows and no explicit no-short message
[karauri] retry 1/5 wait=0.5s: no short rows and no explicit no-short message
[karauri] retry 4/5 wait=4.0s: no short rows and no explicit no-short message
[karauri] retry 2/5 wait=1.0s: no short rows and no explicit no-short message
[karauri] retry 5/5 wait=8.0s: no short rows and no explicit no-short message
[karauri] retry 3/5 wait=2.0s: no short rows and no explicit no-short message
[karauri] retry 4/5 wait=4.0s: no short rows and no explicit no-short message
[karauri] retry 5/5 wait=8.0s: no short rows and no explicit no-short message
[karauri] retry 1/5 wait=0.5s: no short rows and no explicit no-short message
[karauri] retry 1/5 wait=0.5s: no short rows and no explicit no-short message
[karauri] retry 2/5 wait=1.0s: no short rows and no explicit no-short message
[karauri] retry 2/5 wait=1.0s: no short rows and no explicit no-short message
[karauri] retry 1/5 wait=0.5s: no short rows and no explicit no-short message
[karauri] retry 5/5 wait=8.0s: no short rows and no explicit no-short message
[karauri] retry 3/5 wait=2.0s: no short rows and no explicit no-short message
[karauri] retry 3/5 wait=2.0s: no short rows and no explicit no-short message
[karauri] retry 2/5 wait=1.0s: no short rows and no explicit no-short message
[karauri] retry 3/5 wait=2.0s: no short rows and no explicit no-short message
[karauri] retry 1/5 wait=0.5s: no short rows and no explicit no-short message
[karauri] retry 4/5 wait=4.0s: no short rows and no explicit no-short message
[karauri] retry 4/5 wait=4.0s: no short rows and no explicit no-short message
[karauri] retry 1/5 wait=0.5s: no short rows and no explicit no-short message
[karauri] retry 2/5 wait=1.0s: no short rows and no explicit no-short message
[karauri] retry 2/5 wait=1.0s: no short rows and no explicit no-short message
[karauri] retry 3/5 wait=2.0s: no short rows and no explicit no-short message
[karauri] retry 4/5 wait=4.0s: no short rows and no explicit no-short message
[karauri] retry 3/5 wait=2.0s: no short rows and no explicit no-short message
[karauri] retry 4/5 wait=4.0s: no short rows and no explicit no-short message
[karauri] retry 5/5 wait=8.0s: no short rows and no explicit no-short message
[karauri] retry 5/5 wait=8.0s: no short rows and no explicit no-short message
[karauri] retry 4/5 wait=4.0s: no short rows and no explicit no-short message
[karauri] retry 5/5 wait=8.0s: no short rows and no explicit no-short message
[karauri] retry 1/5 wait=0.5s: no short rows and no explicit no-short message
[karauri] retry 2/5 wait=1.0s: no short rows and no explicit no-short message
[karauri] retry 5/5 wait=8.0s: no short rows and no explicit no-short message
[karauri] retry 3/5 wait=2.0s: no short rows and no explicit no-short message
[karauri] retry 5/5 wait=8.0s: no short rows and no explicit no-short message
[karauri][PROGRESS] 1975/3587 rate=0.97/s elapsed=34.0m eta=27.7m
[karauri] retry 4/5 wait=4.0s: no short rows and no explicit no-short message
[karauri] retry 1/5 wait=0.5s: no short rows and no explicit no-short message
[karauri] retry 2/5 wait=1.0s: no short rows and no explicit no-short message
[karauri] retry 3/5 wait=2.0s: no short rows and no explicit no-short message
[karauri] retry 5/5 wait=8.0s: no short rows and no explicit no-short message
[karauri] retry 4/5 wait=4.0s: no short rows and no explicit no-short message
[karauri] retry 5/5 wait=8.0s: no short rows and no explicit no-short message
[karauri] retry 1/5 wait=0.5s: no short rows and no explicit no-short message
[karauri] retry 1/5 wait=0.5s: no short rows and no explicit no-short message
[karauri] retry 2/5 wait=1.0s: no short rows and no explicit no-short message
[karauri] retry 2/5 wait=1.0s: no short rows and no explicit no-short message
[karauri] retry 3/5 wait=2.0s: no short rows and no explicit no-short message
[karauri] retry 3/5 wait=2.0s: no short rows and no explicit no-short message
[karauri] retry 1/5 wait=0.5s: no short rows and no explicit no-short message
[karauri] retry 2/5 wait=1.0s: no short rows and no explicit no-short message
[karauri] retry 4/5 wait=4.0s: no short rows and no explicit no-short message
[karauri] retry 4/5 wait=4.0s: no short rows and no explicit no-short message
[karauri] retry 3/5 wait=2.0s: no short rows and no explicit no-short message
[karauri] retry 4/5 wait=4.0s: no short rows and no explicit no-short message
[karauri] retry 5/5 wait=8.0s: no short rows and no explicit no-short message
[karauri] retry 5/5 wait=8.0s: no short rows and no explicit no-short message
[karauri] retry 5/5 wait=8.0s: no short rows and no explicit no-short message
[karauri][PROGRESS] 2000/3587 rate=0.97/s elapsed=34.5m eta=27.4m
[karauri][COMMIT] 2000/3587 ok=1783 fail=217 no_short=0
[karauri] retry 1/5 wait=0.5s: no short rows and no explicit no-short message
[karauri] retry 1/5 wait=0.5s: no short rows and no explicit no-short message
[karauri] retry 2/5 wait=1.0s: no short rows and no explicit no-short message
[karauri] retry 2/5 wait=1.0s: no short rows and no explicit no-short message
[karauri] retry 3/5 wait=2.0s: no short rows and no explicit no-short message
[karauri] retry 3/5 wait=2.0s: no short rows and no explicit no-short message
[karauri] retry 4/5 wait=4.0s: no short rows and no explicit no-short message
[karauri] retry 4/5 wait=4.0s: no short rows and no explicit no-short message
[karauri] retry 5/5 wait=8.0s: no short rows and no explicit no-short message
[karauri] retry 5/5 wait=8.0s: no short rows and no explicit no-short message
[karauri] retry 1/5 wait=0.5s: no short rows and no explicit no-short message
[karauri] retry 2/5 wait=1.0s: no short rows and no explicit no-short message
[karauri] retry 3/5 wait=2.0s: no short rows and no explicit no-short message
[karauri] retry 4/5 wait=4.0s: no short rows and no explicit no-short message
[karauri] retry 5/5 wait=8.0s: no short rows and no explicit no-short message
[karauri][PROGRESS] 2025/3587 rate=0.97/s elapsed=35.0m eta=27.0m
[karauri] retry 1/5 wait=0.5s: no short rows and no explicit no-short message
[karauri] retry 2/5 wait=1.0s: no short rows and no explicit no-short message
[karauri] retry 3/5 wait=2.0s: no short rows and no explicit no-short message
[karauri] retry 4/5 wait=4.0s: no short rows and no explicit no-short message
[karauri] retry 1/5 wait=0.5s: no short rows and no explicit no-short message
[karauri] retry 2/5 wait=1.0s: no short rows and no explicit no-short message
[karauri] retry 3/5 wait=2.0s: no short rows and no explicit no-short message
[karauri] retry 5/5 wait=8.0s: no short rows and no explicit no-short message
[karauri] retry 4/5 wait=4.0s: no short rows and no explicit no-short message
[karauri] retry 1/5 wait=0.5s: no short rows and no explicit no-short message
[karauri] retry 2/5 wait=1.0s: no short rows and no explicit no-short message
[karauri] retry 5/5 wait=8.0s: no short rows and no explicit no-short message
[karauri] retry 3/5 wait=2.0s: no short rows and no explicit no-short message
[karauri] retry 1/5 wait=0.5s: no short rows and no explicit no-short message
[karauri] retry 2/5 wait=1.0s: no short rows and no explicit no-short message
[karauri] retry 3/5 wait=2.0s: no short rows and no explicit no-short message
[karauri] retry 1/5 wait=0.5s: no short rows and no explicit no-short message
[karauri] retry 4/5 wait=4.0s: no short rows and no explicit no-short message
[karauri] retry 1/5 wait=0.5s: no short rows and no explicit no-short message
[karauri] retry 2/5 wait=1.0s: no short rows and no explicit no-short message
[karauri] retry 2/5 wait=1.0s: no short rows and no explicit no-short message
[karauri][PROGRESS] 2050/3587 rate=0.97/s elapsed=35.3m eta=26.4m
[karauri] retry 1/5 wait=0.5s: no short rows and no explicit no-short message
[karauri] retry 3/5 wait=2.0s: no short rows and no explicit no-short message
[karauri] retry 4/5 wait=4.0s: no short rows and no explicit no-short message
[karauri] retry 2/5 wait=1.0s: no short rows and no explicit no-short message
[karauri] retry 3/5 wait=2.0s: no short rows and no explicit no-short message
[karauri] retry 3/5 wait=2.0s: no short rows and no explicit no-short message
[karauri] retry 4/5 wait=4.0s: no short rows and no explicit no-short message
[karauri] retry 5/5 wait=8.0s: no short rows and no explicit no-short message
[karauri] retry 4/5 wait=4.0s: no short rows and no explicit no-short message
[karauri] retry 4/5 wait=4.0s: no short rows and no explicit no-short message
[karauri] retry 5/5 wait=8.0s: no short rows and no explicit no-short message
[karauri] retry 5/5 wait=8.0s: no short rows and no explicit no-short message
[karauri] retry 5/5 wait=8.0s: no short rows and no explicit no-short message
[karauri] retry 5/5 wait=8.0s: no short rows and no explicit no-short message
[karauri] retry 1/5 wait=0.5s: no short rows and no explicit no-short message
[karauri] retry 2/5 wait=1.0s: no short rows and no explicit no-short message
[karauri] retry 3/5 wait=2.0s: no short rows and no explicit no-short message
[karauri] retry 4/5 wait=4.0s: no short rows and no explicit no-short message
[karauri] retry 1/5 wait=0.5s: no short rows and no explicit no-short message
[karauri] retry 2/5 wait=1.0s: no short rows and no explicit no-short message
[karauri] retry 3/5 wait=2.0s: no short rows and no explicit no-short message
[karauri] retry 5/5 wait=8.0s: no short rows and no explicit no-short message
[karauri] retry 4/5 wait=4.0s: no short rows and no explicit no-short message
[karauri] retry 5/5 wait=8.0s: no short rows and no explicit no-short message
[karauri][PROGRESS] 2075/3587 rate=0.97/s elapsed=35.8m eta=26.1m
[karauri] retry 1/5 wait=0.5s: no short rows and no explicit no-short message
[karauri] retry 2/5 wait=1.0s: no short rows and no explicit no-short message
[karauri] retry 3/5 wait=2.0s: no short rows and no explicit no-short message
[karauri] retry 1/5 wait=0.5s: no short rows and no explicit no-short message
[karauri] retry 2/5 wait=1.0s: no short rows and no explicit no-short message
[karauri] retry 4/5 wait=4.0s: no short rows and no explicit no-short message
[karauri] retry 3/5 wait=2.0s: no short rows and no explicit no-short message
[karauri] retry 1/5 wait=0.5s: no short rows and no explicit no-short message
[karauri] retry 2/5 wait=1.0s: no short rows and no explicit no-short message
[karauri] retry 4/5 wait=4.0s: no short rows and no explicit no-short message
[karauri] retry 3/5 wait=2.0s: no short rows and no explicit no-short message
[karauri] retry 5/5 wait=8.0s: no short rows and no explicit no-short message
[karauri] retry 4/5 wait=4.0s: no short rows and no explicit no-short message
[karauri] retry 5/5 wait=8.0s: no short rows and no explicit no-short message
[karauri] retry 5/5 wait=8.0s: no short rows and no explicit no-short message
[karauri][PROGRESS] 2100/3587 rate=0.96/s elapsed=36.3m eta=25.7m
[karauri][COMMIT] 2100/3587 ok=1868 fail=232 no_short=0
[karauri] retry 1/5 wait=0.5s: no short rows and no explicit no-short message
[karauri] retry 2/5 wait=1.0s: no short rows and no explicit no-short message
[karauri] retry 3/5 wait=2.0s: no short rows and no explicit no-short message
[karauri] retry 4/5 wait=4.0s: no short rows and no explicit no-short message
[karauri] retry 1/5 wait=0.5s: no short rows and no explicit no-short message
[karauri] retry 2/5 wait=1.0s: no short rows and no explicit no-short message
[karauri] retry 3/5 wait=2.0s: no short rows and no explicit no-short message
[karauri] retry 5/5 wait=8.0s: no short rows and no explicit no-short message
[karauri] retry 4/5 wait=4.0s: no short rows and no explicit no-short message
[karauri] retry 5/5 wait=8.0s: no short rows and no explicit no-short message
[karauri] retry 1/5 wait=0.5s: no short rows and no explicit no-short message
[karauri] retry 2/5 wait=1.0s: no short rows and no explicit no-short message
[karauri] retry 3/5 wait=2.0s: no short rows and no explicit no-short message
[karauri] retry 1/5 wait=0.5s: no short rows and no explicit no-short message
[karauri] retry 2/5 wait=1.0s: no short rows and no explicit no-short message
[karauri] retry 4/5 wait=4.0s: no short rows and no explicit no-short message
[karauri] retry 3/5 wait=2.0s: no short rows and no explicit no-short message
[karauri] retry 4/5 wait=4.0s: no short rows and no explicit no-short message
[karauri] retry 5/5 wait=8.0s: no short rows and no explicit no-short message
[karauri][PROGRESS] 2125/3587 rate=0.96/s elapsed=36.8m eta=25.3m
[karauri] retry 5/5 wait=8.0s: no short rows and no explicit no-short message
[karauri] retry 1/5 wait=0.5s: no short rows and no explicit no-short message
[karauri] retry 2/5 wait=1.0s: no short rows and no explicit no-short message
[karauri] retry 3/5 wait=2.0s: no short rows and no explicit no-short message
[karauri] retry 4/5 wait=4.0s: no short rows and no explicit no-short message
[karauri] retry 5/5 wait=8.0s: no short rows and no explicit no-short message
[karauri] retry 1/5 wait=0.5s: no short rows and no explicit no-short message
[karauri] retry 2/5 wait=1.0s: no short rows and no explicit no-short message
[karauri] retry 3/5 wait=2.0s: no short rows and no explicit no-short message
[karauri] retry 4/5 wait=4.0s: no short rows and no explicit no-short message
[karauri] retry 1/5 wait=0.5s: no short rows and no explicit no-short message
[karauri] retry 1/5 wait=0.5s: no short rows and no explicit no-short message
[karauri] retry 2/5 wait=1.0s: no short rows and no explicit no-short message
[karauri] retry 2/5 wait=1.0s: no short rows and no explicit no-short message
[karauri] retry 3/5 wait=2.0s: no short rows and no explicit no-short message
[karauri] retry 3/5 wait=2.0s: no short rows and no explicit no-short message
[karauri] retry 5/5 wait=8.0s: no short rows and no explicit no-short message
[karauri] retry 4/5 wait=4.0s: no short rows and no explicit no-short message
[karauri][PROGRESS] 2150/3587 rate=0.96/s elapsed=37.2m eta=24.8m
[karauri] retry 1/5 wait=0.5s: no short rows and no explicit no-short message
[karauri] retry 4/5 wait=4.0s: no short rows and no explicit no-short message
[karauri] retry 2/5 wait=1.0s: no short rows and no explicit no-short message
[karauri] retry 3/5 wait=2.0s: no short rows and no explicit no-short message
[karauri] retry 5/5 wait=8.0s: no short rows and no explicit no-short message
[karauri] retry 5/5 wait=8.0s: no short rows and no explicit no-short message
[karauri] retry 4/5 wait=4.0s: no short rows and no explicit no-short message
[karauri] retry 5/5 wait=8.0s: no short rows and no explicit no-short message
[karauri] retry 1/5 wait=0.5s: no short rows and no explicit no-short message
[karauri] retry 1/5 wait=0.5s: no short rows and no explicit no-short message
[karauri] retry 2/5 wait=1.0s: no short rows and no explicit no-short message
[karauri] retry 2/5 wait=1.0s: no short rows and no explicit no-short message
[karauri] retry 1/5 wait=0.5s: no short rows and no explicit no-short message
[karauri] retry 1/5 wait=0.5s: no short rows and no explicit no-short message
[karauri] retry 3/5 wait=2.0s: no short rows and no explicit no-short message
[karauri] retry 3/5 wait=2.0s: no short rows and no explicit no-short message
[karauri] retry 2/5 wait=1.0s: no short rows and no explicit no-short message
[karauri] retry 2/5 wait=1.0s: no short rows and no explicit no-short message
[karauri] retry 3/5 wait=2.0s: no short rows and no explicit no-short message
[karauri] retry 3/5 wait=2.0s: no short rows and no explicit no-short message
[karauri] retry 4/5 wait=4.0s: no short rows and no explicit no-short message
[karauri] retry 4/5 wait=4.0s: no short rows and no explicit no-short message
[karauri] retry 4/5 wait=4.0s: no short rows and no explicit no-short message
[karauri] retry 4/5 wait=4.0s: no short rows and no explicit no-short message
[karauri][PROGRESS] 2175/3587 rate=0.96/s elapsed=37.6m eta=24.4m
[karauri] retry 1/5 wait=0.5s: no short rows and no explicit no-short message
[karauri] retry 1/5 wait=0.5s: no short rows and no explicit no-short message
[karauri] retry 2/5 wait=1.0s: no short rows and no explicit no-short message
[karauri] retry 5/5 wait=8.0s: no short rows and no explicit no-short message
[karauri] retry 2/5 wait=1.0s: no short rows and no explicit no-short message
[karauri] retry 5/5 wait=8.0s: no short rows and no explicit no-short message
[karauri] retry 3/5 wait=2.0s: no short rows and no explicit no-short message
[karauri] retry 3/5 wait=2.0s: no short rows and no explicit no-short message
[karauri] retry 5/5 wait=8.0s: no short rows and no explicit no-short message
[karauri] retry 5/5 wait=8.0s: no short rows and no explicit no-short message
[karauri] retry 4/5 wait=4.0s: no short rows and no explicit no-short message
[karauri] retry 4/5 wait=4.0s: no short rows and no explicit no-short message
[karauri] retry 5/5 wait=8.0s: no short rows and no explicit no-short message
[karauri] retry 5/5 wait=8.0s: no short rows and no explicit no-short message
[karauri][PROGRESS] 2200/3587 rate=0.97/s elapsed=37.9m eta=23.9m
[karauri][COMMIT] 2200/3587 ok=1953 fail=247 no_short=0
[karauri] retry 1/5 wait=0.5s: no short rows and no explicit no-short message
[karauri] retry 1/5 wait=0.5s: no short rows and no explicit no-short message
[karauri] retry 2/5 wait=1.0s: no short rows and no explicit no-short message
[karauri] retry 2/5 wait=1.0s: no short rows and no explicit no-short message
[karauri] retry 3/5 wait=2.0s: no short rows and no explicit no-short message
[karauri] retry 3/5 wait=2.0s: no short rows and no explicit no-short message
[karauri] retry 4/5 wait=4.0s: no short rows and no explicit no-short message
[karauri] retry 4/5 wait=4.0s: no short rows and no explicit no-short message
[karauri] retry 1/5 wait=0.5s: no short rows and no explicit no-short message
[karauri] retry 2/5 wait=1.0s: no short rows and no explicit no-short message
[karauri] retry 5/5 wait=8.0s: no short rows and no explicit no-short message
[karauri] retry 5/5 wait=8.0s: no short rows and no explicit no-short message
[karauri] retry 3/5 wait=2.0s: no short rows and no explicit no-short message
[karauri] retry 4/5 wait=4.0s: no short rows and no explicit no-short message
[karauri] retry 1/5 wait=0.5s: no short rows and no explicit no-short message
[karauri] retry 2/5 wait=1.0s: no short rows and no explicit no-short message
[karauri] retry 1/5 wait=0.5s: no short rows and no explicit no-short message
[karauri] retry 3/5 wait=2.0s: no short rows and no explicit no-short message
[karauri] retry 2/5 wait=1.0s: no short rows and no explicit no-short message
[karauri] retry 3/5 wait=2.0s: no short rows and no explicit no-short message
[karauri] retry 5/5 wait=8.0s: no short rows and no explicit no-short message
[karauri] retry 4/5 wait=4.0s: no short rows and no explicit no-short message
[karauri] retry 1/5 wait=0.5s: no short rows and no explicit no-short message
[karauri] retry 2/5 wait=1.0s: no short rows and no explicit no-short message
[karauri] retry 4/5 wait=4.0s: no short rows and no explicit no-short message
[karauri] retry 3/5 wait=2.0s: no short rows and no explicit no-short message
[karauri] retry 5/5 wait=8.0s: no short rows and no explicit no-short message
[karauri] retry 4/5 wait=4.0s: no short rows and no explicit no-short message
[karauri] retry 5/5 wait=8.0s: no short rows and no explicit no-short message
[karauri] retry 1/5 wait=0.5s: no short rows and no explicit no-short message
[karauri] retry 2/5 wait=1.0s: no short rows and no explicit no-short message
[karauri] retry 3/5 wait=2.0s: no short rows and no explicit no-short message
[karauri] retry 5/5 wait=8.0s: no short rows and no explicit no-short message
[karauri] retry 4/5 wait=4.0s: no short rows and no explicit no-short message
[karauri][PROGRESS] 2225/3587 rate=0.96/s elapsed=38.4m eta=23.5m
[karauri] retry 5/5 wait=8.0s: no short rows and no explicit no-short message
[karauri] retry 1/5 wait=0.5s: no short rows and no explicit no-short message
[karauri] retry 2/5 wait=1.0s: no short rows and no explicit no-short message
[karauri] retry 3/5 wait=2.0s: no short rows and no explicit no-short message
[karauri] retry 4/5 wait=4.0s: no short rows and no explicit no-short message
[karauri] retry 5/5 wait=8.0s: no short rows and no explicit no-short message
[karauri] retry 1/5 wait=0.5s: no short rows and no explicit no-short message
[karauri] retry 2/5 wait=1.0s: no short rows and no explicit no-short message
[karauri] retry 3/5 wait=2.0s: no short rows and no explicit no-short message
[karauri][PROGRESS] 2250/3587 rate=0.97/s elapsed=38.8m eta=23.1m
[karauri] retry 4/5 wait=4.0s: no short rows and no explicit no-short message
[karauri] retry 1/5 wait=0.5s: no short rows and no explicit no-short message
[karauri] retry 1/5 wait=0.5s: no short rows and no explicit no-short message
[karauri] retry 2/5 wait=1.0s: no short rows and no explicit no-short message
[karauri] retry 2/5 wait=1.0s: no short rows and no explicit no-short message
[karauri] retry 3/5 wait=2.0s: no short rows and no explicit no-short message
[karauri] retry 5/5 wait=8.0s: no short rows and no explicit no-short message
[karauri] retry 3/5 wait=2.0s: no short rows and no explicit no-short message
[karauri] retry 1/5 wait=0.5s: no short rows and no explicit no-short message
[karauri] retry 2/5 wait=1.0s: no short rows and no explicit no-short message
[karauri] retry 4/5 wait=4.0s: no short rows and no explicit no-short message
[karauri] retry 1/5 wait=0.5s: no short rows and no explicit no-short message
[karauri] retry 4/5 wait=4.0s: no short rows and no explicit no-short message
[karauri] retry 3/5 wait=2.0s: no short rows and no explicit no-short message
[karauri] retry 2/5 wait=1.0s: no short rows and no explicit no-short message
[karauri] retry 3/5 wait=2.0s: no short rows and no explicit no-short message
[karauri] retry 4/5 wait=4.0s: no short rows and no explicit no-short message
[karauri] retry 5/5 wait=8.0s: no short rows and no explicit no-short message
[karauri] retry 4/5 wait=4.0s: no short rows and no explicit no-short message
[karauri] retry 5/5 wait=8.0s: no short rows and no explicit no-short message
[karauri] retry 1/5 wait=0.5s: no short rows and no explicit no-short message
[karauri] retry 2/5 wait=1.0s: no short rows and no explicit no-short message
[karauri] retry 1/5 wait=0.5s: no short rows and no explicit no-short message
[karauri] retry 1/5 wait=0.5s: no short rows and no explicit no-short message
[karauri] retry 2/5 wait=1.0s: no short rows and no explicit no-short message
[karauri] retry 5/5 wait=8.0s: no short rows and no explicit no-short message
[karauri] retry 3/5 wait=2.0s: no short rows and no explicit no-short message
[karauri] retry 2/5 wait=1.0s: no short rows and no explicit no-short message
[karauri] retry 3/5 wait=2.0s: no short rows and no explicit no-short message
[karauri] retry 5/5 wait=8.0s: no short rows and no explicit no-short message
[karauri] retry 3/5 wait=2.0s: no short rows and no explicit no-short message
[karauri] retry 4/5 wait=4.0s: no short rows and no explicit no-short message
[karauri] retry 4/5 wait=4.0s: no short rows and no explicit no-short message
[karauri] retry 4/5 wait=4.0s: no short rows and no explicit no-short message
[karauri] retry 5/5 wait=8.0s: no short rows and no explicit no-short message
[karauri] retry 5/5 wait=8.0s: no short rows and no explicit no-short message
[karauri] retry 5/5 wait=8.0s: no short rows and no explicit no-short message
[karauri][PROGRESS] 2275/3587 rate=0.96/s elapsed=39.3m eta=22.7m
[karauri] retry 1/5 wait=0.5s: no short rows and no explicit no-short message
[karauri] retry 2/5 wait=1.0s: no short rows and no explicit no-short message
[karauri] retry 3/5 wait=2.0s: no short rows and no explicit no-short message
[karauri] retry 1/5 wait=0.5s: no short rows and no explicit no-short message
[karauri] retry 2/5 wait=1.0s: no short rows and no explicit no-short message
[karauri] retry 1/5 wait=0.5s: no short rows and no explicit no-short message
[karauri] retry 4/5 wait=4.0s: no short rows and no explicit no-short message
[karauri] retry 3/5 wait=2.0s: no short rows and no explicit no-short message
[karauri] retry 2/5 wait=1.0s: no short rows and no explicit no-short message
[karauri] retry 3/5 wait=2.0s: no short rows and no explicit no-short message
[karauri] retry 4/5 wait=4.0s: no short rows and no explicit no-short message
[karauri] retry 4/5 wait=4.0s: no short rows and no explicit no-short message
[karauri] retry 5/5 wait=8.0s: no short rows and no explicit no-short message
[karauri] retry 5/5 wait=8.0s: no short rows and no explicit no-short message
[karauri] retry 5/5 wait=8.0s: no short rows and no explicit no-short message
[karauri][PROGRESS] 2300/3587 rate=0.96/s elapsed=39.8m eta=22.3m
[karauri][COMMIT] 2300/3587 ok=2034 fail=266 no_short=0
[karauri] retry 1/5 wait=0.5s: no short rows and no explicit no-short message
[karauri] retry 2/5 wait=1.0s: no short rows and no explicit no-short message
[karauri] retry 3/5 wait=2.0s: no short rows and no explicit no-short message
[karauri] retry 4/5 wait=4.0s: no short rows and no explicit no-short message
[karauri] retry 1/5 wait=0.5s: no short rows and no explicit no-short message
[karauri] retry 2/5 wait=1.0s: no short rows and no explicit no-short message
[karauri] retry 1/5 wait=0.5s: no short rows and no explicit no-short message
[karauri] retry 3/5 wait=2.0s: no short rows and no explicit no-short message
[karauri] retry 2/5 wait=1.0s: no short rows and no explicit no-short message
[karauri] retry 5/5 wait=8.0s: no short rows and no explicit no-short message
[karauri] retry 3/5 wait=2.0s: no short rows and no explicit no-short message
[karauri] retry 4/5 wait=4.0s: no short rows and no explicit no-short message
[karauri] retry 1/5 wait=0.5s: no short rows and no explicit no-short message
[karauri] retry 4/5 wait=4.0s: no short rows and no explicit no-short message
[karauri] retry 2/5 wait=1.0s: no short rows and no explicit no-short message
[karauri] retry 3/5 wait=2.0s: no short rows and no explicit no-short message
[karauri] retry 5/5 wait=8.0s: no short rows and no explicit no-short message
[karauri] retry 4/5 wait=4.0s: no short rows and no explicit no-short message
[karauri] retry 5/5 wait=8.0s: no short rows and no explicit no-short message
[karauri] retry 5/5 wait=8.0s: no short rows and no explicit no-short message
[karauri] retry 1/5 wait=0.5s: no short rows and no explicit no-short message
[karauri] retry 2/5 wait=1.0s: no short rows and no explicit no-short message
[karauri][PROGRESS] 2325/3587 rate=0.96/s elapsed=40.3m eta=21.9m
[karauri] retry 3/5 wait=2.0s: no short rows and no explicit no-short message
[karauri] retry 1/5 wait=0.5s: no short rows and no explicit no-short message
[karauri] retry 4/5 wait=4.0s: no short rows and no explicit no-short message
[karauri] retry 2/5 wait=1.0s: no short rows and no explicit no-short message
[karauri] retry 1/5 wait=0.5s: no short rows and no explicit no-short message
[karauri] retry 3/5 wait=2.0s: no short rows and no explicit no-short message
[karauri] retry 2/5 wait=1.0s: no short rows and no explicit no-short message
[karauri] retry 3/5 wait=2.0s: no short rows and no explicit no-short message
[karauri] retry 4/5 wait=4.0s: no short rows and no explicit no-short message
[karauri] retry 5/5 wait=8.0s: no short rows and no explicit no-short message
[karauri] retry 4/5 wait=4.0s: no short rows and no explicit no-short message
[karauri] retry 5/5 wait=8.0s: no short rows and no explicit no-short message
[karauri] retry 5/5 wait=8.0s: no short rows and no explicit no-short message
[karauri] retry 1/5 wait=0.5s: no short rows and no explicit no-short message
[karauri] retry 2/5 wait=1.0s: no short rows and no explicit no-short message
[karauri] retry 3/5 wait=2.0s: no short rows and no explicit no-short message
[karauri] retry 4/5 wait=4.0s: no short rows and no explicit no-short message
[karauri] retry 1/5 wait=0.5s: no short rows and no explicit no-short message
[karauri] retry 5/5 wait=8.0s: no short rows and no explicit no-short message
[karauri] retry 2/5 wait=1.0s: no short rows and no explicit no-short message
[karauri] retry 3/5 wait=2.0s: no short rows and no explicit no-short message
[karauri][PROGRESS] 2350/3587 rate=0.96/s elapsed=40.7m eta=21.4m
[karauri] retry 4/5 wait=4.0s: no short rows and no explicit no-short message
[karauri] retry 1/5 wait=0.5s: no short rows and no explicit no-short message
[karauri] retry 2/5 wait=1.0s: no short rows and no explicit no-short message
[karauri] retry 5/5 wait=8.0s: no short rows and no explicit no-short message
[karauri] retry 3/5 wait=2.0s: no short rows and no explicit no-short message
[karauri] retry 1/5 wait=0.5s: no short rows and no explicit no-short message
[karauri] retry 4/5 wait=4.0s: no short rows and no explicit no-short message
[karauri] retry 2/5 wait=1.0s: no short rows and no explicit no-short message
[karauri] retry 1/5 wait=0.5s: no short rows and no explicit no-short message
[karauri] retry 2/5 wait=1.0s: no short rows and no explicit no-short message
[karauri] retry 3/5 wait=2.0s: no short rows and no explicit no-short message
[karauri] retry 3/5 wait=2.0s: no short rows and no explicit no-short message
[karauri] retry 4/5 wait=4.0s: no short rows and no explicit no-short message
[karauri] retry 1/5 wait=0.5s: no short rows and no explicit no-short message
[karauri] retry 5/5 wait=8.0s: no short rows and no explicit no-short message
[karauri] retry 2/5 wait=1.0s: no short rows and no explicit no-short message
[karauri] retry 4/5 wait=4.0s: no short rows and no explicit no-short message
[karauri] retry 3/5 wait=2.0s: no short rows and no explicit no-short message
[karauri] retry 4/5 wait=4.0s: no short rows and no explicit no-short message
[karauri] retry 5/5 wait=8.0s: no short rows and no explicit no-short message
[karauri] retry 5/5 wait=8.0s: no short rows and no explicit no-short message
[karauri] retry 5/5 wait=8.0s: no short rows and no explicit no-short message
[karauri][PROGRESS] 2375/3587 rate=0.96/s elapsed=41.1m eta=21.0m
[karauri] retry 1/5 wait=0.5s: no short rows and no explicit no-short message
[karauri] retry 2/5 wait=1.0s: no short rows and no explicit no-short message
[karauri] retry 3/5 wait=2.0s: no short rows and no explicit no-short message
[karauri] retry 1/5 wait=0.5s: no short rows and no explicit no-short message
[karauri] retry 4/5 wait=4.0s: no short rows and no explicit no-short message
[karauri] retry 2/5 wait=1.0s: no short rows and no explicit no-short message
[karauri] retry 3/5 wait=2.0s: no short rows and no explicit no-short message
[karauri] retry 4/5 wait=4.0s: no short rows and no explicit no-short message
[karauri] retry 5/5 wait=8.0s: no short rows and no explicit no-short message
[karauri] retry 5/5 wait=8.0s: no short rows and no explicit no-short message
[karauri] retry 1/5 wait=0.5s: no short rows and no explicit no-short message
[karauri] retry 2/5 wait=1.0s: no short rows and no explicit no-short message
[karauri] retry 3/5 wait=2.0s: no short rows and no explicit no-short message
[karauri] retry 4/5 wait=4.0s: no short rows and no explicit no-short message
[karauri] retry 5/5 wait=8.0s: no short rows and no explicit no-short message
[karauri][PROGRESS] 2400/3587 rate=0.96/s elapsed=41.6m eta=20.6m
[karauri][COMMIT] 2400/3587 ok=2118 fail=282 no_short=0
[karauri] retry 1/5 wait=0.5s: no short rows and no explicit no-short message
[karauri] retry 2/5 wait=1.0s: no short rows and no explicit no-short message
[karauri] retry 1/5 wait=0.5s: no short rows and no explicit no-short message
[karauri] retry 2/5 wait=1.0s: no short rows and no explicit no-short message
[karauri] retry 3/5 wait=2.0s: no short rows and no explicit no-short message
[karauri] retry 3/5 wait=2.0s: no short rows and no explicit no-short message
[karauri] retry 4/5 wait=4.0s: no short rows and no explicit no-short message
[karauri] retry 4/5 wait=4.0s: no short rows and no explicit no-short message
[karauri] retry 5/5 wait=8.0s: no short rows and no explicit no-short message
[karauri] retry 5/5 wait=8.0s: no short rows and no explicit no-short message
[karauri] retry 1/5 wait=0.5s: no short rows and no explicit no-short message
[karauri] retry 2/5 wait=1.0s: no short rows and no explicit no-short message
[karauri] retry 3/5 wait=2.0s: no short rows and no explicit no-short message
[karauri] retry 4/5 wait=4.0s: no short rows and no explicit no-short message
[karauri] retry 5/5 wait=8.0s: no short rows and no explicit no-short message
[karauri] retry 1/5 wait=0.5s: no short rows and no explicit no-short message
[karauri] retry 2/5 wait=1.0s: no short rows and no explicit no-short message
[karauri] retry 3/5 wait=2.0s: no short rows and no explicit no-short message
[karauri][PROGRESS] 2425/3587 rate=0.96/s elapsed=42.1m eta=20.2m
[karauri] retry 4/5 wait=4.0s: no short rows and no explicit no-short message
[karauri] retry 5/5 wait=8.0s: no short rows and no explicit no-short message
[karauri] retry 1/5 wait=0.5s: no short rows and no explicit no-short message
[karauri] retry 2/5 wait=1.0s: no short rows and no explicit no-short message
[karauri] retry 3/5 wait=2.0s: no short rows and no explicit no-short message
[karauri] retry 4/5 wait=4.0s: no short rows and no explicit no-short message
[karauri] retry 1/5 wait=0.5s: no short rows and no explicit no-short message
[karauri] retry 2/5 wait=1.0s: no short rows and no explicit no-short message
[karauri] retry 1/5 wait=0.5s: no short rows and no explicit no-short message
[karauri] retry 2/5 wait=1.0s: no short rows and no explicit no-short message
[karauri] retry 3/5 wait=2.0s: no short rows and no explicit no-short message
[karauri] retry 3/5 wait=2.0s: no short rows and no explicit no-short message
[karauri] retry 5/5 wait=8.0s: no short rows and no explicit no-short message
[karauri] retry 4/5 wait=4.0s: no short rows and no explicit no-short message
[karauri] retry 4/5 wait=4.0s: no short rows and no explicit no-short message
[karauri] retry 1/5 wait=0.5s: no short rows and no explicit no-short message
[karauri] retry 2/5 wait=1.0s: no short rows and no explicit no-short message
[karauri] retry 3/5 wait=2.0s: no short rows and no explicit no-short message
[karauri] retry 5/5 wait=8.0s: no short rows and no explicit no-short message
[karauri] retry 5/5 wait=8.0s: no short rows and no explicit no-short message
[karauri] retry 4/5 wait=4.0s: no short rows and no explicit no-short message
[karauri] retry 1/5 wait=0.5s: no short rows and no explicit no-short message
[karauri] retry 2/5 wait=1.0s: no short rows and no explicit no-short message
[karauri] retry 5/5 wait=8.0s: no short rows and no explicit no-short message
[karauri] retry 3/5 wait=2.0s: no short rows and no explicit no-short message
[karauri][PROGRESS] 2450/3587 rate=0.96/s elapsed=42.5m eta=19.7m
[karauri] retry 4/5 wait=4.0s: no short rows and no explicit no-short message
[karauri] retry 5/5 wait=8.0s: no short rows and no explicit no-short message
[karauri] retry 1/5 wait=0.5s: no short rows and no explicit no-short message
[karauri] retry 2/5 wait=1.0s: no short rows and no explicit no-short message
[karauri] retry 1/5 wait=0.5s: no short rows and no explicit no-short message
[karauri] retry 3/5 wait=2.0s: no short rows and no explicit no-short message
[karauri] retry 2/5 wait=1.0s: no short rows and no explicit no-short message
[karauri] retry 3/5 wait=2.0s: no short rows and no explicit no-short message
[karauri] retry 4/5 wait=4.0s: no short rows and no explicit no-short message
[karauri] retry 4/5 wait=4.0s: no short rows and no explicit no-short message
[karauri][PROGRESS] 2475/3587 rate=0.96/s elapsed=42.9m eta=19.3m
[karauri] retry 5/5 wait=8.0s: no short rows and no explicit no-short message
[karauri] retry 5/5 wait=8.0s: no short rows and no explicit no-short message
[karauri] retry 1/5 wait=0.5s: no short rows and no explicit no-short message
[karauri] retry 2/5 wait=1.0s: no short rows and no explicit no-short message
[karauri] retry 3/5 wait=2.0s: no short rows and no explicit no-short message
[karauri] retry 1/5 wait=0.5s: no short rows and no explicit no-short message
[karauri] retry 2/5 wait=1.0s: no short rows and no explicit no-short message
[karauri] retry 3/5 wait=2.0s: no short rows and no explicit no-short message
[karauri] retry 4/5 wait=4.0s: no short rows and no explicit no-short message
[karauri] retry 1/5 wait=0.5s: no short rows and no explicit no-short message
[karauri] retry 4/5 wait=4.0s: no short rows and no explicit no-short message
[karauri] retry 2/5 wait=1.0s: no short rows and no explicit no-short message
[karauri] retry 3/5 wait=2.0s: no short rows and no explicit no-short message
[karauri] retry 5/5 wait=8.0s: no short rows and no explicit no-short message
[karauri] retry 4/5 wait=4.0s: no short rows and no explicit no-short message
[karauri] retry 5/5 wait=8.0s: no short rows and no explicit no-short message
[karauri] retry 5/5 wait=8.0s: no short rows and no explicit no-short message
[karauri][PROGRESS] 2500/3587 rate=0.96/s elapsed=43.5m eta=18.9m
[karauri][COMMIT] 2500/3587 ok=2204 fail=296 no_short=0
[karauri] retry 1/5 wait=0.5s: no short rows and no explicit no-short message
[karauri] retry 2/5 wait=1.0s: no short rows and no explicit no-short message
[karauri] retry 3/5 wait=2.0s: no short rows and no explicit no-short message
[karauri] retry 4/5 wait=4.0s: no short rows and no explicit no-short message
[karauri] retry 1/5 wait=0.5s: no short rows and no explicit no-short message
[karauri] retry 2/5 wait=1.0s: no short rows and no explicit no-short message
[karauri] retry 3/5 wait=2.0s: no short rows and no explicit no-short message
[karauri] retry 5/5 wait=8.0s: no short rows and no explicit no-short message
[karauri] retry 4/5 wait=4.0s: no short rows and no explicit no-short message
[karauri] retry 5/5 wait=8.0s: no short rows and no explicit no-short message
[karauri] retry 1/5 wait=0.5s: no short rows and no explicit no-short message
[karauri] retry 2/5 wait=1.0s: no short rows and no explicit no-short message
[karauri] retry 3/5 wait=2.0s: no short rows and no explicit no-short message
[karauri][PROGRESS] 2525/3587 rate=0.96/s elapsed=43.9m eta=18.5m
[karauri] retry 4/5 wait=4.0s: no short rows and no explicit no-short message
[karauri] retry 1/5 wait=0.5s: no short rows and no explicit no-short message
[karauri] retry 2/5 wait=1.0s: no short rows and no explicit no-short message
[karauri] retry 5/5 wait=8.0s: no short rows and no explicit no-short message
[karauri] retry 3/5 wait=2.0s: no short rows and no explicit no-short message
[karauri] retry 1/5 wait=0.5s: no short rows and no explicit no-short message
[karauri] retry 2/5 wait=1.0s: no short rows and no explicit no-short message
[karauri] retry 3/5 wait=2.0s: no short rows and no explicit no-short message
[karauri] retry 4/5 wait=4.0s: no short rows and no explicit no-short message
[karauri] retry 1/5 wait=0.5s: no short rows and no explicit no-short message
[karauri] retry 2/5 wait=1.0s: no short rows and no explicit no-short message
[karauri] retry 4/5 wait=4.0s: no short rows and no explicit no-short message
[karauri] retry 3/5 wait=2.0s: no short rows and no explicit no-short message
[karauri] retry 5/5 wait=8.0s: no short rows and no explicit no-short message
[karauri] retry 1/5 wait=0.5s: no short rows and no explicit no-short message
[karauri] retry 4/5 wait=4.0s: no short rows and no explicit no-short message
[karauri] retry 2/5 wait=1.0s: no short rows and no explicit no-short message
[karauri] retry 5/5 wait=8.0s: no short rows and no explicit no-short message
[karauri] retry 3/5 wait=2.0s: no short rows and no explicit no-short message
[karauri] retry 4/5 wait=4.0s: no short rows and no explicit no-short message
[karauri] retry 5/5 wait=8.0s: no short rows and no explicit no-short message
[karauri] retry 5/5 wait=8.0s: no short rows and no explicit no-short message
[karauri] retry 1/5 wait=0.5s: no short rows and no explicit no-short message
[karauri] retry 1/5 wait=0.5s: no short rows and no explicit no-short message
[karauri] retry 2/5 wait=1.0s: no short rows and no explicit no-short message
[karauri] retry 2/5 wait=1.0s: no short rows and no explicit no-short message
[karauri] retry 3/5 wait=2.0s: no short rows and no explicit no-short message
[karauri] retry 3/5 wait=2.0s: no short rows and no explicit no-short message
[karauri] retry 1/5 wait=0.5s: no short rows and no explicit no-short message
[karauri][PROGRESS] 2550/3587 rate=0.96/s elapsed=44.4m eta=18.0m
[karauri] retry 4/5 wait=4.0s: no short rows and no explicit no-short message
[karauri] retry 2/5 wait=1.0s: no short rows and no explicit no-short message
[karauri] retry 1/5 wait=0.5s: no short rows and no explicit no-short message
[karauri] retry 4/5 wait=4.0s: no short rows and no explicit no-short message
[karauri] retry 2/5 wait=1.0s: no short rows and no explicit no-short message
[karauri] retry 3/5 wait=2.0s: no short rows and no explicit no-short message
[karauri] retry 3/5 wait=2.0s: no short rows and no explicit no-short message
[karauri] retry 4/5 wait=4.0s: no short rows and no explicit no-short message
[karauri] retry 5/5 wait=8.0s: no short rows and no explicit no-short message
[karauri] retry 4/5 wait=4.0s: no short rows and no explicit no-short message
[karauri] retry 5/5 wait=8.0s: no short rows and no explicit no-short message
[karauri] retry 5/5 wait=8.0s: no short rows and no explicit no-short message
[karauri] retry 5/5 wait=8.0s: no short rows and no explicit no-short message
[karauri] retry 1/5 wait=0.5s: no short rows and no explicit no-short message
[karauri] retry 2/5 wait=1.0s: no short rows and no explicit no-short message
[karauri] retry 3/5 wait=2.0s: no short rows and no explicit no-short message
[karauri] retry 4/5 wait=4.0s: no short rows and no explicit no-short message
[karauri][PROGRESS] 2575/3587 rate=0.96/s elapsed=44.7m eta=17.6m
[karauri] retry 5/5 wait=8.0s: no short rows and no explicit no-short message
[karauri][PROGRESS] 2600/3587 rate=0.96/s elapsed=45.0m eta=17.1m
[karauri][COMMIT] 2600/3587 ok=2292 fail=308 no_short=0
[karauri] retry 1/5 wait=0.5s: no short rows and no explicit no-short message
[karauri] retry 2/5 wait=1.0s: no short rows and no explicit no-short message
[karauri] retry 3/5 wait=2.0s: no short rows and no explicit no-short message
[karauri] retry 4/5 wait=4.0s: no short rows and no explicit no-short message
[karauri] retry 1/5 wait=0.5s: no short rows and no explicit no-short message
[karauri] retry 2/5 wait=1.0s: no short rows and no explicit no-short message
[karauri] retry 3/5 wait=2.0s: no short rows and no explicit no-short message
[karauri] retry 5/5 wait=8.0s: no short rows and no explicit no-short message
[karauri] retry 4/5 wait=4.0s: no short rows and no explicit no-short message
[karauri] retry 5/5 wait=8.0s: no short rows and no explicit no-short message
[karauri] retry 1/5 wait=0.5s: no short rows and no explicit no-short message
[karauri] retry 2/5 wait=1.0s: no short rows and no explicit no-short message
[karauri] retry 3/5 wait=2.0s: no short rows and no explicit no-short message
[karauri] retry 4/5 wait=4.0s: no short rows and no explicit no-short message
[karauri] retry 5/5 wait=8.0s: no short rows and no explicit no-short message
[karauri] retry 1/5 wait=0.5s: no short rows and no explicit no-short message
[karauri] retry 2/5 wait=1.0s: no short rows and no explicit no-short message
[karauri][PROGRESS] 2625/3587 rate=0.96/s elapsed=45.5m eta=16.7m
[karauri] retry 3/5 wait=2.0s: no short rows and no explicit no-short message
[karauri] retry 4/5 wait=4.0s: no short rows and no explicit no-short message
[karauri] retry 1/5 wait=0.5s: no short rows and no explicit no-short message
[karauri] retry 2/5 wait=1.0s: no short rows and no explicit no-short message
[karauri] retry 3/5 wait=2.0s: no short rows and no explicit no-short message
[karauri] retry 5/5 wait=8.0s: no short rows and no explicit no-short message
[karauri] retry 4/5 wait=4.0s: no short rows and no explicit no-short message
[karauri] retry 5/5 wait=8.0s: no short rows and no explicit no-short message
[karauri] retry 1/5 wait=0.5s: no short rows and no explicit no-short message
[karauri] retry 2/5 wait=1.0s: no short rows and no explicit no-short message
[karauri] retry 3/5 wait=2.0s: no short rows and no explicit no-short message
[karauri][PROGRESS] 2650/3587 rate=0.96/s elapsed=45.9m eta=16.2m
[karauri] retry 4/5 wait=4.0s: no short rows and no explicit no-short message
[karauri] retry 1/5 wait=0.5s: no short rows and no explicit no-short message
[karauri] retry 2/5 wait=1.0s: no short rows and no explicit no-short message
[karauri] retry 3/5 wait=2.0s: no short rows and no explicit no-short message
[karauri] retry 5/5 wait=8.0s: no short rows and no explicit no-short message
[karauri] retry 4/5 wait=4.0s: no short rows and no explicit no-short message
[karauri] retry 1/5 wait=0.5s: no short rows and no explicit no-short message
[karauri] retry 2/5 wait=1.0s: no short rows and no explicit no-short message
[karauri] retry 3/5 wait=2.0s: no short rows and no explicit no-short message
[karauri] retry 1/5 wait=0.5s: no short rows and no explicit no-short message
[karauri] retry 5/5 wait=8.0s: no short rows and no explicit no-short message
[karauri] retry 2/5 wait=1.0s: no short rows and no explicit no-short message
[karauri] retry 3/5 wait=2.0s: no short rows and no explicit no-short message
[karauri] retry 4/5 wait=4.0s: no short rows and no explicit no-short message
[karauri] retry 1/5 wait=0.5s: no short rows and no explicit no-short message
[karauri] retry 2/5 wait=1.0s: no short rows and no explicit no-short message
[karauri] retry 4/5 wait=4.0s: no short rows and no explicit no-short message
[karauri] retry 3/5 wait=2.0s: no short rows and no explicit no-short message
[karauri] retry 1/5 wait=0.5s: no short rows and no explicit no-short message
[karauri] retry 2/5 wait=1.0s: no short rows and no explicit no-short message
[karauri] retry 5/5 wait=8.0s: no short rows and no explicit no-short message
[karauri] retry 4/5 wait=4.0s: no short rows and no explicit no-short message
[karauri] retry 3/5 wait=2.0s: no short rows and no explicit no-short message
[karauri] retry 5/5 wait=8.0s: no short rows and no explicit no-short message
[karauri] retry 1/5 wait=0.5s: no short rows and no explicit no-short message
[karauri] retry 2/5 wait=1.0s: no short rows and no explicit no-short message
[karauri] retry 4/5 wait=4.0s: no short rows and no explicit no-short message
[karauri] retry 3/5 wait=2.0s: no short rows and no explicit no-short message
[karauri] retry 5/5 wait=8.0s: no short rows and no explicit no-short message
[karauri] retry 4/5 wait=4.0s: no short rows and no explicit no-short message
[karauri] retry 5/5 wait=8.0s: no short rows and no explicit no-short message
[karauri][PROGRESS] 2675/3587 rate=0.96/s elapsed=46.3m eta=15.8m
[karauri] retry 5/5 wait=8.0s: no short rows and no explicit no-short message
[karauri] retry 1/5 wait=0.5s: no short rows and no explicit no-short message
[karauri] retry 1/5 wait=0.5s: no short rows and no explicit no-short message
[karauri] retry 2/5 wait=1.0s: no short rows and no explicit no-short message
[karauri] retry 2/5 wait=1.0s: no short rows and no explicit no-short message
[karauri] retry 3/5 wait=2.0s: no short rows and no explicit no-short message
[karauri] retry 3/5 wait=2.0s: no short rows and no explicit no-short message
[karauri] retry 1/5 wait=0.5s: no short rows and no explicit no-short message
[karauri] retry 2/5 wait=1.0s: no short rows and no explicit no-short message
[karauri] retry 4/5 wait=4.0s: no short rows and no explicit no-short message
[karauri] retry 4/5 wait=4.0s: no short rows and no explicit no-short message
[karauri] retry 3/5 wait=2.0s: no short rows and no explicit no-short message
[karauri] retry 4/5 wait=4.0s: no short rows and no explicit no-short message
[karauri] retry 5/5 wait=8.0s: no short rows and no explicit no-short message
[karauri] retry 5/5 wait=8.0s: no short rows and no explicit no-short message
[karauri] retry 5/5 wait=8.0s: no short rows and no explicit no-short message
[karauri][PROGRESS] 2700/3587 rate=0.96/s elapsed=46.8m eta=15.4m
[karauri][COMMIT] 2700/3587 ok=2377 fail=323 no_short=0
[karauri] retry 1/5 wait=0.5s: no short rows and no explicit no-short message
[karauri] retry 2/5 wait=1.0s: no short rows and no explicit no-short message
[karauri] retry 3/5 wait=2.0s: no short rows and no explicit no-short message
[karauri] retry 1/5 wait=0.5s: no short rows and no explicit no-short message
[karauri] retry 2/5 wait=1.0s: no short rows and no explicit no-short message
[karauri] retry 4/5 wait=4.0s: no short rows and no explicit no-short message
[karauri] retry 3/5 wait=2.0s: no short rows and no explicit no-short message
[karauri] retry 4/5 wait=4.0s: no short rows and no explicit no-short message
[karauri] retry 5/5 wait=8.0s: no short rows and no explicit no-short message
[karauri] retry 1/5 wait=0.5s: no short rows and no explicit no-short message
[karauri] retry 2/5 wait=1.0s: no short rows and no explicit no-short message
[karauri] retry 5/5 wait=8.0s: no short rows and no explicit no-short message
[karauri] retry 3/5 wait=2.0s: no short rows and no explicit no-short message
[karauri] retry 4/5 wait=4.0s: no short rows and no explicit no-short message
[karauri] retry 5/5 wait=8.0s: no short rows and no explicit no-short message
[karauri][PROGRESS] 2725/3587 rate=0.96/s elapsed=47.3m eta=15.0m
[karauri] retry 1/5 wait=0.5s: no short rows and no explicit no-short message
[karauri] retry 2/5 wait=1.0s: no short rows and no explicit no-short message
[karauri] retry 3/5 wait=2.0s: no short rows and no explicit no-short message
[karauri] retry 4/5 wait=4.0s: no short rows and no explicit no-short message
[karauri] retry 5/5 wait=8.0s: no short rows and no explicit no-short message
[karauri] retry 1/5 wait=0.5s: no short rows and no explicit no-short message
[karauri] retry 2/5 wait=1.0s: no short rows and no explicit no-short message
[karauri][PROGRESS] 2750/3587 rate=0.96/s elapsed=47.7m eta=14.5m
