

===== 2026-08-17T08:04:07 START C:\Users\sasit\AppData\Local\Programs\Python\Python310\pythonw.exe D:\kabu\main\1-スクリーニング自動化プログラム\main\空売り無しリスト出しスクリプト.py =====
[karauri] 同日resume: 未完了=3587
[karauri] retry 1/5 wait=0.5s: no short rows and no explicit no-short message
[karauri] retry 2/5 wait=1.0s: no short rows and no explicit no-short message
[karauri][PROGRESS] 1/3587 rate=0.12/s elapsed=0.1m eta=495.8m
[karauri] retry 3/5 wait=2.0s: no short rows and no explicit no-short message
[karauri] retry 1/5 wait=0.5s: no short rows and no explicit no-short message
[karauri] retry 2/5 wait=1.0s: no short rows and no explicit no-short message
[karauri] retry 3/5 wait=2.0s: no short rows and no explicit no-short message
[karauri] retry 4/5 wait=4.0s: no short rows and no explicit no-short message
[karauri] retry 4/5 wait=4.0s: no short rows and no explicit no-short message
[karauri] retry 5/5 wait=8.0s: no short rows and no explicit no-short message
[karauri] retry 1/5 wait=0.5s: no short rows and no explicit no-short message
[karauri] retry 2/5 wait=1.0s: no short rows and no explicit no-short message
[karauri] retry 5/5 wait=8.0s: no short rows and no explicit no-short message
[karauri] retry 3/5 wait=2.0s: no short rows and no explicit no-short message
[karauri] retry 4/5 wait=4.0s: no short rows and no explicit no-short message
[karauri] retry 5/5 wait=8.0s: no short rows and no explicit no-short message
[karauri] retry 1/5 wait=0.5s: no short rows and no explicit no-short message
[karauri] retry 2/5 wait=1.0s: no short rows and no explicit no-short message
[karauri] retry 3/5 wait=2.0s: no short rows and no explicit no-short message
[karauri] retry 4/5 wait=4.0s: no short rows and no explicit no-short message
[karauri][PROGRESS] 25/3587 rate=0.72/s elapsed=0.6m eta=82.4m
[karauri] retry 1/5 wait=0.5s: no short rows and no explicit no-short message
[karauri] retry 2/5 wait=1.0s: no short rows and no explicit no-short message
[karauri] retry 5/5 wait=8.0s: no short rows and no explicit no-short message
[karauri] retry 3/5 wait=2.0s: no short rows and no explicit no-short message
[karauri] retry 4/5 wait=4.0s: no short rows and no explicit no-short message
[karauri] retry 1/5 wait=0.5s: no short rows and no explicit no-short message
[karauri] retry 2/5 wait=1.0s: no short rows and no explicit no-short message
[karauri] retry 3/5 wait=2.0s: no short rows and no explicit no-short message
[karauri] retry 5/5 wait=8.0s: no short rows and no explicit no-short message
[karauri] retry 4/5 wait=4.0s: no short rows and no explicit no-short message
[karauri] retry 5/5 wait=8.0s: no short rows and no explicit no-short message
[karauri] retry 1/5 wait=0.5s: no short rows and no explicit no-short message
[karauri] retry 2/5 wait=1.0s: no short rows and no explicit no-short message
[karauri][PROGRESS] 50/3587 rate=0.85/s elapsed=1.0m eta=69.5m
[karauri] retry 3/5 wait=2.0s: no short rows and no explicit no-short message
[karauri] retry 4/5 wait=4.0s: no short rows and no explicit no-short message
[karauri] retry 5/5 wait=8.0s: no short rows and no explicit no-short message
[karauri][PROGRESS] 75/3587 rate=0.87/s elapsed=1.4m eta=67.3m
[karauri] retry 1/5 wait=0.5s: no short rows and no explicit no-short message
[karauri] retry 2/5 wait=1.0s: no short rows and no explicit no-short message
[karauri] retry 3/5 wait=2.0s: no short rows and no explicit no-short message
[karauri] retry 4/5 wait=4.0s: no short rows and no explicit no-short message
[karauri] retry 5/5 wait=8.0s: no short rows and no explicit no-short message
[karauri][PROGRESS] 100/3587 rate=0.91/s elapsed=1.8m eta=64.2m
[karauri][COMMIT] 100/3587 ok=92 fail=8 no_short=0
[karauri] retry 1/5 wait=0.5s: no short rows and no explicit no-short message
[karauri] retry 1/5 wait=0.5s: no short rows and no explicit no-short message
[karauri] retry 2/5 wait=1.0s: no short rows and no explicit no-short message
[karauri] retry 2/5 wait=1.0s: no short rows and no explicit no-short message
[karauri] retry 3/5 wait=2.0s: no short rows and no explicit no-short message
[karauri] retry 3/5 wait=2.0s: no short rows and no explicit no-short message
[karauri] retry 4/5 wait=4.0s: no short rows and no explicit no-short message
[karauri] retry 4/5 wait=4.0s: no short rows and no explicit no-short message
[karauri] retry 5/5 wait=8.0s: no short rows and no explicit no-short message
[karauri] retry 5/5 wait=8.0s: no short rows and no explicit no-short message
[karauri][PROGRESS] 125/3587 rate=0.91/s elapsed=2.3m eta=63.6m
[karauri] retry 1/5 wait=0.5s: no short rows and no explicit no-short message
[karauri] retry 2/5 wait=1.0s: no short rows and no explicit no-short message
[karauri] retry 3/5 wait=2.0s: no short rows and no explicit no-short message
[karauri] retry 4/5 wait=4.0s: no short rows and no explicit no-short message
[karauri][PROGRESS] 150/3587 rate=0.93/s elapsed=2.7m eta=61.9m
[karauri] retry 1/5 wait=0.5s: no short rows and no explicit no-short message
[karauri] retry 2/5 wait=1.0s: no short rows and no explicit no-short message
[karauri] retry 3/5 wait=2.0s: no short rows and no explicit no-short message
[karauri] retry 5/5 wait=8.0s: no short rows and no explicit no-short message
[karauri] retry 4/5 wait=4.0s: no short rows and no explicit no-short message
[karauri] retry 5/5 wait=8.0s: no short rows and no explicit no-short message
[karauri] retry 1/5 wait=0.5s: no short rows and no explicit no-short message
[karauri] retry 2/5 wait=1.0s: no short rows and no explicit no-short message
[karauri] retry 1/5 wait=0.5s: no short rows and no explicit no-short message
[karauri] retry 3/5 wait=2.0s: no short rows and no explicit no-short message
[karauri] retry 2/5 wait=1.0s: no short rows and no explicit no-short message
[karauri] retry 3/5 wait=2.0s: no short rows and no explicit no-short message
[karauri] retry 4/5 wait=4.0s: no short rows and no explicit no-short message
[karauri] retry 4/5 wait=4.0s: no short rows and no explicit no-short message
[karauri] retry 5/5 wait=8.0s: no short rows and no explicit no-short message
[karauri] retry 5/5 wait=8.0s: no short rows and no explicit no-short message
[karauri] retry 1/5 wait=0.5s: no short rows and no explicit no-short message
[karauri] retry 2/5 wait=1.0s: no short rows and no explicit no-short message
[karauri] retry 3/5 wait=2.0s: no short rows and no explicit no-short message
[karauri] retry 1/5 wait=0.5s: no short rows and no explicit no-short message
[karauri][PROGRESS] 175/3587 rate=0.93/s elapsed=3.1m eta=60.8m
[karauri] retry 2/5 wait=1.0s: no short rows and no explicit no-short message
[karauri] retry 4/5 wait=4.0s: no short rows and no explicit no-short message
[karauri] retry 3/5 wait=2.0s: no short rows and no explicit no-short message
[karauri] retry 4/5 wait=4.0s: no short rows and no explicit no-short message
[karauri] retry 5/5 wait=8.0s: no short rows and no explicit no-short message
[karauri] retry 5/5 wait=8.0s: no short rows and no explicit no-short message
[karauri][PROGRESS] 200/3587 rate=0.97/s elapsed=3.4m eta=58.2m
[karauri][COMMIT] 200/3587 ok=184 fail=16 no_short=0
[karauri] retry 1/5 wait=0.5s: no short rows and no explicit no-short message
[karauri] retry 2/5 wait=1.0s: no short rows and no explicit no-short message
[karauri] retry 3/5 wait=2.0s: no short rows and no explicit no-short message
[karauri] retry 4/5 wait=4.0s: no short rows and no explicit no-short message
[karauri] retry 5/5 wait=8.0s: no short rows and no explicit no-short message
[karauri][PROGRESS] 225/3587 rate=0.96/s elapsed=3.9m eta=58.6m
[karauri] retry 1/5 wait=0.5s: no short rows and no explicit no-short message
[karauri] retry 2/5 wait=1.0s: no short rows and no explicit no-short message
[karauri] retry 3/5 wait=2.0s: no short rows and no explicit no-short message
[karauri] retry 1/5 wait=0.5s: no short rows and no explicit no-short message
[karauri] retry 2/5 wait=1.0s: no short rows and no explicit no-short message
[karauri] retry 4/5 wait=4.0s: no short rows and no explicit no-short message
[karauri] retry 3/5 wait=2.0s: no short rows and no explicit no-short message
[karauri] retry 4/5 wait=4.0s: no short rows and no explicit no-short message
[karauri] retry 5/5 wait=8.0s: no short rows and no explicit no-short message
[karauri] retry 1/5 wait=0.5s: no short rows and no explicit no-short message
[karauri] retry 2/5 wait=1.0s: no short rows and no explicit no-short message
[karauri] retry 5/5 wait=8.0s: no short rows and no explicit no-short message
[karauri] retry 3/5 wait=2.0s: no short rows and no explicit no-short message
[karauri] retry 4/5 wait=4.0s: no short rows and no explicit no-short message
[karauri] retry 5/5 wait=8.0s: no short rows and no explicit no-short message
[karauri] retry 1/5 wait=0.5s: no short rows and no explicit no-short message
[karauri] retry 2/5 wait=1.0s: no short rows and no explicit no-short message
[karauri] retry 3/5 wait=2.0s: no short rows and no explicit no-short message
[karauri] retry 4/5 wait=4.0s: no short rows and no explicit no-short message
[karauri][PROGRESS] 250/3587 rate=0.96/s elapsed=4.3m eta=58.0m
[karauri] retry 5/5 wait=8.0s: no short rows and no explicit no-short message
[karauri][PROGRESS] 275/3587 rate=0.96/s elapsed=4.8m eta=57.5m
[karauri] retry 1/5 wait=0.5s: no short rows and no explicit no-short message
[karauri] retry 2/5 wait=1.0s: no short rows and no explicit no-short message
[karauri] retry 3/5 wait=2.0s: no short rows and no explicit no-short message
[karauri] retry 4/5 wait=4.0s: no short rows and no explicit no-short message
[karauri] retry 5/5 wait=8.0s: no short rows and no explicit no-short message
[karauri] retry 1/5 wait=0.5s: no short rows and no explicit no-short message
[karauri] retry 1/5 wait=0.5s: no short rows and no explicit no-short message
[karauri] retry 2/5 wait=1.0s: no short rows and no explicit no-short message
[karauri] retry 2/5 wait=1.0s: no short rows and no explicit no-short message
[karauri] retry 3/5 wait=2.0s: no short rows and no explicit no-short message
[karauri] retry 3/5 wait=2.0s: no short rows and no explicit no-short message
[karauri] retry 4/5 wait=4.0s: no short rows and no explicit no-short message
[karauri] retry 4/5 wait=4.0s: no short rows and no explicit no-short message
[karauri] retry 5/5 wait=8.0s: no short rows and no explicit no-short message
[karauri] retry 5/5 wait=8.0s: no short rows and no explicit no-short message
[karauri][PROGRESS] 300/3587 rate=0.93/s elapsed=5.4m eta=58.6m
[karauri][COMMIT] 300/3587 ok=276 fail=24 no_short=0
[karauri] retry 1/5 wait=0.5s: no short rows and no explicit no-short message
[karauri] retry 2/5 wait=1.0s: no short rows and no explicit no-short message
[karauri] retry 3/5 wait=2.0s: no short rows and no explicit no-short message
[karauri] retry 4/5 wait=4.0s: no short rows and no explicit no-short message
[karauri] retry 5/5 wait=8.0s: no short rows and no explicit no-short message
[karauri] retry 1/5 wait=0.5s: no short rows and no explicit no-short message
[karauri] retry 2/5 wait=1.0s: no short rows and no explicit no-short message
[karauri] retry 3/5 wait=2.0s: no short rows and no explicit no-short message
[karauri] retry 4/5 wait=4.0s: no short rows and no explicit no-short message
[karauri] retry 5/5 wait=8.0s: no short rows and no explicit no-short message
[karauri][PROGRESS] 325/3587 rate=0.93/s elapsed=5.8m eta=58.3m
[karauri][PROGRESS] 350/3587 rate=0.93/s elapsed=6.2m eta=57.8m
[karauri] retry 1/5 wait=0.5s: no short rows and no explicit no-short message
[karauri] retry 2/5 wait=1.0s: no short rows and no explicit no-short message
[karauri] retry 3/5 wait=2.0s: no short rows and no explicit no-short message
[karauri] retry 4/5 wait=4.0s: no short rows and no explicit no-short message
[karauri] retry 5/5 wait=8.0s: no short rows and no explicit no-short message
[karauri][PROGRESS] 375/3587 rate=0.94/s elapsed=6.6m eta=56.9m
[karauri][PROGRESS] 400/3587 rate=0.95/s elapsed=7.0m eta=55.8m
[karauri][COMMIT] 400/3587 ok=373 fail=27 no_short=0
[karauri][PROGRESS] 425/3587 rate=0.94/s elapsed=7.5m eta=55.8m
[karauri] retry 1/5 wait=0.5s: no short rows and no explicit no-short message
[karauri] retry 2/5 wait=1.0s: no short rows and no explicit no-short message
[karauri] retry 3/5 wait=2.0s: no short rows and no explicit no-short message
[karauri] retry 4/5 wait=4.0s: no short rows and no explicit no-short message
[karauri] retry 5/5 wait=8.0s: no short rows and no explicit no-short message
[karauri] retry 1/5 wait=0.5s: no short rows and no explicit no-short message
[karauri] retry 2/5 wait=1.0s: no short rows and no explicit no-short message
[karauri] retry 3/5 wait=2.0s: no short rows and no explicit no-short message
[karauri] retry 4/5 wait=4.0s: no short rows and no explicit no-short message
[karauri][PROGRESS] 450/3587 rate=0.94/s elapsed=7.9m eta=55.3m
[karauri] retry 5/5 wait=8.0s: no short rows and no explicit no-short message
[karauri] retry 1/5 wait=0.5s: no short rows and no explicit no-short message
[karauri] retry 2/5 wait=1.0s: no short rows and no explicit no-short message
[karauri] retry 3/5 wait=2.0s: no short rows and no explicit no-short message
[karauri] retry 4/5 wait=4.0s: no short rows and no explicit no-short message
[karauri][PROGRESS] 475/3587 rate=0.95/s elapsed=8.3m eta=54.5m
[karauri] retry 5/5 wait=8.0s: no short rows and no explicit no-short message
[karauri] retry 1/5 wait=0.5s: no short rows and no explicit no-short message
[karauri] retry 2/5 wait=1.0s: no short rows and no explicit no-short message
[karauri] retry 3/5 wait=2.0s: no short rows and no explicit no-short message
[karauri] retry 4/5 wait=4.0s: no short rows and no explicit no-short message
[karauri] retry 5/5 wait=8.0s: no short rows and no explicit no-short message
[karauri][PROGRESS] 500/3587 rate=0.96/s elapsed=8.7m eta=53.7m
[karauri][COMMIT] 500/3587 ok=469 fail=31 no_short=0
[karauri] retry 1/5 wait=0.5s: no short rows and no explicit no-short message
[karauri] retry 2/5 wait=1.0s: no short rows and no explicit no-short message
[karauri] retry 1/5 wait=0.5s: no short rows and no explicit no-short message
[karauri] retry 3/5 wait=2.0s: no short rows and no explicit no-short message
[karauri] retry 2/5 wait=1.0s: no short rows and no explicit no-short message
[karauri] retry 1/5 wait=0.5s: no short rows and no explicit no-short message
[karauri] retry 3/5 wait=2.0s: no short rows and no explicit no-short message
[karauri] retry 2/5 wait=1.0s: no short rows and no explicit no-short message
[karauri] retry 4/5 wait=4.0s: no short rows and no explicit no-short message
[karauri] retry 3/5 wait=2.0s: no short rows and no explicit no-short message
[karauri] retry 4/5 wait=4.0s: no short rows and no explicit no-short message
[karauri] retry 4/5 wait=4.0s: no short rows and no explicit no-short message
[karauri] retry 5/5 wait=8.0s: no short rows and no explicit no-short message
[karauri][PROGRESS] 525/3587 rate=0.95/s elapsed=9.2m eta=53.5m
[karauri] retry 5/5 wait=8.0s: no short rows and no explicit no-short message
[karauri] retry 1/5 wait=0.5s: no short rows and no explicit no-short message
[karauri] retry 5/5 wait=8.0s: no short rows and no explicit no-short message
[karauri] retry 2/5 wait=1.0s: no short rows and no explicit no-short message
[karauri] retry 3/5 wait=2.0s: no short rows and no explicit no-short message
[karauri] retry 4/5 wait=4.0s: no short rows and no explicit no-short message
[karauri] retry 5/5 wait=8.0s: no short rows and no explicit no-short message
[karauri] retry 1/5 wait=0.5s: no short rows and no explicit no-short message
[karauri] retry 2/5 wait=1.0s: no short rows and no explicit no-short message
[karauri] retry 3/5 wait=2.0s: no short rows and no explicit no-short message
[karauri] retry 4/5 wait=4.0s: no short rows and no explicit no-short message
[karauri][PROGRESS] 550/3587 rate=0.96/s elapsed=9.5m eta=52.6m
[karauri] retry 5/5 wait=8.0s: no short rows and no explicit no-short message
[karauri] retry 1/5 wait=0.5s: no short rows and no explicit no-short message
[karauri] retry 2/5 wait=1.0s: no short rows and no explicit no-short message
[karauri] retry 3/5 wait=2.0s: no short rows and no explicit no-short message
[karauri] retry 1/5 wait=0.5s: no short rows and no explicit no-short message
[karauri] retry 4/5 wait=4.0s: no short rows and no explicit no-short message
[karauri] retry 5/5 wait=8.0s: no short rows and no explicit no-short message
[karauri] retry 1/5 wait=0.5s: no short rows and no explicit no-short message
[karauri] retry 2/5 wait=1.0s: no short rows and no explicit no-short message
[karauri][PROGRESS] 575/3587 rate=0.96/s elapsed=10.0m eta=52.2m
[karauri] retry 3/5 wait=2.0s: no short rows and no explicit no-short message
[karauri] retry 4/5 wait=4.0s: no short rows and no explicit no-short message
[karauri] retry 1/5 wait=0.5s: no short rows and no explicit no-short message
[karauri] retry 2/5 wait=1.0s: no short rows and no explicit no-short message
[karauri] retry 3/5 wait=2.0s: no short rows and no explicit no-short message
[karauri] retry 4/5 wait=4.0s: no short rows and no explicit no-short message
[karauri] retry 5/5 wait=8.0s: no short rows and no explicit no-short message
[karauri] retry 5/5 wait=8.0s: no short rows and no explicit no-short message
[karauri][PROGRESS] 600/3587 rate=0.97/s elapsed=10.3m eta=51.4m
[karauri][COMMIT] 600/3587 ok=561 fail=39 no_short=0
[karauri] retry 1/5 wait=0.5s: no short rows and no explicit no-short message
[karauri] retry 1/5 wait=0.5s: no short rows and no explicit no-short message
[karauri] retry 2/5 wait=1.0s: no short rows and no explicit no-short message
[karauri] retry 2/5 wait=1.0s: no short rows and no explicit no-short message
[karauri] retry 3/5 wait=2.0s: no short rows and no explicit no-short message
[karauri] retry 3/5 wait=2.0s: no short rows and no explicit no-short message
[karauri] retry 4/5 wait=4.0s: no short rows and no explicit no-short message
[karauri] retry 4/5 wait=4.0s: no short rows and no explicit no-short message
[karauri] retry 5/5 wait=8.0s: no short rows and no explicit no-short message
[karauri] retry 5/5 wait=8.0s: no short rows and no explicit no-short message
[karauri] retry 1/5 wait=0.5s: no short rows and no explicit no-short message
[karauri][PROGRESS] 625/3587 rate=0.97/s elapsed=10.8m eta=51.1m
[karauri] retry 2/5 wait=1.0s: no short rows and no explicit no-short message
[karauri] retry 1/5 wait=0.5s: no short rows and no explicit no-short message
[karauri] retry 2/5 wait=1.0s: no short rows and no explicit no-short message
[karauri] retry 3/5 wait=2.0s: no short rows and no explicit no-short message
[karauri] retry 3/5 wait=2.0s: no short rows and no explicit no-short message
[karauri] retry 1/5 wait=0.5s: no short rows and no explicit no-short message
[karauri] retry 4/5 wait=4.0s: no short rows and no explicit no-short message
[karauri] retry 1/5 wait=0.5s: no short rows and no explicit no-short message
[karauri] retry 2/5 wait=1.0s: no short rows and no explicit no-short message
[karauri] retry 2/5 wait=1.0s: no short rows and no explicit no-short message
[karauri] retry 4/5 wait=4.0s: no short rows and no explicit no-short message
[karauri] retry 3/5 wait=2.0s: no short rows and no explicit no-short message
[karauri] retry 3/5 wait=2.0s: no short rows and no explicit no-short message
[karauri] retry 1/5 wait=0.5s: no short rows and no explicit no-short message
[karauri] retry 4/5 wait=4.0s: no short rows and no explicit no-short message
[karauri] retry 2/5 wait=1.0s: no short rows and no explicit no-short message
[karauri] retry 5/5 wait=8.0s: no short rows and no explicit no-short message
[karauri] retry 4/5 wait=4.0s: no short rows and no explicit no-short message
[karauri] retry 5/5 wait=8.0s: no short rows and no explicit no-short message
[karauri] retry 3/5 wait=2.0s: no short rows and no explicit no-short message
[karauri] retry 4/5 wait=4.0s: no short rows and no explicit no-short message
[karauri] retry 5/5 wait=8.0s: no short rows and no explicit no-short message
[karauri] retry 5/5 wait=8.0s: no short rows and no explicit no-short message
[karauri] retry 5/5 wait=8.0s: no short rows and no explicit no-short message
[karauri] retry 1/5 wait=0.5s: no short rows and no explicit no-short message
[karauri] retry 2/5 wait=1.0s: no short rows and no explicit no-short message
[karauri] retry 3/5 wait=2.0s: no short rows and no explicit no-short message
[karauri][PROGRESS] 650/3587 rate=0.97/s elapsed=11.2m eta=50.5m
[karauri] retry 1/5 wait=0.5s: no short rows and no explicit no-short message
[karauri] retry 4/5 wait=4.0s: no short rows and no explicit no-short message
[karauri] retry 2/5 wait=1.0s: no short rows and no explicit no-short message
[karauri] retry 3/5 wait=2.0s: no short rows and no explicit no-short message
[karauri] retry 4/5 wait=4.0s: no short rows and no explicit no-short message
[karauri] retry 5/5 wait=8.0s: no short rows and no explicit no-short message
[karauri] retry 5/5 wait=8.0s: no short rows and no explicit no-short message
[karauri] retry 1/5 wait=0.5s: no short rows and no explicit no-short message
[karauri] retry 2/5 wait=1.0s: no short rows and no explicit no-short message
[karauri] retry 1/5 wait=0.5s: no short rows and no explicit no-short message
[karauri] retry 3/5 wait=2.0s: no short rows and no explicit no-short message
[karauri] retry 2/5 wait=1.0s: no short rows and no explicit no-short message
[karauri] retry 3/5 wait=2.0s: no short rows and no explicit no-short message
[karauri] retry 4/5 wait=4.0s: no short rows and no explicit no-short message
[karauri] retry 4/5 wait=4.0s: no short rows and no explicit no-short message
[karauri][PROGRESS] 675/3587 rate=0.98/s elapsed=11.5m eta=49.7m
[karauri] retry 1/5 wait=0.5s: no short rows and no explicit no-short message
[karauri] retry 2/5 wait=1.0s: no short rows and no explicit no-short message
[karauri] retry 5/5 wait=8.0s: no short rows and no explicit no-short message
[karauri] retry 3/5 wait=2.0s: no short rows and no explicit no-short message
[karauri] retry 5/5 wait=8.0s: no short rows and no explicit no-short message
[karauri] retry 4/5 wait=4.0s: no short rows and no explicit no-short message
[karauri] retry 5/5 wait=8.0s: no short rows and no explicit no-short message
[karauri][PROGRESS] 700/3587 rate=0.98/s elapsed=11.9m eta=48.9m
[karauri][COMMIT] 700/3587 ok=649 fail=51 no_short=0
[karauri] retry 1/5 wait=0.5s: no short rows and no explicit no-short message
[karauri] retry 2/5 wait=1.0s: no short rows and no explicit no-short message
[karauri] retry 3/5 wait=2.0s: no short rows and no explicit no-short message
[karauri] retry 4/5 wait=4.0s: no short rows and no explicit no-short message
[karauri] retry 5/5 wait=8.0s: no short rows and no explicit no-short message
[karauri] retry 1/5 wait=0.5s: no short rows and no explicit no-short message
[karauri] retry 2/5 wait=1.0s: no short rows and no explicit no-short message
[karauri] retry 3/5 wait=2.0s: no short rows and no explicit no-short message
[karauri][PROGRESS] 725/3587 rate=0.99/s elapsed=12.2m eta=48.2m
[karauri] retry 4/5 wait=4.0s: no short rows and no explicit no-short message
[karauri] retry 5/5 wait=8.0s: no short rows and no explicit no-short message
[karauri] retry 1/5 wait=0.5s: no short rows and no explicit no-short message
[karauri] retry 2/5 wait=1.0s: no short rows and no explicit no-short message
[karauri] retry 3/5 wait=2.0s: no short rows and no explicit no-short message
[karauri] retry 4/5 wait=4.0s: no short rows and no explicit no-short message
[karauri] retry 1/5 wait=0.5s: no short rows and no explicit no-short message
[karauri] retry 2/5 wait=1.0s: no short rows and no explicit no-short message
[karauri] retry 3/5 wait=2.0s: no short rows and no explicit no-short message
[karauri] retry 5/5 wait=8.0s: no short rows and no explicit no-short message
[karauri] retry 4/5 wait=4.0s: no short rows and no explicit no-short message
[karauri] retry 5/5 wait=8.0s: no short rows and no explicit no-short message
[karauri][PROGRESS] 750/3587 rate=0.99/s elapsed=12.7m eta=47.9m
[karauri] retry 1/5 wait=0.5s: no short rows and no explicit no-short message
[karauri] retry 1/5 wait=0.5s: no short rows and no explicit no-short message
[karauri] retry 2/5 wait=1.0s: no short rows and no explicit no-short message
[karauri] retry 2/5 wait=1.0s: no short rows and no explicit no-short message
[karauri] retry 3/5 wait=2.0s: no short rows and no explicit no-short message
[karauri] retry 3/5 wait=2.0s: no short rows and no explicit no-short message
[karauri] retry 4/5 wait=4.0s: no short rows and no explicit no-short message
[karauri] retry 4/5 wait=4.0s: no short rows and no explicit no-short message
[karauri] retry 1/5 wait=0.5s: no short rows and no explicit no-short message
[karauri] retry 2/5 wait=1.0s: no short rows and no explicit no-short message
[karauri] retry 5/5 wait=8.0s: no short rows and no explicit no-short message
[karauri] retry 5/5 wait=8.0s: no short rows and no explicit no-short message
[karauri] retry 3/5 wait=2.0s: no short rows and no explicit no-short message
[karauri] retry 4/5 wait=4.0s: no short rows and no explicit no-short message
[karauri] retry 5/5 wait=8.0s: no short rows and no explicit no-short message
[karauri] retry 1/5 wait=0.5s: no short rows and no explicit no-short message
[karauri] retry 2/5 wait=1.0s: no short rows and no explicit no-short message
[karauri] retry 3/5 wait=2.0s: no short rows and no explicit no-short message
[karauri] retry 4/5 wait=4.0s: no short rows and no explicit no-short message
[karauri][PROGRESS] 775/3587 rate=0.99/s elapsed=13.1m eta=47.4m
[karauri] retry 5/5 wait=8.0s: no short rows and no explicit no-short message
[karauri][PROGRESS] 800/3587 rate=1.00/s elapsed=13.3m eta=46.4m
[karauri][COMMIT] 800/3587 ok=741 fail=59 no_short=0
[karauri] retry 1/5 wait=0.5s: no short rows and no explicit no-short message
[karauri] retry 2/5 wait=1.0s: no short rows and no explicit no-short message
[karauri] retry 1/5 wait=0.5s: no short rows and no explicit no-short message
[karauri] retry 3/5 wait=2.0s: no short rows and no explicit no-short message
[karauri] retry 2/5 wait=1.0s: no short rows and no explicit no-short message
[karauri] retry 3/5 wait=2.0s: no short rows and no explicit no-short message
[karauri] retry 1/5 wait=0.5s: no short rows and no explicit no-short message
[karauri] retry 4/5 wait=4.0s: no short rows and no explicit no-short message
[karauri] retry 2/5 wait=1.0s: no short rows and no explicit no-short message
[karauri] retry 3/5 wait=2.0s: no short rows and no explicit no-short message
[karauri] retry 4/5 wait=4.0s: no short rows and no explicit no-short message
[karauri] retry 4/5 wait=4.0s: no short rows and no explicit no-short message
[karauri] retry 5/5 wait=8.0s: no short rows and no explicit no-short message
[karauri] retry 5/5 wait=8.0s: no short rows and no explicit no-short message
[karauri] retry 5/5 wait=8.0s: no short rows and no explicit no-short message
[karauri][PROGRESS] 825/3587 rate=1.00/s elapsed=13.8m eta=46.2m
[karauri] retry 1/5 wait=0.5s: no short rows and no explicit no-short message
[karauri] retry 2/5 wait=1.0s: no short rows and no explicit no-short message
[karauri] retry 3/5 wait=2.0s: no short rows and no explicit no-short message
[karauri] retry 4/5 wait=4.0s: no short rows and no explicit no-short message
[karauri] retry 1/5 wait=0.5s: no short rows and no explicit no-short message
[karauri] retry 2/5 wait=1.0s: no short rows and no explicit no-short message
[karauri] retry 3/5 wait=2.0s: no short rows and no explicit no-short message
[karauri] retry 5/5 wait=8.0s: no short rows and no explicit no-short message
[karauri][PROGRESS] 850/3587 rate=1.00/s elapsed=14.2m eta=45.7m
[karauri] retry 4/5 wait=4.0s: no short rows and no explicit no-short message
[karauri] retry 5/5 wait=8.0s: no short rows and no explicit no-short message
[karauri] retry 1/5 wait=0.5s: no short rows and no explicit no-short message
[karauri] retry 2/5 wait=1.0s: no short rows and no explicit no-short message
[karauri] retry 3/5 wait=2.0s: no short rows and no explicit no-short message
[karauri] retry 4/5 wait=4.0s: no short rows and no explicit no-short message
[karauri] retry 1/5 wait=0.5s: no short rows and no explicit no-short message
[karauri] retry 2/5 wait=1.0s: no short rows and no explicit no-short message
[karauri] retry 5/5 wait=8.0s: no short rows and no explicit no-short message
[karauri] retry 3/5 wait=2.0s: no short rows and no explicit no-short message
[karauri] retry 4/5 wait=4.0s: no short rows and no explicit no-short message
[karauri][PROGRESS] 875/3587 rate=1.00/s elapsed=14.6m eta=45.2m
[karauri] retry 5/5 wait=8.0s: no short rows and no explicit no-short message
[karauri] retry 1/5 wait=0.5s: no short rows and no explicit no-short message
[karauri] retry 2/5 wait=1.0s: no short rows and no explicit no-short message
[karauri] retry 3/5 wait=2.0s: no short rows and no explicit no-short message
[karauri] retry 4/5 wait=4.0s: no short rows and no explicit no-short message
[karauri] retry 5/5 wait=8.0s: no short rows and no explicit no-short message
[karauri][PROGRESS] 900/3587 rate=1.00/s elapsed=14.9m eta=44.6m
[karauri][COMMIT] 900/3587 ok=833 fail=67 no_short=0
[karauri] retry 1/5 wait=0.5s: no short rows and no explicit no-short message
[karauri] retry 2/5 wait=1.0s: no short rows and no explicit no-short message
[karauri] retry 3/5 wait=2.0s: no short rows and no explicit no-short message
[karauri] retry 4/5 wait=4.0s: no short rows and no explicit no-short message
[karauri] retry 5/5 wait=8.0s: no short rows and no explicit no-short message
[karauri][PROGRESS] 925/3587 rate=1.00/s elapsed=15.4m eta=44.2m
[karauri] retry 1/5 wait=0.5s: no short rows and no explicit no-short message
[karauri] retry 1/5 wait=0.5s: no short rows and no explicit no-short message
[karauri] retry 2/5 wait=1.0s: no short rows and no explicit no-short message
[karauri] retry 2/5 wait=1.0s: no short rows and no explicit no-short message
[karauri] retry 3/5 wait=2.0s: no short rows and no explicit no-short message
[karauri] retry 3/5 wait=2.0s: no short rows and no explicit no-short message
[karauri] retry 4/5 wait=4.0s: no short rows and no explicit no-short message
[karauri] retry 4/5 wait=4.0s: no short rows and no explicit no-short message
[karauri] retry 5/5 wait=8.0s: no short rows and no explicit no-short message
[karauri] retry 5/5 wait=8.0s: no short rows and no explicit no-short message
[karauri] retry 1/5 wait=0.5s: no short rows and no explicit no-short message
[karauri] retry 2/5 wait=1.0s: no short rows and no explicit no-short message
[karauri] retry 3/5 wait=2.0s: no short rows and no explicit no-short message
[karauri] retry 4/5 wait=4.0s: no short rows and no explicit no-short message
[karauri][PROGRESS] 950/3587 rate=1.01/s elapsed=15.7m eta=43.6m
[karauri] retry 1/5 wait=0.5s: no short rows and no explicit no-short message
[karauri] retry 2/5 wait=1.0s: no short rows and no explicit no-short message
[karauri] retry 5/5 wait=8.0s: no short rows and no explicit no-short message
[karauri] retry 3/5 wait=2.0s: no short rows and no explicit no-short message
[karauri] retry 4/5 wait=4.0s: no short rows and no explicit no-short message
[karauri] retry 5/5 wait=8.0s: no short rows and no explicit no-short message
[karauri][PROGRESS] 975/3587 rate=1.01/s elapsed=16.1m eta=43.2m
[karauri] retry 1/5 wait=0.5s: no short rows and no explicit no-short message
[karauri] retry 2/5 wait=1.0s: no short rows and no explicit no-short message
[karauri] retry 3/5 wait=2.0s: no short rows and no explicit no-short message
[karauri] retry 4/5 wait=4.0s: no short rows and no explicit no-short message
[karauri] retry 1/5 wait=0.5s: no short rows and no explicit no-short message
[karauri] retry 2/5 wait=1.0s: no short rows and no explicit no-short message
[karauri] retry 5/5 wait=8.0s: no short rows and no explicit no-short message
[karauri] retry 3/5 wait=2.0s: no short rows and no explicit no-short message
[karauri] retry 1/5 wait=0.5s: no short rows and no explicit no-short message
[karauri] retry 2/5 wait=1.0s: no short rows and no explicit no-short message
[karauri] retry 4/5 wait=4.0s: no short rows and no explicit no-short message
[karauri] retry 3/5 wait=2.0s: no short rows and no explicit no-short message
[karauri] retry 4/5 wait=4.0s: no short rows and no explicit no-short message
[karauri] retry 5/5 wait=8.0s: no short rows and no explicit no-short message
[karauri] retry 5/5 wait=8.0s: no short rows and no explicit no-short message
[karauri][PROGRESS] 1000/3587 rate=1.00/s elapsed=16.6m eta=43.1m
[karauri][COMMIT] 1000/3587 ok=925 fail=75 no_short=0
[karauri] retry 1/5 wait=0.5s: no short rows and no explicit no-short message
[karauri] retry 2/5 wait=1.0s: no short rows and no explicit no-short message
[karauri] retry 3/5 wait=2.0s: no short rows and no explicit no-short message
[karauri] retry 4/5 wait=4.0s: no short rows and no explicit no-short message
[karauri] retry 5/5 wait=8.0s: no short rows and no explicit no-short message
[karauri] retry 1/5 wait=0.5s: no short rows and no explicit no-short message
[karauri] retry 2/5 wait=1.0s: no short rows and no explicit no-short message
[karauri] retry 3/5 wait=2.0s: no short rows and no explicit no-short message
[karauri] retry 4/5 wait=4.0s: no short rows and no explicit no-short message
[karauri] retry 5/5 wait=8.0s: no short rows and no explicit no-short message
[karauri] retry 1/5 wait=0.5s: no short rows and no explicit no-short message
[karauri] retry 2/5 wait=1.0s: no short rows and no explicit no-short message
[karauri] retry 3/5 wait=2.0s: no short rows and no explicit no-short message
[karauri] retry 4/5 wait=4.0s: no short rows and no explicit no-short message
[karauri] retry 1/5 wait=0.5s: no short rows and no explicit no-short message
[karauri] retry 2/5 wait=1.0s: no short rows and no explicit no-short message
[karauri][PROGRESS] 1025/3587 rate=1.00/s elapsed=17.1m eta=42.8m
[karauri] retry 3/5 wait=2.0s: no short rows and no explicit no-short message
[karauri] retry 5/5 wait=8.0s: no short rows and no explicit no-short message
[karauri] retry 4/5 wait=4.0s: no short rows and no explicit no-short message
[karauri] retry 5/5 wait=8.0s: no short rows and no explicit no-short message
[karauri] retry 1/5 wait=0.5s: no short rows and no explicit no-short message
[karauri] retry 2/5 wait=1.0s: no short rows and no explicit no-short message
[karauri] retry 3/5 wait=2.0s: no short rows and no explicit no-short message
[karauri] retry 4/5 wait=4.0s: no short rows and no explicit no-short message
[karauri] retry 5/5 wait=8.0s: no short rows and no explicit no-short message
[karauri][PROGRESS] 1050/3587 rate=1.00/s elapsed=17.5m eta=42.3m
[karauri] retry 1/5 wait=0.5s: no short rows and no explicit no-short message
[karauri] retry 2/5 wait=1.0s: no short rows and no explicit no-short message
[karauri] retry 3/5 wait=2.0s: no short rows and no explicit no-short message
[karauri] retry 4/5 wait=4.0s: no short rows and no explicit no-short message
[karauri] retry 1/5 wait=0.5s: no short rows and no explicit no-short message
[karauri] retry 2/5 wait=1.0s: no short rows and no explicit no-short message
[karauri] retry 3/5 wait=2.0s: no short rows and no explicit no-short message
[karauri] retry 5/5 wait=8.0s: no short rows and no explicit no-short message
[karauri] retry 4/5 wait=4.0s: no short rows and no explicit no-short message
[karauri] retry 5/5 wait=8.0s: no short rows and no explicit no-short message
[karauri][PROGRESS] 1075/3587 rate=1.00/s elapsed=17.9m eta=41.8m
[karauri] retry 1/5 wait=0.5s: no short rows and no explicit no-short message
[karauri] retry 2/5 wait=1.0s: no short rows and no explicit no-short message
[karauri] retry 3/5 wait=2.0s: no short rows and no explicit no-short message
[karauri] retry 4/5 wait=4.0s: no short rows and no explicit no-short message
[karauri] retry 5/5 wait=8.0s: no short rows and no explicit no-short message
[karauri][PROGRESS] 1100/3587 rate=1.00/s elapsed=18.3m eta=41.4m
[karauri][COMMIT] 1100/3587 ok=1017 fail=83 no_short=0
[karauri] retry 1/5 wait=0.5s: no short rows and no explicit no-short message
[karauri] retry 2/5 wait=1.0s: no short rows and no explicit no-short message
[karauri] retry 3/5 wait=2.0s: no short rows and no explicit no-short message
[karauri] retry 4/5 wait=4.0s: no short rows and no explicit no-short message
[karauri] retry 1/5 wait=0.5s: no short rows and no explicit no-short message
[karauri] retry 2/5 wait=1.0s: no short rows and no explicit no-short message
[karauri] retry 5/5 wait=8.0s: no short rows and no explicit no-short message
[karauri] retry 1/5 wait=0.5s: no short rows and no explicit no-short message
[karauri] retry 3/5 wait=2.0s: no short rows and no explicit no-short message
[karauri] retry 2/5 wait=1.0s: no short rows and no explicit no-short message
[karauri] retry 1/5 wait=0.5s: no short rows and no explicit no-short message
[karauri] retry 3/5 wait=2.0s: no short rows and no explicit no-short message
[karauri] retry 2/5 wait=1.0s: no short rows and no explicit no-short message
[karauri] retry 4/5 wait=4.0s: no short rows and no explicit no-short message
[karauri] retry 3/5 wait=2.0s: no short rows and no explicit no-short message
[karauri] retry 4/5 wait=4.0s: no short rows and no explicit no-short message
[karauri] retry 4/5 wait=4.0s: no short rows and no explicit no-short message
[karauri] retry 5/5 wait=8.0s: no short rows and no explicit no-short message
[karauri] retry 5/5 wait=8.0s: no short rows and no explicit no-short message
[karauri] retry 5/5 wait=8.0s: no short rows and no explicit no-short message
[karauri] retry 1/5 wait=0.5s: no short rows and no explicit no-short message
[karauri] retry 2/5 wait=1.0s: no short rows and no explicit no-short message
[karauri][PROGRESS] 1125/3587 rate=1.00/s elapsed=18.7m eta=41.0m
[karauri] retry 3/5 wait=2.0s: no short rows and no explicit no-short message
[karauri] retry 1/5 wait=0.5s: no short rows and no explicit no-short message
[karauri] retry 2/5 wait=1.0s: no short rows and no explicit no-short message
[karauri] retry 4/5 wait=4.0s: no short rows and no explicit no-short message
[karauri] retry 3/5 wait=2.0s: no short rows and no explicit no-short message
[karauri] retry 4/5 wait=4.0s: no short rows and no explicit no-short message
[karauri] retry 5/5 wait=8.0s: no short rows and no explicit no-short message
[karauri] retry 5/5 wait=8.0s: no short rows and no explicit no-short message
[karauri] retry 1/5 wait=0.5s: no short rows and no explicit no-short message
[karauri] retry 2/5 wait=1.0s: no short rows and no explicit no-short message
[karauri] retry 3/5 wait=2.0s: no short rows and no explicit no-short message
[karauri] retry 4/5 wait=4.0s: no short rows and no explicit no-short message
[karauri] retry 5/5 wait=8.0s: no short rows and no explicit no-short message
[karauri][PROGRESS] 1150/3587 rate=1.00/s elapsed=19.1m eta=40.5m
[karauri] retry 1/5 wait=0.5s: no short rows and no explicit no-short message
[karauri] retry 2/5 wait=1.0s: no short rows and no explicit no-short message
[karauri] retry 3/5 wait=2.0s: no short rows and no explicit no-short message
[karauri] retry 4/5 wait=4.0s: no short rows and no explicit no-short message
[karauri] retry 5/5 wait=8.0s: no short rows and no explicit no-short message
[karauri] retry 1/5 wait=0.5s: no short rows and no explicit no-short message
[karauri] retry 2/5 wait=1.0s: no short rows and no explicit no-short message
[karauri] retry 1/5 wait=0.5s: no short rows and no explicit no-short message
[karauri] retry 2/5 wait=1.0s: no short rows and no explicit no-short message
[karauri] retry 3/5 wait=2.0s: no short rows and no explicit no-short message
[karauri] retry 3/5 wait=2.0s: no short rows and no explicit no-short message
[karauri] retry 4/5 wait=4.0s: no short rows and no explicit no-short message
[karauri] retry 4/5 wait=4.0s: no short rows and no explicit no-short message
[karauri] retry 1/5 wait=0.5s: no short rows and no explicit no-short message
[karauri] retry 2/5 wait=1.0s: no short rows and no explicit no-short message
[karauri] retry 1/5 wait=0.5s: no short rows and no explicit no-short message
[karauri] retry 3/5 wait=2.0s: no short rows and no explicit no-short message
[karauri] retry 2/5 wait=1.0s: no short rows and no explicit no-short message
[karauri][PROGRESS] 1175/3587 rate=1.00/s elapsed=19.5m eta=40.0m
[karauri] retry 5/5 wait=8.0s: no short rows and no explicit no-short message
[karauri] retry 3/5 wait=2.0s: no short rows and no explicit no-short message
[karauri] retry 4/5 wait=4.0s: no short rows and no explicit no-short message
[karauri] retry 5/5 wait=8.0s: no short rows and no explicit no-short message
[karauri] retry 4/5 wait=4.0s: no short rows and no explicit no-short message
[karauri] retry 5/5 wait=8.0s: no short rows and no explicit no-short message
[karauri] retry 5/5 wait=8.0s: no short rows and no explicit no-short message
[karauri] retry 1/5 wait=0.5s: no short rows and no explicit no-short message
[karauri] retry 2/5 wait=1.0s: no short rows and no explicit no-short message
[karauri] retry 3/5 wait=2.0s: no short rows and no explicit no-short message
[karauri] retry 4/5 wait=4.0s: no short rows and no explicit no-short message
[karauri] retry 5/5 wait=8.0s: no short rows and no explicit no-short message
[karauri][PROGRESS] 1200/3587 rate=1.01/s elapsed=19.9m eta=39.6m
[karauri][COMMIT] 1200/3587 ok=1104 fail=96 no_short=0
[karauri] retry 1/5 wait=0.5s: no short rows and no explicit no-short message
[karauri] retry 2/5 wait=1.0s: no short rows and no explicit no-short message
[karauri] retry 1/5 wait=0.5s: no short rows and no explicit no-short message
[karauri] retry 3/5 wait=2.0s: no short rows and no explicit no-short message
[karauri] retry 2/5 wait=1.0s: no short rows and no explicit no-short message
[karauri] retry 3/5 wait=2.0s: no short rows and no explicit no-short message
[karauri] retry 4/5 wait=4.0s: no short rows and no explicit no-short message
[karauri] retry 4/5 wait=4.0s: no short rows and no explicit no-short message
[karauri] retry 5/5 wait=8.0s: no short rows and no explicit no-short message
[karauri] retry 1/5 wait=0.5s: no short rows and no explicit no-short message
[karauri] retry 2/5 wait=1.0s: no short rows and no explicit no-short message
[karauri] retry 5/5 wait=8.0s: no short rows and no explicit no-short message
[karauri] retry 3/5 wait=2.0s: no short rows and no explicit no-short message
[karauri] retry 4/5 wait=4.0s: no short rows and no explicit no-short message
[karauri] retry 1/5 wait=0.5s: no short rows and no explicit no-short message
[karauri] retry 2/5 wait=1.0s: no short rows and no explicit no-short message
[karauri] retry 5/5 wait=8.0s: no short rows and no explicit no-short message
[karauri] retry 3/5 wait=2.0s: no short rows and no explicit no-short message
[karauri] retry 4/5 wait=4.0s: no short rows and no explicit no-short message
[karauri] retry 1/5 wait=0.5s: no short rows and no explicit no-short message
[karauri] retry 5/5 wait=8.0s: no short rows and no explicit no-short message
[karauri] retry 2/5 wait=1.0s: no short rows and no explicit no-short message
[karauri][PROGRESS] 1225/3587 rate=1.00/s elapsed=20.3m eta=39.2m
[karauri] retry 3/5 wait=2.0s: no short rows and no explicit no-short message
[karauri] retry 4/5 wait=4.0s: no short rows and no explicit no-short message
[karauri] retry 5/5 wait=8.0s: no short rows and no explicit no-short message
[karauri] retry 1/5 wait=0.5s: no short rows and no explicit no-short message
[karauri] retry 2/5 wait=1.0s: no short rows and no explicit no-short message
[karauri] retry 3/5 wait=2.0s: no short rows and no explicit no-short message
[karauri] retry 4/5 wait=4.0s: no short rows and no explicit no-short message
[karauri] retry 1/5 wait=0.5s: no short rows and no explicit no-short message
[karauri] retry 1/5 wait=0.5s: no short rows and no explicit no-short message
[karauri] retry 2/5 wait=1.0s: no short rows and no explicit no-short message
[karauri] retry 2/5 wait=1.0s: no short rows and no explicit no-short message
[karauri] retry 5/5 wait=8.0s: no short rows and no explicit no-short message
[karauri] retry 3/5 wait=2.0s: no short rows and no explicit no-short message
[karauri] retry 3/5 wait=2.0s: no short rows and no explicit no-short message
[karauri] retry 4/5 wait=4.0s: no short rows and no explicit no-short message
[karauri] retry 4/5 wait=4.0s: no short rows and no explicit no-short message
[karauri] retry 1/5 wait=0.5s: no short rows and no explicit no-short message
[karauri] retry 2/5 wait=1.0s: no short rows and no explicit no-short message
[karauri] retry 5/5 wait=8.0s: no short rows and no explicit no-short message
[karauri] retry 3/5 wait=2.0s: no short rows and no explicit no-short message
[karauri] retry 5/5 wait=8.0s: no short rows and no explicit no-short message
[karauri][PROGRESS] 1250/3587 rate=1.01/s elapsed=20.7m eta=38.8m
[karauri] retry 1/5 wait=0.5s: no short rows and no explicit no-short message
[karauri] retry 2/5 wait=1.0s: no short rows and no explicit no-short message
[karauri] retry 4/5 wait=4.0s: no short rows and no explicit no-short message
[karauri] retry 1/5 wait=0.5s: no short rows and no explicit no-short message
[karauri] retry 3/5 wait=2.0s: no short rows and no explicit no-short message
[karauri] retry 2/5 wait=1.0s: no short rows and no explicit no-short message
[karauri] retry 3/5 wait=2.0s: no short rows and no explicit no-short message
[karauri] retry 4/5 wait=4.0s: no short rows and no explicit no-short message
[karauri] retry 1/5 wait=0.5s: no short rows and no explicit no-short message
[karauri] retry 5/5 wait=8.0s: no short rows and no explicit no-short message
[karauri] retry 2/5 wait=1.0s: no short rows and no explicit no-short message
[karauri] retry 4/5 wait=4.0s: no short rows and no explicit no-short message
[karauri] retry 3/5 wait=2.0s: no short rows and no explicit no-short message
[karauri] retry 1/5 wait=0.5s: no short rows and no explicit no-short message
[karauri] retry 2/5 wait=1.0s: no short rows and no explicit no-short message
[karauri] retry 5/5 wait=8.0s: no short rows and no explicit no-short message
[karauri] retry 4/5 wait=4.0s: no short rows and no explicit no-short message
[karauri] retry 3/5 wait=2.0s: no short rows and no explicit no-short message
[karauri] retry 5/5 wait=8.0s: no short rows and no explicit no-short message
[karauri] retry 4/5 wait=4.0s: no short rows and no explicit no-short message
[karauri] retry 5/5 wait=8.0s: no short rows and no explicit no-short message
[karauri] retry 1/5 wait=0.5s: no short rows and no explicit no-short message
[karauri] retry 2/5 wait=1.0s: no short rows and no explicit no-short message
[karauri] retry 3/5 wait=2.0s: no short rows and no explicit no-short message
[karauri] retry 5/5 wait=8.0s: no short rows and no explicit no-short message
[karauri] retry 4/5 wait=4.0s: no short rows and no explicit no-short message
[karauri] retry 1/5 wait=0.5s: no short rows and no explicit no-short message
[karauri] retry 5/5 wait=8.0s: no short rows and no explicit no-short message
[karauri] retry 2/5 wait=1.0s: no short rows and no explicit no-short message
[karauri] retry 3/5 wait=2.0s: no short rows and no explicit no-short message
[karauri][PROGRESS] 1275/3587 rate=1.01/s elapsed=21.1m eta=38.3m
[karauri] retry 4/5 wait=4.0s: no short rows and no explicit no-short message
[karauri] retry 5/5 wait=8.0s: no short rows and no explicit no-short message
[karauri][PROGRESS] 1300/3587 rate=1.01/s elapsed=21.5m eta=37.8m
[karauri][COMMIT] 1300/3587 ok=1189 fail=111 no_short=0
[karauri] retry 1/5 wait=0.5s: no short rows and no explicit no-short message
[karauri] retry 2/5 wait=1.0s: no short rows and no explicit no-short message
[karauri] retry 3/5 wait=2.0s: no short rows and no explicit no-short message
[karauri] retry 4/5 wait=4.0s: no short rows and no explicit no-short message
[karauri] retry 5/5 wait=8.0s: no short rows and no explicit no-short message
[karauri] retry 1/5 wait=0.5s: no short rows and no explicit no-short message
[karauri] retry 2/5 wait=1.0s: no short rows and no explicit no-short message
[karauri] retry 3/5 wait=2.0s: no short rows and no explicit no-short message
[karauri][PROGRESS] 1325/3587 rate=1.01/s elapsed=21.8m eta=37.3m
[karauri] retry 4/5 wait=4.0s: no short rows and no explicit no-short message
[karauri] retry 1/5 wait=0.5s: no short rows and no explicit no-short message
[karauri] retry 2/5 wait=1.0s: no short rows and no explicit no-short message
[karauri] retry 3/5 wait=2.0s: no short rows and no explicit no-short message
[karauri] retry 5/5 wait=8.0s: no short rows and no explicit no-short message
[karauri] retry 4/5 wait=4.0s: no short rows and no explicit no-short message
[karauri] retry 5/5 wait=8.0s: no short rows and no explicit no-short message
[karauri] retry 1/5 wait=0.5s: no short rows and no explicit no-short message
[karauri] retry 2/5 wait=1.0s: no short rows and no explicit no-short message
[karauri] retry 1/5 wait=0.5s: no short rows and no explicit no-short message
[karauri] retry 3/5 wait=2.0s: no short rows and no explicit no-short message
[karauri] retry 2/5 wait=1.0s: no short rows and no explicit no-short message
[karauri] retry 3/5 wait=2.0s: no short rows and no explicit no-short message
[karauri] retry 4/5 wait=4.0s: no short rows and no explicit no-short message
[karauri] retry 4/5 wait=4.0s: no short rows and no explicit no-short message
[karauri] retry 5/5 wait=8.0s: no short rows and no explicit no-short message
[karauri][PROGRESS] 1350/3587 rate=1.01/s elapsed=22.2m eta=36.8m
[karauri] retry 5/5 wait=8.0s: no short rows and no explicit no-short message
[karauri] retry 1/5 wait=0.5s: no short rows and no explicit no-short message
[karauri] retry 2/5 wait=1.0s: no short rows and no explicit no-short message
[karauri] retry 3/5 wait=2.0s: no short rows and no explicit no-short message
[karauri] retry 4/5 wait=4.0s: no short rows and no explicit no-short message
[karauri][PROGRESS] 1375/3587 rate=1.02/s elapsed=22.5m eta=36.3m
[karauri] retry 1/5 wait=0.5s: no short rows and no explicit no-short message
[karauri] retry 2/5 wait=1.0s: no short rows and no explicit no-short message
[karauri] retry 3/5 wait=2.0s: no short rows and no explicit no-short message
[karauri] retry 5/5 wait=8.0s: no short rows and no explicit no-short message
[karauri] retry 4/5 wait=4.0s: no short rows and no explicit no-short message
[karauri] retry 1/5 wait=0.5s: no short rows and no explicit no-short message
[karauri] retry 2/5 wait=1.0s: no short rows and no explicit no-short message
[karauri] retry 3/5 wait=2.0s: no short rows and no explicit no-short message
[karauri] retry 5/5 wait=8.0s: no short rows and no explicit no-short message
[karauri] retry 4/5 wait=4.0s: no short rows and no explicit no-short message
[karauri] retry 5/5 wait=8.0s: no short rows and no explicit no-short message
[karauri][PROGRESS] 1400/3587 rate=1.02/s elapsed=22.9m eta=35.8m
[karauri][COMMIT] 1400/3587 ok=1281 fail=119 no_short=0
[karauri] retry 1/5 wait=0.5s: no short rows and no explicit no-short message
[karauri] retry 1/5 wait=0.5s: no short rows and no explicit no-short message
[karauri] retry 2/5 wait=1.0s: no short rows and no explicit no-short message
[karauri] retry 2/5 wait=1.0s: no short rows and no explicit no-short message
[karauri] retry 3/5 wait=2.0s: no short rows and no explicit no-short message
[karauri] retry 3/5 wait=2.0s: no short rows and no explicit no-short message
[karauri] retry 1/5 wait=0.5s: no short rows and no explicit no-short message
[karauri] retry 2/5 wait=1.0s: no short rows and no explicit no-short message
[karauri] retry 3/5 wait=2.0s: no short rows and no explicit no-short message
[karauri] retry 4/5 wait=4.0s: no short rows and no explicit no-short message
[karauri] retry 4/5 wait=4.0s: no short rows and no explicit no-short message
[karauri] retry 4/5 wait=4.0s: no short rows and no explicit no-short message
[karauri] retry 5/5 wait=8.0s: no short rows and no explicit no-short message
[karauri] retry 5/5 wait=8.0s: no short rows and no explicit no-short message
[karauri] retry 1/5 wait=0.5s: no short rows and no explicit no-short message
[karauri] retry 2/5 wait=1.0s: no short rows and no explicit no-short message
[karauri] retry 5/5 wait=8.0s: no short rows and no explicit no-short message
[karauri] retry 3/5 wait=2.0s: no short rows and no explicit no-short message
[karauri] retry 4/5 wait=4.0s: no short rows and no explicit no-short message
[karauri] retry 5/5 wait=8.0s: no short rows and no explicit no-short message
[karauri][PROGRESS] 1425/3587 rate=1.02/s elapsed=23.4m eta=35.5m
[karauri] retry 1/5 wait=0.5s: no short rows and no explicit no-short message
[karauri] retry 2/5 wait=1.0s: no short rows and no explicit no-short message
[karauri] retry 3/5 wait=2.0s: no short rows and no explicit no-short message
[karauri] retry 4/5 wait=4.0s: no short rows and no explicit no-short message
[karauri] retry 5/5 wait=8.0s: no short rows and no explicit no-short message
[karauri] retry 1/5 wait=0.5s: no short rows and no explicit no-short message
[karauri] retry 2/5 wait=1.0s: no short rows and no explicit no-short message
[karauri] retry 3/5 wait=2.0s: no short rows and no explicit no-short message
[karauri] retry 1/5 wait=0.5s: no short rows and no explicit no-short message
[karauri] retry 2/5 wait=1.0s: no short rows and no explicit no-short message
[karauri] retry 4/5 wait=4.0s: no short rows and no explicit no-short message
[karauri] retry 3/5 wait=2.0s: no short rows and no explicit no-short message
[karauri] retry 4/5 wait=4.0s: no short rows and no explicit no-short message
[karauri] retry 5/5 wait=8.0s: no short rows and no explicit no-short message
[karauri] retry 1/5 wait=0.5s: no short rows and no explicit no-short message
[karauri] retry 2/5 wait=1.0s: no short rows and no explicit no-short message
[karauri] retry 3/5 wait=2.0s: no short rows and no explicit no-short message
[karauri] retry 5/5 wait=8.0s: no short rows and no explicit no-short message
[karauri] retry 4/5 wait=4.0s: no short rows and no explicit no-short message
[karauri][PROGRESS] 1450/3587 rate=1.02/s elapsed=23.7m eta=35.0m
[karauri] retry 5/5 wait=8.0s: no short rows and no explicit no-short message
[karauri] retry 1/5 wait=0.5s: no short rows and no explicit no-short message
[karauri] retry 1/5 wait=0.5s: no short rows and no explicit no-short message
[karauri] retry 2/5 wait=1.0s: no short rows and no explicit no-short message
[karauri] retry 2/5 wait=1.0s: no short rows and no explicit no-short message
[karauri] retry 3/5 wait=2.0s: no short rows and no explicit no-short message
[karauri] retry 3/5 wait=2.0s: no short rows and no explicit no-short message
[karauri] retry 4/5 wait=4.0s: no short rows and no explicit no-short message
[karauri] retry 4/5 wait=4.0s: no short rows and no explicit no-short message
[karauri][PROGRESS] 1475/3587 rate=1.02/s elapsed=24.0m eta=34.4m
[karauri] retry 5/5 wait=8.0s: no short rows and no explicit no-short message
[karauri] retry 1/5 wait=0.5s: no short rows and no explicit no-short message
[karauri] retry 5/5 wait=8.0s: no short rows and no explicit no-short message
[karauri] retry 2/5 wait=1.0s: no short rows and no explicit no-short message
[karauri] retry 3/5 wait=2.0s: no short rows and no explicit no-short message
[karauri] retry 4/5 wait=4.0s: no short rows and no explicit no-short message
[karauri] retry 1/5 wait=0.5s: no short rows and no explicit no-short message
[karauri] retry 2/5 wait=1.0s: no short rows and no explicit no-short message
[karauri] retry 3/5 wait=2.0s: no short rows and no explicit no-short message
[karauri] retry 5/5 wait=8.0s: no short rows and no explicit no-short message
[karauri] retry 4/5 wait=4.0s: no short rows and no explicit no-short message
[karauri] retry 1/5 wait=0.5s: no short rows and no explicit no-short message
[karauri] retry 2/5 wait=1.0s: no short rows and no explicit no-short message
[karauri] retry 3/5 wait=2.0s: no short rows and no explicit no-short message
[karauri] retry 5/5 wait=8.0s: no short rows and no explicit no-short message
[karauri] retry 4/5 wait=4.0s: no short rows and no explicit no-short message
[karauri] retry 5/5 wait=8.0s: no short rows and no explicit no-short message
[karauri][PROGRESS] 1500/3587 rate=1.02/s elapsed=24.5m eta=34.1m
[karauri][COMMIT] 1500/3587 ok=1368 fail=132 no_short=0
[karauri] retry 1/5 wait=0.5s: no short rows and no explicit no-short message
[karauri] retry 1/5 wait=0.5s: no short rows and no explicit no-short message
[karauri] retry 2/5 wait=1.0s: no short rows and no explicit no-short message
[karauri] retry 2/5 wait=1.0s: no short rows and no explicit no-short message
[karauri] retry 3/5 wait=2.0s: no short rows and no explicit no-short message
[karauri] retry 3/5 wait=2.0s: no short rows and no explicit no-short message
[karauri] retry 4/5 wait=4.0s: no short rows and no explicit no-short message
[karauri] retry 4/5 wait=4.0s: no short rows and no explicit no-short message
[karauri] retry 5/5 wait=8.0s: no short rows and no explicit no-short message
[karauri] retry 5/5 wait=8.0s: no short rows and no explicit no-short message
[karauri] retry 1/5 wait=0.5s: no short rows and no explicit no-short message
[karauri] retry 2/5 wait=1.0s: no short rows and no explicit no-short message
[karauri] retry 3/5 wait=2.0s: no short rows and no explicit no-short message
[karauri] retry 4/5 wait=4.0s: no short rows and no explicit no-short message
[karauri] retry 1/5 wait=0.5s: no short rows and no explicit no-short message
[karauri] retry 1/5 wait=0.5s: no short rows and no explicit no-short message
[karauri] retry 2/5 wait=1.0s: no short rows and no explicit no-short message
[karauri] retry 2/5 wait=1.0s: no short rows and no explicit no-short message
[karauri] retry 3/5 wait=2.0s: no short rows and no explicit no-short message
[karauri] retry 3/5 wait=2.0s: no short rows and no explicit no-short message
[karauri] retry 5/5 wait=8.0s: no short rows and no explicit no-short message
[karauri] retry 4/5 wait=4.0s: no short rows and no explicit no-short message
[karauri] retry 4/5 wait=4.0s: no short rows and no explicit no-short message
[karauri][PROGRESS] 1525/3587 rate=1.02/s elapsed=24.9m eta=33.7m
[karauri] retry 5/5 wait=8.0s: no short rows and no explicit no-short message
[karauri] retry 5/5 wait=8.0s: no short rows and no explicit no-short message
[karauri] retry 1/5 wait=0.5s: no short rows and no explicit no-short message
[karauri] retry 2/5 wait=1.0s: no short rows and no explicit no-short message
[karauri] retry 1/5 wait=0.5s: no short rows and no explicit no-short message
[karauri] retry 3/5 wait=2.0s: no short rows and no explicit no-short message
[karauri] retry 2/5 wait=1.0s: no short rows and no explicit no-short message
[karauri][PROGRESS] 1550/3587 rate=1.02/s elapsed=25.3m eta=33.2m
[karauri] retry 1/5 wait=0.5s: no short rows and no explicit no-short message
[karauri] retry 3/5 wait=2.0s: no short rows and no explicit no-short message
[karauri] retry 2/5 wait=1.0s: no short rows and no explicit no-short message
[karauri] retry 4/5 wait=4.0s: no short rows and no explicit no-short message
[karauri] retry 3/5 wait=2.0s: no short rows and no explicit no-short message
[karauri] retry 4/5 wait=4.0s: no short rows and no explicit no-short message
[karauri] retry 4/5 wait=4.0s: no short rows and no explicit no-short message
[karauri] retry 5/5 wait=8.0s: no short rows and no explicit no-short message
[karauri] retry 1/5 wait=0.5s: no short rows and no explicit no-short message
[karauri] retry 5/5 wait=8.0s: no short rows and no explicit no-short message
[karauri] retry 2/5 wait=1.0s: no short rows and no explicit no-short message
[karauri] retry 3/5 wait=2.0s: no short rows and no explicit no-short message
[karauri] retry 5/5 wait=8.0s: no short rows and no explicit no-short message
[karauri] retry 1/5 wait=0.5s: no short rows and no explicit no-short message
[karauri] retry 2/5 wait=1.0s: no short rows and no explicit no-short message
[karauri] retry 4/5 wait=4.0s: no short rows and no explicit no-short message
[karauri] retry 3/5 wait=2.0s: no short rows and no explicit no-short message
[karauri] retry 4/5 wait=4.0s: no short rows and no explicit no-short message
[karauri] retry 1/5 wait=0.5s: no short rows and no explicit no-short message
[karauri] retry 5/5 wait=8.0s: no short rows and no explicit no-short message
[karauri] retry 2/5 wait=1.0s: no short rows and no explicit no-short message
[karauri] retry 1/5 wait=0.5s: no short rows and no explicit no-short message
[karauri] retry 2/5 wait=1.0s: no short rows and no explicit no-short message
[karauri] retry 3/5 wait=2.0s: no short rows and no explicit no-short message
[karauri] retry 3/5 wait=2.0s: no short rows and no explicit no-short message
[karauri] retry 5/5 wait=8.0s: no short rows and no explicit no-short message
[karauri] retry 4/5 wait=4.0s: no short rows and no explicit no-short message
[karauri] retry 4/5 wait=4.0s: no short rows and no explicit no-short message
[karauri] retry 5/5 wait=8.0s: no short rows and no explicit no-short message
[karauri] retry 5/5 wait=8.0s: no short rows and no explicit no-short message
[karauri][PROGRESS] 1575/3587 rate=1.02/s elapsed=25.7m eta=32.8m
[karauri] retry 1/5 wait=0.5s: no short rows and no explicit no-short message
[karauri] retry 2/5 wait=1.0s: no short rows and no explicit no-short message
[karauri] retry 3/5 wait=2.0s: no short rows and no explicit no-short message
[karauri] retry 4/5 wait=4.0s: no short rows and no explicit no-short message
[karauri] retry 1/5 wait=0.5s: no short rows and no explicit no-short message
[karauri] retry 2/5 wait=1.0s: no short rows and no explicit no-short message
[karauri] retry 5/5 wait=8.0s: no short rows and no explicit no-short message
[karauri] retry 3/5 wait=2.0s: no short rows and no explicit no-short message
[karauri] retry 4/5 wait=4.0s: no short rows and no explicit no-short message
[karauri] retry 1/5 wait=0.5s: no short rows and no explicit no-short message
[karauri] retry 2/5 wait=1.0s: no short rows and no explicit no-short message
[karauri] retry 1/5 wait=0.5s: no short rows and no explicit no-short message
[karauri] retry 3/5 wait=2.0s: no short rows and no explicit no-short message
[karauri] retry 2/5 wait=1.0s: no short rows and no explicit no-short message
[karauri] retry 5/5 wait=8.0s: no short rows and no explicit no-short message
[karauri] retry 3/5 wait=2.0s: no short rows and no explicit no-short message
[karauri] retry 4/5 wait=4.0s: no short rows and no explicit no-short message
[karauri] retry 4/5 wait=4.0s: no short rows and no explicit no-short message
[karauri] retry 5/5 wait=8.0s: no short rows and no explicit no-short message
[karauri] retry 5/5 wait=8.0s: no short rows and no explicit no-short message
[karauri][PROGRESS] 1600/3587 rate=1.02/s elapsed=26.2m eta=32.6m
[karauri][COMMIT] 1600/3587 ok=1452 fail=148 no_short=0
[karauri] retry 1/5 wait=0.5s: no short rows and no explicit no-short message
[karauri] retry 2/5 wait=1.0s: no short rows and no explicit no-short message
[karauri] retry 3/5 wait=2.0s: no short rows and no explicit no-short message
[karauri] retry 4/5 wait=4.0s: no short rows and no explicit no-short message
[karauri] retry 1/5 wait=0.5s: no short rows and no explicit no-short message
[karauri] retry 5/5 wait=8.0s: no short rows and no explicit no-short message
[karauri] retry 2/5 wait=1.0s: no short rows and no explicit no-short message
[karauri] retry 1/5 wait=0.5s: no short rows and no explicit no-short message
[karauri] retry 2/5 wait=1.0s: no short rows and no explicit no-short message
[karauri] retry 3/5 wait=2.0s: no short rows and no explicit no-short message
[karauri] retry 3/5 wait=2.0s: no short rows and no explicit no-short message
[karauri] retry 1/5 wait=0.5s: no short rows and no explicit no-short message
[karauri] retry 4/5 wait=4.0s: no short rows and no explicit no-short message
[karauri] retry 2/5 wait=1.0s: no short rows and no explicit no-short message
[karauri] retry 4/5 wait=4.0s: no short rows and no explicit no-short message
[karauri] retry 3/5 wait=2.0s: no short rows and no explicit no-short message
[karauri] retry 1/5 wait=0.5s: no short rows and no explicit no-short message
[karauri] retry 2/5 wait=1.0s: no short rows and no explicit no-short message
[karauri] retry 4/5 wait=4.0s: no short rows and no explicit no-short message
[karauri] retry 5/5 wait=8.0s: no short rows and no explicit no-short message
[karauri] retry 1/5 wait=0.5s: no short rows and no explicit no-short message
[karauri] retry 3/5 wait=2.0s: no short rows and no explicit no-short message
[karauri] retry 2/5 wait=1.0s: no short rows and no explicit no-short message
[karauri] retry 5/5 wait=8.0s: no short rows and no explicit no-short message
[karauri] retry 3/5 wait=2.0s: no short rows and no explicit no-short message
[karauri] retry 4/5 wait=4.0s: no short rows and no explicit no-short message
[karauri] retry 5/5 wait=8.0s: no short rows and no explicit no-short message
[karauri] retry 4/5 wait=4.0s: no short rows and no explicit no-short message
[karauri] retry 5/5 wait=8.0s: no short rows and no explicit no-short message
[karauri] retry 5/5 wait=8.0s: no short rows and no explicit no-short message
[karauri] retry 1/5 wait=0.5s: no short rows and no explicit no-short message
[karauri] retry 2/5 wait=1.0s: no short rows and no explicit no-short message
[karauri] retry 3/5 wait=2.0s: no short rows and no explicit no-short message
[karauri][PROGRESS] 1625/3587 rate=1.01/s elapsed=26.7m eta=32.2m
[karauri] retry 1/5 wait=0.5s: no short rows and no explicit no-short message
[karauri] retry 2/5 wait=1.0s: no short rows and no explicit no-short message
[karauri] retry 4/5 wait=4.0s: no short rows and no explicit no-short message
[karauri] retry 3/5 wait=2.0s: no short rows and no explicit no-short message
[karauri] retry 4/5 wait=4.0s: no short rows and no explicit no-short message
[karauri] retry 1/5 wait=0.5s: no short rows and no explicit no-short message
[karauri] retry 5/5 wait=8.0s: no short rows and no explicit no-short message
[karauri] retry 2/5 wait=1.0s: no short rows and no explicit no-short message
[karauri] retry 3/5 wait=2.0s: no short rows and no explicit no-short message
[karauri] retry 5/5 wait=8.0s: no short rows and no explicit no-short message
[karauri] retry 4/5 wait=4.0s: no short rows and no explicit no-short message
[karauri] retry 5/5 wait=8.0s: no short rows and no explicit no-short message
[karauri][PROGRESS] 1650/3587 rate=1.01/s elapsed=27.1m eta=31.8m
[karauri] retry 1/5 wait=0.5s: no short rows and no explicit no-short message
[karauri] retry 2/5 wait=1.0s: no short rows and no explicit no-short message
[karauri] retry 3/5 wait=2.0s: no short rows and no explicit no-short message
[karauri] retry 4/5 wait=4.0s: no short rows and no explicit no-short message
[karauri] retry 5/5 wait=8.0s: no short rows and no explicit no-short message
[karauri] retry 1/5 wait=0.5s: no short rows and no explicit no-short message
[karauri] retry 2/5 wait=1.0s: no short rows and no explicit no-short message
[karauri] retry 3/5 wait=2.0s: no short rows and no explicit no-short message
[karauri] retry 4/5 wait=4.0s: no short rows and no explicit no-short message
[karauri] retry 5/5 wait=8.0s: no short rows and no explicit no-short message
[karauri] retry 1/5 wait=0.5s: no short rows and no explicit no-short message
[karauri] retry 2/5 wait=1.0s: no short rows and no explicit no-short message
[karauri] retry 3/5 wait=2.0s: no short rows and no explicit no-short message
[karauri][PROGRESS] 1675/3587 rate=1.01/s elapsed=27.6m eta=31.5m
[karauri] retry 4/5 wait=4.0s: no short rows and no explicit no-short message
[karauri] retry 5/5 wait=8.0s: no short rows and no explicit no-short message
[karauri] retry 1/5 wait=0.5s: no short rows and no explicit no-short message
[karauri] retry 2/5 wait=1.0s: no short rows and no explicit no-short message
[karauri] retry 3/5 wait=2.0s: no short rows and no explicit no-short message
[karauri] retry 1/5 wait=0.5s: no short rows and no explicit no-short message
[karauri] retry 2/5 wait=1.0s: no short rows and no explicit no-short message
[karauri] retry 4/5 wait=4.0s: no short rows and no explicit no-short message
[karauri] retry 3/5 wait=2.0s: no short rows and no explicit no-short message
[karauri] retry 1/5 wait=0.5s: no short rows and no explicit no-short message
[karauri] retry 2/5 wait=1.0s: no short rows and no explicit no-short message
[karauri] retry 4/5 wait=4.0s: no short rows and no explicit no-short message
[karauri] retry 3/5 wait=2.0s: no short rows and no explicit no-short message
[karauri] retry 5/5 wait=8.0s: no short rows and no explicit no-short message
[karauri] retry 4/5 wait=4.0s: no short rows and no explicit no-short message
[karauri] retry 5/5 wait=8.0s: no short rows and no explicit no-short message
[karauri] retry 5/5 wait=8.0s: no short rows and no explicit no-short message
[karauri][PROGRESS] 1700/3587 rate=1.01/s elapsed=28.1m eta=31.2m
[karauri][COMMIT] 1700/3587 ok=1537 fail=163 no_short=0
[karauri] retry 1/5 wait=0.5s: no short rows and no explicit no-short message
[karauri] retry 1/5 wait=0.5s: no short rows and no explicit no-short message
[karauri] retry 2/5 wait=1.0s: no short rows and no explicit no-short message
[karauri] retry 2/5 wait=1.0s: no short rows and no explicit no-short message
[karauri] retry 1/5 wait=0.5s: no short rows and no explicit no-short message
[karauri] retry 1/5 wait=0.5s: no short rows and no explicit no-short message
[karauri] retry 3/5 wait=2.0s: no short rows and no explicit no-short message
[karauri] retry 2/5 wait=1.0s: no short rows and no explicit no-short message
[karauri] retry 3/5 wait=2.0s: no short rows and no explicit no-short message
[karauri] retry 2/5 wait=1.0s: no short rows and no explicit no-short message
[karauri] retry 3/5 wait=2.0s: no short rows and no explicit no-short message
[karauri] retry 3/5 wait=2.0s: no short rows and no explicit no-short message
[karauri] retry 4/5 wait=4.0s: no short rows and no explicit no-short message
[karauri] retry 4/5 wait=4.0s: no short rows and no explicit no-short message
[karauri] retry 4/5 wait=4.0s: no short rows and no explicit no-short message
[karauri] retry 4/5 wait=4.0s: no short rows and no explicit no-short message
[karauri] retry 5/5 wait=8.0s: no short rows and no explicit no-short message
[karauri] retry 5/5 wait=8.0s: no short rows and no explicit no-short message
[karauri] retry 5/5 wait=8.0s: no short rows and no explicit no-short message
[karauri] retry 5/5 wait=8.0s: no short rows and no explicit no-short message
[karauri] retry 1/5 wait=0.5s: no short rows and no explicit no-short message
[karauri][PROGRESS] 1725/3587 rate=1.01/s elapsed=28.5m eta=30.8m
[karauri] retry 2/5 wait=1.0s: no short rows and no explicit no-short message
[karauri] retry 3/5 wait=2.0s: no short rows and no explicit no-short message
[karauri] retry 4/5 wait=4.0s: no short rows and no explicit no-short message
[karauri] retry 5/5 wait=8.0s: no short rows and no explicit no-short message
[karauri] retry 1/5 wait=0.5s: no short rows and no explicit no-short message
[karauri] retry 1/5 wait=0.5s: no short rows and no explicit no-short message
[karauri] retry 2/5 wait=1.0s: no short rows and no explicit no-short message
[karauri] retry 1/5 wait=0.5s: no short rows and no explicit no-short message
[karauri] retry 2/5 wait=1.0s: no short rows and no explicit no-short message
[karauri] retry 3/5 wait=2.0s: no short rows and no explicit no-short message
[karauri] retry 2/5 wait=1.0s: no short rows and no explicit no-short message
[karauri] retry 3/5 wait=2.0s: no short rows and no explicit no-short message
[karauri] retry 3/5 wait=2.0s: no short rows and no explicit no-short message
[karauri] retry 1/5 wait=0.5s: no short rows and no explicit no-short message
[karauri] retry 4/5 wait=4.0s: no short rows and no explicit no-short message
[karauri] retry 2/5 wait=1.0s: no short rows and no explicit no-short message
[karauri] retry 4/5 wait=4.0s: no short rows and no explicit no-short message
[karauri] retry 4/5 wait=4.0s: no short rows and no explicit no-short message
[karauri] retry 3/5 wait=2.0s: no short rows and no explicit no-short message
[karauri] retry 1/5 wait=0.5s: no short rows and no explicit no-short message
[karauri] retry 4/5 wait=4.0s: no short rows and no explicit no-short message
[karauri] retry 2/5 wait=1.0s: no short rows and no explicit no-short message
[karauri] retry 5/5 wait=8.0s: no short rows and no explicit no-short message
[karauri] retry 5/5 wait=8.0s: no short rows and no explicit no-short message
[karauri] retry 3/5 wait=2.0s: no short rows and no explicit no-short message
[karauri] retry 5/5 wait=8.0s: no short rows and no explicit no-short message
[karauri] retry 4/5 wait=4.0s: no short rows and no explicit no-short message
[karauri] retry 5/5 wait=8.0s: no short rows and no explicit no-short message
[karauri] retry 5/5 wait=8.0s: no short rows and no explicit no-short message
[karauri][PROGRESS] 1750/3587 rate=1.01/s elapsed=29.0m eta=30.4m
[karauri] retry 1/5 wait=0.5s: no short rows and no explicit no-short message
[karauri] retry 2/5 wait=1.0s: no short rows and no explicit no-short message
[karauri] retry 3/5 wait=2.0s: no short rows and no explicit no-short message
[karauri] retry 1/5 wait=0.5s: no short rows and no explicit no-short message
[karauri] retry 2/5 wait=1.0s: no short rows and no explicit no-short message
[karauri] retry 3/5 wait=2.0s: no short rows and no explicit no-short message
[karauri] retry 4/5 wait=4.0s: no short rows and no explicit no-short message
[karauri] retry 1/5 wait=0.5s: no short rows and no explicit no-short message
[karauri] retry 1/5 wait=0.5s: no short rows and no explicit no-short message
[karauri] retry 4/5 wait=4.0s: no short rows and no explicit no-short message
[karauri] retry 2/5 wait=1.0s: no short rows and no explicit no-short message
[karauri] retry 2/5 wait=1.0s: no short rows and no explicit no-short message
[karauri] retry 3/5 wait=2.0s: no short rows and no explicit no-short message
[karauri] retry 3/5 wait=2.0s: no short rows and no explicit no-short message
[karauri] retry 5/5 wait=8.0s: no short rows and no explicit no-short message
[karauri] retry 1/5 wait=0.5s: no short rows and no explicit no-short message
[karauri] retry 2/5 wait=1.0s: no short rows and no explicit no-short message
[karauri] retry 4/5 wait=4.0s: no short rows and no explicit no-short message
[karauri] retry 4/5 wait=4.0s: no short rows and no explicit no-short message
[karauri] retry 5/5 wait=8.0s: no short rows and no explicit no-short message
[karauri] retry 3/5 wait=2.0s: no short rows and no explicit no-short message
[karauri] retry 4/5 wait=4.0s: no short rows and no explicit no-short message
[karauri] retry 5/5 wait=8.0s: no short rows and no explicit no-short message
[karauri] retry 5/5 wait=8.0s: no short rows and no explicit no-short message
[karauri] retry 5/5 wait=8.0s: no short rows and no explicit no-short message
[karauri][PROGRESS] 1775/3587 rate=1.01/s elapsed=29.3m eta=29.9m
[karauri] retry 1/5 wait=0.5s: no short rows and no explicit no-short message
[karauri] retry 1/5 wait=0.5s: no short rows and no explicit no-short message
[karauri] retry 2/5 wait=1.0s: no short rows and no explicit no-short message
[karauri] retry 3/5 wait=2.0s: no short rows and no explicit no-short message
[karauri] retry 4/5 wait=4.0s: no short rows and no explicit no-short message
[karauri] retry 5/5 wait=8.0s: no short rows and no explicit no-short message
[karauri][PROGRESS] 1800/3587 rate=1.01/s elapsed=29.7m eta=29.5m
[karauri][COMMIT] 1800/3587 ok=1621 fail=179 no_short=0
[karauri] retry 1/5 wait=0.5s: no short rows and no explicit no-short message
[karauri] retry 1/5 wait=0.5s: no short rows and no explicit no-short message
[karauri] retry 2/5 wait=1.0s: no short rows and no explicit no-short message
[karauri] retry 2/5 wait=1.0s: no short rows and no explicit no-short message
[karauri] retry 3/5 wait=2.0s: no short rows and no explicit no-short message
[karauri] retry 3/5 wait=2.0s: no short rows and no explicit no-short message
[karauri] retry 4/5 wait=4.0s: no short rows and no explicit no-short message
[karauri] retry 4/5 wait=4.0s: no short rows and no explicit no-short message
[karauri] retry 1/5 wait=0.5s: no short rows and no explicit no-short message
[karauri] retry 2/5 wait=1.0s: no short rows and no explicit no-short message
[karauri] retry 3/5 wait=2.0s: no short rows and no explicit no-short message
[karauri] retry 5/5 wait=8.0s: no short rows and no explicit no-short message
[karauri] retry 5/5 wait=8.0s: no short rows and no explicit no-short message
[karauri] retry 4/5 wait=4.0s: no short rows and no explicit no-short message
[karauri] retry 5/5 wait=8.0s: no short rows and no explicit no-short message
[karauri] retry 1/5 wait=0.5s: no short rows and no explicit no-short message
[karauri] retry 2/5 wait=1.0s: no short rows and no explicit no-short message
[karauri] retry 3/5 wait=2.0s: no short rows and no explicit no-short message
[karauri] retry 4/5 wait=4.0s: no short rows and no explicit no-short message
[karauri][PROGRESS] 1825/3587 rate=1.01/s elapsed=30.1m eta=29.0m
[karauri] retry 1/5 wait=0.5s: no short rows and no explicit no-short message
[karauri] retry 1/5 wait=0.5s: no short rows and no explicit no-short message
[karauri] retry 1/5 wait=0.5s: no short rows and no explicit no-short message
[karauri] retry 2/5 wait=1.0s: no short rows and no explicit no-short message
[karauri] retry 2/5 wait=1.0s: no short rows and no explicit no-short message
[karauri] retry 2/5 wait=1.0s: no short rows and no explicit no-short message
[karauri] retry 3/5 wait=2.0s: no short rows and no explicit no-short message
[karauri] retry 3/5 wait=2.0s: no short rows and no explicit no-short message
[karauri] retry 3/5 wait=2.0s: no short rows and no explicit no-short message
[karauri] retry 1/5 wait=0.5s: no short rows and no explicit no-short message
[karauri] retry 5/5 wait=8.0s: no short rows and no explicit no-short message
[karauri] retry 2/5 wait=1.0s: no short rows and no explicit no-short message
[karauri] retry 4/5 wait=4.0s: no short rows and no explicit no-short message
[karauri] retry 4/5 wait=4.0s: no short rows and no explicit no-short message
[karauri] retry 3/5 wait=2.0s: no short rows and no explicit no-short message
[karauri] retry 4/5 wait=4.0s: no short rows and no explicit no-short message
[karauri] retry 4/5 wait=4.0s: no short rows and no explicit no-short message
[karauri] retry 5/5 wait=8.0s: no short rows and no explicit no-short message
[karauri] retry 5/5 wait=8.0s: no short rows and no explicit no-short message
[karauri] retry 5/5 wait=8.0s: no short rows and no explicit no-short message
[karauri] retry 5/5 wait=8.0s: no short rows and no explicit no-short message
[karauri] retry 1/5 wait=0.5s: no short rows and no explicit no-short message
[karauri] retry 2/5 wait=1.0s: no short rows and no explicit no-short message
[karauri] retry 1/5 wait=0.5s: no short rows and no explicit no-short message
[karauri][PROGRESS] 1850/3587 rate=1.01/s elapsed=30.4m eta=28.6m
[karauri] retry 2/5 wait=1.0s: no short rows and no explicit no-short message
[karauri] retry 3/5 wait=2.0s: no short rows and no explicit no-short message
[karauri] retry 3/5 wait=2.0s: no short rows and no explicit no-short message
[karauri] retry 4/5 wait=4.0s: no short rows and no explicit no-short message
[karauri] retry 4/5 wait=4.0s: no short rows and no explicit no-short message
[karauri] retry 5/5 wait=8.0s: no short rows and no explicit no-short message
[karauri] retry 5/5 wait=8.0s: no short rows and no explicit no-short message
[karauri] retry 1/5 wait=0.5s: no short rows and no explicit no-short message
[karauri] retry 2/5 wait=1.0s: no short rows and no explicit no-short message
[karauri] retry 1/5 wait=0.5s: no short rows and no explicit no-short message
[karauri] retry 3/5 wait=2.0s: no short rows and no explicit no-short message
[karauri] retry 1/5 wait=0.5s: no short rows and no explicit no-short message
[karauri] retry 2/5 wait=1.0s: no short rows and no explicit no-short message
[karauri] retry 2/5 wait=1.0s: no short rows and no explicit no-short message
[karauri] retry 3/5 wait=2.0s: no short rows and no explicit no-short message
[karauri] retry 3/5 wait=2.0s: no short rows and no explicit no-short message
[karauri] retry 4/5 wait=4.0s: no short rows and no explicit no-short message
[karauri] retry 1/5 wait=0.5s: no short rows and no explicit no-short message
[karauri] retry 2/5 wait=1.0s: no short rows and no explicit no-short message
[karauri] retry 4/5 wait=4.0s: no short rows and no explicit no-short message
[karauri] retry 4/5 wait=4.0s: no short rows and no explicit no-short message
[karauri] retry 3/5 wait=2.0s: no short rows and no explicit no-short message
[karauri] retry 5/5 wait=8.0s: no short rows and no explicit no-short message
[karauri] retry 4/5 wait=4.0s: no short rows and no explicit no-short message
[karauri] retry 5/5 wait=8.0s: no short rows and no explicit no-short message
[karauri] retry 5/5 wait=8.0s: no short rows and no explicit no-short message
[karauri] retry 1/5 wait=0.5s: no short rows and no explicit no-short message
[karauri] retry 2/5 wait=1.0s: no short rows and no explicit no-short message
[karauri] retry 5/5 wait=8.0s: no short rows and no explicit no-short message
[karauri] retry 3/5 wait=2.0s: no short rows and no explicit no-short message
[karauri][PROGRESS] 1875/3587 rate=1.01/s elapsed=30.9m eta=28.2m
[karauri] retry 4/5 wait=4.0s: no short rows and no explicit no-short message
[karauri] retry 5/5 wait=8.0s: no short rows and no explicit no-short message
[karauri] retry 1/5 wait=0.5s: no short rows and no explicit no-short message
[karauri] retry 2/5 wait=1.0s: no short rows and no explicit no-short message
[karauri] retry 3/5 wait=2.0s: no short rows and no explicit no-short message
[karauri] retry 1/5 wait=0.5s: no short rows and no explicit no-short message
[karauri] retry 2/5 wait=1.0s: no short rows and no explicit no-short message
[karauri] retry 4/5 wait=4.0s: no short rows and no explicit no-short message
[karauri] retry 3/5 wait=2.0s: no short rows and no explicit no-short message
[karauri] retry 4/5 wait=4.0s: no short rows and no explicit no-short message
[karauri] retry 1/5 wait=0.5s: no short rows and no explicit no-short message
[karauri] retry 2/5 wait=1.0s: no short rows and no explicit no-short message
[karauri] retry 5/5 wait=8.0s: no short rows and no explicit no-short message
[karauri] retry 3/5 wait=2.0s: no short rows and no explicit no-short message
[karauri] retry 5/5 wait=8.0s: no short rows and no explicit no-short message
[karauri] retry 4/5 wait=4.0s: no short rows and no explicit no-short message
[karauri] retry 5/5 wait=8.0s: no short rows and no explicit no-short message
[karauri][PROGRESS] 1900/3587 rate=1.01/s elapsed=31.4m eta=27.9m
[karauri][COMMIT] 1900/3587 ok=1703 fail=197 no_short=0
[karauri] retry 1/5 wait=0.5s: no short rows and no explicit no-short message
[karauri] retry 2/5 wait=1.0s: no short rows and no explicit no-short message
[karauri] retry 1/5 wait=0.5s: no short rows and no explicit no-short message
[karauri] retry 3/5 wait=2.0s: no short rows and no explicit no-short message
[karauri] retry 2/5 wait=1.0s: no short rows and no explicit no-short message
[karauri] retry 3/5 wait=2.0s: no short rows and no explicit no-short message
[karauri] retry 4/5 wait=4.0s: no short rows and no explicit no-short message
[karauri] retry 4/5 wait=4.0s: no short rows and no explicit no-short message
[karauri] retry 5/5 wait=8.0s: no short rows and no explicit no-short message
[karauri] retry 5/5 wait=8.0s: no short rows and no explicit no-short message
[karauri] retry 1/5 wait=0.5s: no short rows and no explicit no-short message
[karauri] retry 2/5 wait=1.0s: no short rows and no explicit no-short message
[karauri] retry 3/5 wait=2.0s: no short rows and no explicit no-short message
[karauri] retry 4/5 wait=4.0s: no short rows and no explicit no-short message
[karauri] retry 5/5 wait=8.0s: no short rows and no explicit no-short message
[karauri] retry 1/5 wait=0.5s: no short rows and no explicit no-short message
[karauri][PROGRESS] 1925/3587 rate=1.01/s elapsed=31.8m eta=27.5m
[karauri] retry 2/5 wait=1.0s: no short rows and no explicit no-short message
[karauri] retry 1/5 wait=0.5s: no short rows and no explicit no-short message
[karauri] retry 2/5 wait=1.0s: no short rows and no explicit no-short message
[karauri] retry 3/5 wait=2.0s: no short rows and no explicit no-short message
[karauri] retry 3/5 wait=2.0s: no short rows and no explicit no-short message
[karauri] retry 4/5 wait=4.0s: no short rows and no explicit no-short message
[karauri] retry 1/5 wait=0.5s: no short rows and no explicit no-short message
[karauri] retry 4/5 wait=4.0s: no short rows and no explicit no-short message
[karauri] retry 2/5 wait=1.0s: no short rows and no explicit no-short message
[karauri] retry 3/5 wait=2.0s: no short rows and no explicit no-short message
[karauri] retry 5/5 wait=8.0s: no short rows and no explicit no-short message
[karauri] retry 4/5 wait=4.0s: no short rows and no explicit no-short message
[karauri] retry 5/5 wait=8.0s: no short rows and no explicit no-short message
[karauri] retry 1/5 wait=0.5s: no short rows and no explicit no-short message
[karauri] retry 2/5 wait=1.0s: no short rows and no explicit no-short message
[karauri] retry 3/5 wait=2.0s: no short rows and no explicit no-short message
[karauri] retry 5/5 wait=8.0s: no short rows and no explicit no-short message
[karauri] retry 4/5 wait=4.0s: no short rows and no explicit no-short message
[karauri] retry 1/5 wait=0.5s: no short rows and no explicit no-short message
[karauri][PROGRESS] 1950/3587 rate=1.01/s elapsed=32.1m eta=27.0m
[karauri] retry 2/5 wait=1.0s: no short rows and no explicit no-short message
[karauri] retry 5/5 wait=8.0s: no short rows and no explicit no-short message
[karauri] retry 3/5 wait=2.0s: no short rows and no explicit no-short message
[karauri] retry 1/5 wait=0.5s: no short rows and no explicit no-short message
[karauri] retry 2/5 wait=1.0s: no short rows and no explicit no-short message
[karauri] retry 4/5 wait=4.0s: no short rows and no explicit no-short message
[karauri] retry 3/5 wait=2.0s: no short rows and no explicit no-short message
[karauri] retry 1/5 wait=0.5s: no short rows and no explicit no-short message
[karauri] retry 4/5 wait=4.0s: no short rows and no explicit no-short message
[karauri] retry 2/5 wait=1.0s: no short rows and no explicit no-short message
[karauri] retry 5/5 wait=8.0s: no short rows and no explicit no-short message
[karauri] retry 3/5 wait=2.0s: no short rows and no explicit no-short message
[karauri] retry 4/5 wait=4.0s: no short rows and no explicit no-short message
[karauri] retry 5/5 wait=8.0s: no short rows and no explicit no-short message
[karauri] retry 1/5 wait=0.5s: no short rows and no explicit no-short message
[karauri] retry 1/5 wait=0.5s: no short rows and no explicit no-short message
[karauri] retry 2/5 wait=1.0s: no short rows and no explicit no-short message
[karauri] retry 2/5 wait=1.0s: no short rows and no explicit no-short message
[karauri] retry 1/5 wait=0.5s: no short rows and no explicit no-short message
[karauri] retry 3/5 wait=2.0s: no short rows and no explicit no-short message
[karauri] retry 3/5 wait=2.0s: no short rows and no explicit no-short message
[karauri] retry 2/5 wait=1.0s: no short rows and no explicit no-short message
[karauri] retry 5/5 wait=8.0s: no short rows and no explicit no-short message
[karauri] retry 3/5 wait=2.0s: no short rows and no explicit no-short message
[karauri] retry 1/5 wait=0.5s: no short rows and no explicit no-short message
[karauri] retry 4/5 wait=4.0s: no short rows and no explicit no-short message
[karauri] retry 1/5 wait=0.5s: no short rows and no explicit no-short message
[karauri] retry 4/5 wait=4.0s: no short rows and no explicit no-short message
[karauri] retry 2/5 wait=1.0s: no short rows and no explicit no-short message
[karauri] retry 2/5 wait=1.0s: no short rows and no explicit no-short message
[karauri] retry 4/5 wait=4.0s: no short rows and no explicit no-short message
[karauri] retry 3/5 wait=2.0s: no short rows and no explicit no-short message
[karauri] retry 3/5 wait=2.0s: no short rows and no explicit no-short message
[karauri] retry 4/5 wait=4.0s: no short rows and no explicit no-short message
[karauri] retry 5/5 wait=8.0s: no short rows and no explicit no-short message
[karauri] retry 4/5 wait=4.0s: no short rows and no explicit no-short message
[karauri] retry 5/5 wait=8.0s: no short rows and no explicit no-short message
[karauri] retry 5/5 wait=8.0s: no short rows and no explicit no-short message
[karauri] retry 1/5 wait=0.5s: no short rows and no explicit no-short message
[karauri] retry 2/5 wait=1.0s: no short rows and no explicit no-short message
[karauri] retry 5/5 wait=8.0s: no short rows and no explicit no-short message
[karauri] retry 5/5 wait=8.0s: no short rows and no explicit no-short message
[karauri][PROGRESS] 1975/3587 rate=1.01/s elapsed=32.6m eta=26.6m
[karauri] retry 3/5 wait=2.0s: no short rows and no explicit no-short message
[karauri] retry 4/5 wait=4.0s: no short rows and no explicit no-short message
[karauri] retry 1/5 wait=0.5s: no short rows and no explicit no-short message
[karauri] retry 2/5 wait=1.0s: no short rows and no explicit no-short message
[karauri] retry 3/5 wait=2.0s: no short rows and no explicit no-short message
[karauri] retry 5/5 wait=8.0s: no short rows and no explicit no-short message
[karauri] retry 4/5 wait=4.0s: no short rows and no explicit no-short message
[karauri] retry 5/5 wait=8.0s: no short rows and no explicit no-short message
[karauri] retry 1/5 wait=0.5s: no short rows and no explicit no-short message
[karauri] retry 1/5 wait=0.5s: no short rows and no explicit no-short message
[karauri] retry 2/5 wait=1.0s: no short rows and no explicit no-short message
[karauri] retry 2/5 wait=1.0s: no short rows and no explicit no-short message
[karauri] retry 3/5 wait=2.0s: no short rows and no explicit no-short message
[karauri] retry 3/5 wait=2.0s: no short rows and no explicit no-short message
[karauri] retry 1/5 wait=0.5s: no short rows and no explicit no-short message
[karauri] retry 2/5 wait=1.0s: no short rows and no explicit no-short message
[karauri] retry 4/5 wait=4.0s: no short rows and no explicit no-short message
[karauri] retry 4/5 wait=4.0s: no short rows and no explicit no-short message
[karauri] retry 3/5 wait=2.0s: no short rows and no explicit no-short message
[karauri] retry 4/5 wait=4.0s: no short rows and no explicit no-short message
[karauri] retry 5/5 wait=8.0s: no short rows and no explicit no-short message
[karauri] retry 5/5 wait=8.0s: no short rows and no explicit no-short message
[karauri] retry 5/5 wait=8.0s: no short rows and no explicit no-short message
[karauri][PROGRESS] 2000/3587 rate=1.01/s elapsed=33.1m eta=26.3m
[karauri][COMMIT] 2000/3587 ok=1783 fail=217 no_short=0
[karauri] retry 1/5 wait=0.5s: no short rows and no explicit no-short message
[karauri] retry 1/5 wait=0.5s: no short rows and no explicit no-short message
[karauri] retry 2/5 wait=1.0s: no short rows and no explicit no-short message
[karauri] retry 2/5 wait=1.0s: no short rows and no explicit no-short message
[karauri] retry 3/5 wait=2.0s: no short rows and no explicit no-short message
[karauri] retry 3/5 wait=2.0s: no short rows and no explicit no-short message
[karauri] retry 4/5 wait=4.0s: no short rows and no explicit no-short message
[karauri] retry 4/5 wait=4.0s: no short rows and no explicit no-short message
[karauri] retry 1/5 wait=0.5s: no short rows and no explicit no-short message
[karauri] retry 5/5 wait=8.0s: no short rows and no explicit no-short message
[karauri] retry 5/5 wait=8.0s: no short rows and no explicit no-short message
[karauri] retry 2/5 wait=1.0s: no short rows and no explicit no-short message
[karauri] retry 3/5 wait=2.0s: no short rows and no explicit no-short message
[karauri] retry 4/5 wait=4.0s: no short rows and no explicit no-short message
[karauri] retry 5/5 wait=8.0s: no short rows and no explicit no-short message
[karauri] retry 1/5 wait=0.5s: no short rows and no explicit no-short message
[karauri][PROGRESS] 2025/3587 rate=1.01/s elapsed=33.5m eta=25.9m
[karauri] retry 2/5 wait=1.0s: no short rows and no explicit no-short message
[karauri] retry 3/5 wait=2.0s: no short rows and no explicit no-short message
[karauri] retry 4/5 wait=4.0s: no short rows and no explicit no-short message
[karauri] retry 1/5 wait=0.5s: no short rows and no explicit no-short message
[karauri] retry 2/5 wait=1.0s: no short rows and no explicit no-short message
[karauri] retry 3/5 wait=2.0s: no short rows and no explicit no-short message
[karauri] retry 5/5 wait=8.0s: no short rows and no explicit no-short message
[karauri] retry 4/5 wait=4.0s: no short rows and no explicit no-short message
[karauri] retry 1/5 wait=0.5s: no short rows and no explicit no-short message
[karauri] retry 2/5 wait=1.0s: no short rows and no explicit no-short message
[karauri] retry 1/5 wait=0.5s: no short rows and no explicit no-short message
[karauri] retry 3/5 wait=2.0s: no short rows and no explicit no-short message
[karauri] retry 2/5 wait=1.0s: no short rows and no explicit no-short message
[karauri] retry 5/5 wait=8.0s: no short rows and no explicit no-short message
[karauri] retry 3/5 wait=2.0s: no short rows and no explicit no-short message
[karauri] retry 1/5 wait=0.5s: no short rows and no explicit no-short message
[karauri] retry 4/5 wait=4.0s: no short rows and no explicit no-short message
[karauri] retry 2/5 wait=1.0s: no short rows and no explicit no-short message
[karauri][PROGRESS] 2050/3587 rate=1.01/s elapsed=33.8m eta=25.4m
[karauri] retry 1/5 wait=0.5s: no short rows and no explicit no-short message
[karauri] retry 1/5 wait=0.5s: no short rows and no explicit no-short message
[karauri] retry 4/5 wait=4.0s: no short rows and no explicit no-short message
[karauri] retry 2/5 wait=1.0s: no short rows and no explicit no-short message
[karauri] retry 3/5 wait=2.0s: no short rows and no explicit no-short message
[karauri] retry 2/5 wait=1.0s: no short rows and no explicit no-short message
[karauri] retry 3/5 wait=2.0s: no short rows and no explicit no-short message
[karauri] retry 3/5 wait=2.0s: no short rows and no explicit no-short message
[karauri] retry 4/5 wait=4.0s: no short rows and no explicit no-short message
[karauri] retry 5/5 wait=8.0s: no short rows and no explicit no-short message
[karauri] retry 4/5 wait=4.0s: no short rows and no explicit no-short message
[karauri] retry 4/5 wait=4.0s: no short rows and no explicit no-short message
[karauri] retry 5/5 wait=8.0s: no short rows and no explicit no-short message
[karauri] retry 5/5 wait=8.0s: no short rows and no explicit no-short message
[karauri] retry 5/5 wait=8.0s: no short rows and no explicit no-short message
[karauri] retry 5/5 wait=8.0s: no short rows and no explicit no-short message
[karauri] retry 1/5 wait=0.5s: no short rows and no explicit no-short message
[karauri] retry 2/5 wait=1.0s: no short rows and no explicit no-short message
[karauri] retry 3/5 wait=2.0s: no short rows and no explicit no-short message
[karauri] retry 4/5 wait=4.0s: no short rows and no explicit no-short message
[karauri] retry 1/5 wait=0.5s: no short rows and no explicit no-short message
[karauri] retry 2/5 wait=1.0s: no short rows and no explicit no-short message
[karauri] retry 3/5 wait=2.0s: no short rows and no explicit no-short message
[karauri] retry 5/5 wait=8.0s: no short rows and no explicit no-short message
[karauri] retry 4/5 wait=4.0s: no short rows and no explicit no-short message
[karauri] retry 5/5 wait=8.0s: no short rows and no explicit no-short message
[karauri][PROGRESS] 2075/3587 rate=1.01/s elapsed=34.3m eta=25.0m
[karauri] retry 1/5 wait=0.5s: no short rows and no explicit no-short message
[karauri] retry 2/5 wait=1.0s: no short rows and no explicit no-short message
[karauri] retry 3/5 wait=2.0s: no short rows and no explicit no-short message
[karauri] retry 1/5 wait=0.5s: no short rows and no explicit no-short message
[karauri] retry 2/5 wait=1.0s: no short rows and no explicit no-short message
[karauri] retry 3/5 wait=2.0s: no short rows and no explicit no-short message
[karauri] retry 4/5 wait=4.0s: no short rows and no explicit no-short message
[karauri] retry 4/5 wait=4.0s: no short rows and no explicit no-short message
[karauri] retry 1/5 wait=0.5s: no short rows and no explicit no-short message
[karauri] retry 2/5 wait=1.0s: no short rows and no explicit no-short message
[karauri] retry 5/5 wait=8.0s: no short rows and no explicit no-short message
[karauri] retry 3/5 wait=2.0s: no short rows and no explicit no-short message
[karauri] retry 5/5 wait=8.0s: no short rows and no explicit no-short message
[karauri] retry 4/5 wait=4.0s: no short rows and no explicit no-short message
[karauri] retry 5/5 wait=8.0s: no short rows and no explicit no-short message
[karauri][PROGRESS] 2100/3587 rate=1.01/s elapsed=34.8m eta=24.6m
[karauri][COMMIT] 2100/3587 ok=1868 fail=232 no_short=0
[karauri] retry 1/5 wait=0.5s: no short rows and no explicit no-short message
[karauri] retry 2/5 wait=1.0s: no short rows and no explicit no-short message
[karauri] retry 3/5 wait=2.0s: no short rows and no explicit no-short message
[karauri] retry 4/5 wait=4.0s: no short rows and no explicit no-short message
[karauri] retry 1/5 wait=0.5s: no short rows and no explicit no-short message
[karauri] retry 2/5 wait=1.0s: no short rows and no explicit no-short message
[karauri] retry 3/5 wait=2.0s: no short rows and no explicit no-short message
[karauri] retry 5/5 wait=8.0s: no short rows and no explicit no-short message
[karauri] retry 4/5 wait=4.0s: no short rows and no explicit no-short message
[karauri] retry 5/5 wait=8.0s: no short rows and no explicit no-short message
[karauri] retry 1/5 wait=0.5s: no short rows and no explicit no-short message
[karauri] retry 2/5 wait=1.0s: no short rows and no explicit no-short message
[karauri] retry 3/5 wait=2.0s: no short rows and no explicit no-short message
[karauri] retry 1/5 wait=0.5s: no short rows and no explicit no-short message
[karauri] retry 2/5 wait=1.0s: no short rows and no explicit no-short message
[karauri] retry 4/5 wait=4.0s: no short rows and no explicit no-short message
[karauri] retry 3/5 wait=2.0s: no short rows and no explicit no-short message
[karauri] retry 4/5 wait=4.0s: no short rows and no explicit no-short message
[karauri] retry 5/5 wait=8.0s: no short rows and no explicit no-short message
[karauri][PROGRESS] 2125/3587 rate=1.01/s elapsed=35.2m eta=24.2m
[karauri] retry 5/5 wait=8.0s: no short rows and no explicit no-short message
[karauri] retry 1/5 wait=0.5s: no short rows and no explicit no-short message
[karauri] retry 2/5 wait=1.0s: no short rows and no explicit no-short message
[karauri] retry 3/5 wait=2.0s: no short rows and no explicit no-short message
[karauri] retry 4/5 wait=4.0s: no short rows and no explicit no-short message
[karauri] retry 5/5 wait=8.0s: no short rows and no explicit no-short message
[karauri] retry 1/5 wait=0.5s: no short rows and no explicit no-short message
[karauri] retry 2/5 wait=1.0s: no short rows and no explicit no-short message
[karauri] retry 3/5 wait=2.0s: no short rows and no explicit no-short message
[karauri] retry 4/5 wait=4.0s: no short rows and no explicit no-short message
[karauri] retry 1/5 wait=0.5s: no short rows and no explicit no-short message
[karauri] retry 1/5 wait=0.5s: no short rows and no explicit no-short message
[karauri] retry 2/5 wait=1.0s: no short rows and no explicit no-short message
[karauri] retry 2/5 wait=1.0s: no short rows and no explicit no-short message
[karauri] retry 3/5 wait=2.0s: no short rows and no explicit no-short message
[karauri] retry 3/5 wait=2.0s: no short rows and no explicit no-short message
[karauri] retry 5/5 wait=8.0s: no short rows and no explicit no-short message
[karauri][PROGRESS] 2150/3587 rate=1.01/s elapsed=35.6m eta=23.8m
[karauri] retry 1/5 wait=0.5s: no short rows and no explicit no-short message
[karauri] retry 4/5 wait=4.0s: no short rows and no explicit no-short message
[karauri] retry 2/5 wait=1.0s: no short rows and no explicit no-short message
[karauri] retry 4/5 wait=4.0s: no short rows and no explicit no-short message
[karauri] retry 3/5 wait=2.0s: no short rows and no explicit no-short message
[karauri] retry 4/5 wait=4.0s: no short rows and no explicit no-short message
[karauri] retry 5/5 wait=8.0s: no short rows and no explicit no-short message
[karauri] retry 5/5 wait=8.0s: no short rows and no explicit no-short message
[karauri] retry 5/5 wait=8.0s: no short rows and no explicit no-short message
[karauri] retry 1/5 wait=0.5s: no short rows and no explicit no-short message
[karauri] retry 2/5 wait=1.0s: no short rows and no explicit no-short message
[karauri] retry 1/5 wait=0.5s: no short rows and no explicit no-short message
[karauri] retry 3/5 wait=2.0s: no short rows and no explicit no-short message
[karauri] retry 2/5 wait=1.0s: no short rows and no explicit no-short message
[karauri] retry 1/5 wait=0.5s: no short rows and no explicit no-short message
[karauri] retry 1/5 wait=0.5s: no short rows and no explicit no-short message
[karauri] retry 2/5 wait=1.0s: no short rows and no explicit no-short message
[karauri] retry 3/5 wait=2.0s: no short rows and no explicit no-short message
[karauri] retry 4/5 wait=4.0s: no short rows and no explicit no-short message
[karauri] retry 2/5 wait=1.0s: no short rows and no explicit no-short message
[karauri] retry 3/5 wait=2.0s: no short rows and no explicit no-short message
[karauri] retry 3/5 wait=2.0s: no short rows and no explicit no-short message
[karauri] retry 4/5 wait=4.0s: no short rows and no explicit no-short message
[karauri] retry 4/5 wait=4.0s: no short rows and no explicit no-short message
[karauri][PROGRESS] 2175/3587 rate=1.01/s elapsed=36.0m eta=23.4m
[karauri] retry 4/5 wait=4.0s: no short rows and no explicit no-short message
[karauri] retry 1/5 wait=0.5s: no short rows and no explicit no-short message
[karauri] retry 5/5 wait=8.0s: no short rows and no explicit no-short message
[karauri] retry 1/5 wait=0.5s: no short rows and no explicit no-short message
[karauri] retry 2/5 wait=1.0s: no short rows and no explicit no-short message
[karauri] retry 2/5 wait=1.0s: no short rows and no explicit no-short message
[karauri] retry 3/5 wait=2.0s: no short rows and no explicit no-short message
[karauri] retry 5/5 wait=8.0s: no short rows and no explicit no-short message
[karauri] retry 3/5 wait=2.0s: no short rows and no explicit no-short message
[karauri] retry 5/5 wait=8.0s: no short rows and no explicit no-short message
[karauri] retry 5/5 wait=8.0s: no short rows and no explicit no-short message
[karauri] retry 4/5 wait=4.0s: no short rows and no explicit no-short message
[karauri] retry 4/5 wait=4.0s: no short rows and no explicit no-short message
[karauri] retry 5/5 wait=8.0s: no short rows and no explicit no-short message
[karauri] retry 5/5 wait=8.0s: no short rows and no explicit no-short message
[karauri][PROGRESS] 2200/3587 rate=1.01/s elapsed=36.4m eta=22.9m
[karauri][COMMIT] 2200/3587 ok=1953 fail=247 no_short=0
[karauri] retry 1/5 wait=0.5s: no short rows and no explicit no-short message
[karauri] retry 1/5 wait=0.5s: no short rows and no explicit no-short message
[karauri] retry 2/5 wait=1.0s: no short rows and no explicit no-short message
[karauri] retry 2/5 wait=1.0s: no short rows and no explicit no-short message
[karauri] retry 3/5 wait=2.0s: no short rows and no explicit no-short message
[karauri] retry 3/5 wait=2.0s: no short rows and no explicit no-short message
[karauri] retry 4/5 wait=4.0s: no short rows and no explicit no-short message
[karauri] retry 4/5 wait=4.0s: no short rows and no explicit no-short message
[karauri] retry 1/5 wait=0.5s: no short rows and no explicit no-short message
[karauri] retry 2/5 wait=1.0s: no short rows and no explicit no-short message
[karauri] retry 5/5 wait=8.0s: no short rows and no explicit no-short message
[karauri] retry 5/5 wait=8.0s: no short rows and no explicit no-short message
[karauri] retry 3/5 wait=2.0s: no short rows and no explicit no-short message
[karauri] retry 1/5 wait=0.5s: no short rows and no explicit no-short message
[karauri] retry 4/5 wait=4.0s: no short rows and no explicit no-short message
[karauri] retry 2/5 wait=1.0s: no short rows and no explicit no-short message
[karauri] retry 1/5 wait=0.5s: no short rows and no explicit no-short message
[karauri] retry 2/5 wait=1.0s: no short rows and no explicit no-short message
[karauri] retry 3/5 wait=2.0s: no short rows and no explicit no-short message
[karauri] retry 3/5 wait=2.0s: no short rows and no explicit no-short message
[karauri] retry 1/5 wait=0.5s: no short rows and no explicit no-short message
[karauri] retry 4/5 wait=4.0s: no short rows and no explicit no-short message
[karauri] retry 5/5 wait=8.0s: no short rows and no explicit no-short message
[karauri] retry 2/5 wait=1.0s: no short rows and no explicit no-short message
[karauri] retry 4/5 wait=4.0s: no short rows and no explicit no-short message
[karauri] retry 3/5 wait=2.0s: no short rows and no explicit no-short message
[karauri] retry 1/5 wait=0.5s: no short rows and no explicit no-short message
[karauri] retry 4/5 wait=4.0s: no short rows and no explicit no-short message
[karauri] retry 5/5 wait=8.0s: no short rows and no explicit no-short message
[karauri] retry 2/5 wait=1.0s: no short rows and no explicit no-short message
[karauri] retry 5/5 wait=8.0s: no short rows and no explicit no-short message
[karauri] retry 3/5 wait=2.0s: no short rows and no explicit no-short message
[karauri] retry 4/5 wait=4.0s: no short rows and no explicit no-short message
[karauri] retry 5/5 wait=8.0s: no short rows and no explicit no-short message
[karauri][PROGRESS] 2225/3587 rate=1.01/s elapsed=36.8m eta=22.5m
[karauri] retry 5/5 wait=8.0s: no short rows and no explicit no-short message
[karauri] retry 1/5 wait=0.5s: no short rows and no explicit no-short message
[karauri] retry 2/5 wait=1.0s: no short rows and no explicit no-short message
[karauri] retry 3/5 wait=2.0s: no short rows and no explicit no-short message
[karauri] retry 4/5 wait=4.0s: no short rows and no explicit no-short message
[karauri] retry 5/5 wait=8.0s: no short rows and no explicit no-short message
[karauri] retry 1/5 wait=0.5s: no short rows and no explicit no-short message
[karauri] retry 2/5 wait=1.0s: no short rows and no explicit no-short message
[karauri] retry 3/5 wait=2.0s: no short rows and no explicit no-short message
[karauri] retry 4/5 wait=4.0s: no short rows and no explicit no-short message
[karauri][PROGRESS] 2250/3587 rate=1.01/s elapsed=37.2m eta=22.1m
[karauri] retry 1/5 wait=0.5s: no short rows and no explicit no-short message
[karauri] retry 2/5 wait=1.0s: no short rows and no explicit no-short message
[karauri] retry 1/5 wait=0.5s: no short rows and no explicit no-short message
[karauri] retry 2/5 wait=1.0s: no short rows and no explicit no-short message
[karauri] retry 5/5 wait=8.0s: no short rows and no explicit no-short message
[karauri] retry 3/5 wait=2.0s: no short rows and no explicit no-short message
[karauri] retry 3/5 wait=2.0s: no short rows and no explicit no-short message
[karauri] retry 1/5 wait=0.5s: no short rows and no explicit no-short message
[karauri] retry 1/5 wait=0.5s: no short rows and no explicit no-short message
[karauri] retry 4/5 wait=4.0s: no short rows and no explicit no-short message
[karauri] retry 2/5 wait=1.0s: no short rows and no explicit no-short message
[karauri] retry 2/5 wait=1.0s: no short rows and no explicit no-short message
[karauri] retry 4/5 wait=4.0s: no short rows and no explicit no-short message
[karauri] retry 3/5 wait=2.0s: no short rows and no explicit no-short message
[karauri] retry 3/5 wait=2.0s: no short rows and no explicit no-short message
[karauri] retry 4/5 wait=4.0s: no short rows and no explicit no-short message
[karauri] retry 4/5 wait=4.0s: no short rows and no explicit no-short message
[karauri] retry 5/5 wait=8.0s: no short rows and no explicit no-short message
[karauri] retry 5/5 wait=8.0s: no short rows and no explicit no-short message
[karauri] retry 1/5 wait=0.5s: no short rows and no explicit no-short message
[karauri] retry 1/5 wait=0.5s: no short rows and no explicit no-short message
[karauri] retry 2/5 wait=1.0s: no short rows and no explicit no-short message
[karauri] retry 2/5 wait=1.0s: no short rows and no explicit no-short message
[karauri] retry 1/5 wait=0.5s: no short rows and no explicit no-short message
[karauri] retry 3/5 wait=2.0s: no short rows and no explicit no-short message
[karauri] retry 2/5 wait=1.0s: no short rows and no explicit no-short message
[karauri] retry 3/5 wait=2.0s: no short rows and no explicit no-short message
[karauri] retry 5/5 wait=8.0s: no short rows and no explicit no-short message
[karauri] retry 5/5 wait=8.0s: no short rows and no explicit no-short message
[karauri] retry 3/5 wait=2.0s: no short rows and no explicit no-short message
[karauri] retry 4/5 wait=4.0s: no short rows and no explicit no-short message
[karauri] retry 4/5 wait=4.0s: no short rows and no explicit no-short message
[karauri] retry 4/5 wait=4.0s: no short rows and no explicit no-short message
[karauri] retry 5/5 wait=8.0s: no short rows and no explicit no-short message
[karauri] retry 5/5 wait=8.0s: no short rows and no explicit no-short message
[karauri] retry 5/5 wait=8.0s: no short rows and no explicit no-short message
[karauri][PROGRESS] 2275/3587 rate=1.01/s elapsed=37.6m eta=21.7m
[karauri] retry 1/5 wait=0.5s: no short rows and no explicit no-short message
[karauri] retry 2/5 wait=1.0s: no short rows and no explicit no-short message
[karauri] retry 3/5 wait=2.0s: no short rows and no explicit no-short message
[karauri] retry 1/5 wait=0.5s: no short rows and no explicit no-short message
[karauri] retry 2/5 wait=1.0s: no short rows and no explicit no-short message
[karauri] retry 1/5 wait=0.5s: no short rows and no explicit no-short message
[karauri] retry 3/5 wait=2.0s: no short rows and no explicit no-short message
[karauri] retry 4/5 wait=4.0s: no short rows and no explicit no-short message
[karauri] retry 2/5 wait=1.0s: no short rows and no explicit no-short message
[karauri] retry 3/5 wait=2.0s: no short rows and no explicit no-short message
[karauri] retry 4/5 wait=4.0s: no short rows and no explicit no-short message
[karauri] retry 4/5 wait=4.0s: no short rows and no explicit no-short message
[karauri] retry 5/5 wait=8.0s: no short rows and no explicit no-short message
[karauri] retry 5/5 wait=8.0s: no short rows and no explicit no-short message
[karauri] retry 5/5 wait=8.0s: no short rows and no explicit no-short message
[karauri][PROGRESS] 2300/3587 rate=1.01/s elapsed=38.1m eta=21.3m
[karauri][COMMIT] 2300/3587 ok=2034 fail=266 no_short=0
[karauri] retry 1/5 wait=0.5s: no short rows and no explicit no-short message
[karauri] retry 2/5 wait=1.0s: no short rows and no explicit no-short message
[karauri] retry 3/5 wait=2.0s: no short rows and no explicit no-short message
[karauri] retry 4/5 wait=4.0s: no short rows and no explicit no-short message
[karauri] retry 1/5 wait=0.5s: no short rows and no explicit no-short message
[karauri] retry 2/5 wait=1.0s: no short rows and no explicit no-short message
[karauri] retry 1/5 wait=0.5s: no short rows and no explicit no-short message
[karauri] retry 3/5 wait=2.0s: no short rows and no explicit no-short message
[karauri] retry 2/5 wait=1.0s: no short rows and no explicit no-short message
[karauri] retry 5/5 wait=8.0s: no short rows and no explicit no-short message
[karauri] retry 3/5 wait=2.0s: no short rows and no explicit no-short message
[karauri] retry 4/5 wait=4.0s: no short rows and no explicit no-short message
[karauri] retry 1/5 wait=0.5s: no short rows and no explicit no-short message
[karauri] retry 2/5 wait=1.0s: no short rows and no explicit no-short message
[karauri] retry 4/5 wait=4.0s: no short rows and no explicit no-short message
[karauri] retry 3/5 wait=2.0s: no short rows and no explicit no-short message
[karauri] retry 5/5 wait=8.0s: no short rows and no explicit no-short message
[karauri] retry 4/5 wait=4.0s: no short rows and no explicit no-short message
[karauri] retry 5/5 wait=8.0s: no short rows and no explicit no-short message
[karauri] retry 5/5 wait=8.0s: no short rows and no explicit no-short message
[karauri] retry 1/5 wait=0.5s: no short rows and no explicit no-short message
[karauri] retry 2/5 wait=1.0s: no short rows and no explicit no-short message
[karauri] retry 3/5 wait=2.0s: no short rows and no explicit no-short message
[karauri][PROGRESS] 2325/3587 rate=1.00/s elapsed=38.6m eta=20.9m
[karauri] retry 4/5 wait=4.0s: no short rows and no explicit no-short message
[karauri] retry 1/5 wait=0.5s: no short rows and no explicit no-short message
[karauri] retry 2/5 wait=1.0s: no short rows and no explicit no-short message
[karauri] retry 1/5 wait=0.5s: no short rows and no explicit no-short message
[karauri] retry 2/5 wait=1.0s: no short rows and no explicit no-short message
[karauri] retry 3/5 wait=2.0s: no short rows and no explicit no-short message
[karauri] retry 3/5 wait=2.0s: no short rows and no explicit no-short message
[karauri] retry 5/5 wait=8.0s: no short rows and no explicit no-short message
[karauri] retry 4/5 wait=4.0s: no short rows and no explicit no-short message
[karauri] retry 4/5 wait=4.0s: no short rows and no explicit no-short message
[karauri] retry 5/5 wait=8.0s: no short rows and no explicit no-short message
[karauri] retry 5/5 wait=8.0s: no short rows and no explicit no-short message
[karauri] retry 1/5 wait=0.5s: no short rows and no explicit no-short message
[karauri] retry 2/5 wait=1.0s: no short rows and no explicit no-short message
[karauri] retry 3/5 wait=2.0s: no short rows and no explicit no-short message
[karauri] retry 4/5 wait=4.0s: no short rows and no explicit no-short message
[karauri] retry 1/5 wait=0.5s: no short rows and no explicit no-short message
[karauri] retry 2/5 wait=1.0s: no short rows and no explicit no-short message
[karauri] retry 5/5 wait=8.0s: no short rows and no explicit no-short message
[karauri] retry 3/5 wait=2.0s: no short rows and no explicit no-short message
[karauri][PROGRESS] 2350/3587 rate=1.00/s elapsed=39.0m eta=20.5m
[karauri] retry 4/5 wait=4.0s: no short rows and no explicit no-short message
[karauri] retry 1/5 wait=0.5s: no short rows and no explicit no-short message
[karauri] retry 2/5 wait=1.0s: no short rows and no explicit no-short message
[karauri] retry 3/5 wait=2.0s: no short rows and no explicit no-short message
[karauri] retry 5/5 wait=8.0s: no short rows and no explicit no-short message
[karauri] retry 1/5 wait=0.5s: no short rows and no explicit no-short message
[karauri] retry 4/5 wait=4.0s: no short rows and no explicit no-short message
[karauri] retry 2/5 wait=1.0s: no short rows and no explicit no-short message
[karauri] retry 1/5 wait=0.5s: no short rows and no explicit no-short message
[karauri] retry 2/5 wait=1.0s: no short rows and no explicit no-short message
[karauri] retry 3/5 wait=2.0s: no short rows and no explicit no-short message
[karauri] retry 3/5 wait=2.0s: no short rows and no explicit no-short message
[karauri] retry 1/5 wait=0.5s: no short rows and no explicit no-short message
[karauri] retry 4/5 wait=4.0s: no short rows and no explicit no-short message
[karauri] retry 2/5 wait=1.0s: no short rows and no explicit no-short message
[karauri] retry 5/5 wait=8.0s: no short rows and no explicit no-short message
[karauri] retry 4/5 wait=4.0s: no short rows and no explicit no-short message
[karauri] retry 3/5 wait=2.0s: no short rows and no explicit no-short message
[karauri] retry 4/5 wait=4.0s: no short rows and no explicit no-short message
[karauri] retry 5/5 wait=8.0s: no short rows and no explicit no-short message
[karauri] retry 5/5 wait=8.0s: no short rows and no explicit no-short message
[karauri] retry 5/5 wait=8.0s: no short rows and no explicit no-short message
[karauri][PROGRESS] 2375/3587 rate=1.01/s elapsed=39.4m eta=20.1m
[karauri] retry 1/5 wait=0.5s: no short rows and no explicit no-short message
[karauri] retry 2/5 wait=1.0s: no short rows and no explicit no-short message
[karauri] retry 3/5 wait=2.0s: no short rows and no explicit no-short message
[karauri] retry 1/5 wait=0.5s: no short rows and no explicit no-short message
[karauri] retry 2/5 wait=1.0s: no short rows and no explicit no-short message
[karauri] retry 4/5 wait=4.0s: no short rows and no explicit no-short message
[karauri] retry 3/5 wait=2.0s: no short rows and no explicit no-short message
[karauri] retry 4/5 wait=4.0s: no short rows and no explicit no-short message
[karauri] retry 5/5 wait=8.0s: no short rows and no explicit no-short message
[karauri] retry 5/5 wait=8.0s: no short rows and no explicit no-short message
[karauri] retry 1/5 wait=0.5s: no short rows and no explicit no-short message
[karauri] retry 2/5 wait=1.0s: no short rows and no explicit no-short message
[karauri] retry 3/5 wait=2.0s: no short rows and no explicit no-short message
[karauri] retry 4/5 wait=4.0s: no short rows and no explicit no-short message
[karauri] retry 5/5 wait=8.0s: no short rows and no explicit no-short message
[karauri][PROGRESS] 2400/3587 rate=1.00/s elapsed=39.9m eta=19.7m
[karauri][COMMIT] 2400/3587 ok=2118 fail=282 no_short=0
[karauri] retry 1/5 wait=0.5s: no short rows and no explicit no-short message
[karauri] retry 2/5 wait=1.0s: no short rows and no explicit no-short message
[karauri] retry 1/5 wait=0.5s: no short rows and no explicit no-short message
[karauri] retry 2/5 wait=1.0s: no short rows and no explicit no-short message
[karauri] retry 3/5 wait=2.0s: no short rows and no explicit no-short message
[karauri] retry 3/5 wait=2.0s: no short rows and no explicit no-short message
[karauri] retry 4/5 wait=4.0s: no short rows and no explicit no-short message
[karauri] retry 4/5 wait=4.0s: no short rows and no explicit no-short message
[karauri] retry 5/5 wait=8.0s: no short rows and no explicit no-short message
[karauri] retry 5/5 wait=8.0s: no short rows and no explicit no-short message
[karauri] retry 1/5 wait=0.5s: no short rows and no explicit no-short message
[karauri] retry 2/5 wait=1.0s: no short rows and no explicit no-short message
[karauri] retry 3/5 wait=2.0s: no short rows and no explicit no-short message
[karauri] retry 4/5 wait=4.0s: no short rows and no explicit no-short message
[karauri] retry 5/5 wait=8.0s: no short rows and no explicit no-short message
[karauri] retry 1/5 wait=0.5s: no short rows and no explicit no-short message
[karauri] retry 2/5 wait=1.0s: no short rows and no explicit no-short message
[karauri] retry 3/5 wait=2.0s: no short rows and no explicit no-short message
[karauri][PROGRESS] 2425/3587 rate=1.00/s elapsed=40.3m eta=19.3m
[karauri] retry 4/5 wait=4.0s: no short rows and no explicit no-short message
[karauri] retry 5/5 wait=8.0s: no short rows and no explicit no-short message
[karauri] retry 1/5 wait=0.5s: no short rows and no explicit no-short message
[karauri] retry 2/5 wait=1.0s: no short rows and no explicit no-short message
[karauri] retry 3/5 wait=2.0s: no short rows and no explicit no-short message
[karauri] retry 4/5 wait=4.0s: no short rows and no explicit no-short message
[karauri] retry 1/5 wait=0.5s: no short rows and no explicit no-short message
[karauri] retry 1/5 wait=0.5s: no short rows and no explicit no-short message
[karauri] retry 2/5 wait=1.0s: no short rows and no explicit no-short message
[karauri] retry 2/5 wait=1.0s: no short rows and no explicit no-short message
[karauri] retry 3/5 wait=2.0s: no short rows and no explicit no-short message
[karauri] retry 3/5 wait=2.0s: no short rows and no explicit no-short message
[karauri] retry 5/5 wait=8.0s: no short rows and no explicit no-short message
[karauri] retry 4/5 wait=4.0s: no short rows and no explicit no-short message
[karauri] retry 4/5 wait=4.0s: no short rows and no explicit no-short message
[karauri] retry 1/5 wait=0.5s: no short rows and no explicit no-short message
[karauri] retry 2/5 wait=1.0s: no short rows and no explicit no-short message
[karauri] retry 3/5 wait=2.0s: no short rows and no explicit no-short message
[karauri] retry 5/5 wait=8.0s: no short rows and no explicit no-short message
[karauri] retry 5/5 wait=8.0s: no short rows and no explicit no-short message
[karauri] retry 4/5 wait=4.0s: no short rows and no explicit no-short message
[karauri] retry 1/5 wait=0.5s: no short rows and no explicit no-short message
[karauri] retry 2/5 wait=1.0s: no short rows and no explicit no-short message
[karauri] retry 3/5 wait=2.0s: no short rows and no explicit no-short message
[karauri] retry 5/5 wait=8.0s: no short rows and no explicit no-short message
[karauri][PROGRESS] 2450/3587 rate=1.00/s elapsed=40.7m eta=18.9m
[karauri] retry 4/5 wait=4.0s: no short rows and no explicit no-short message
[karauri] retry 5/5 wait=8.0s: no short rows and no explicit no-short message
[karauri] retry 1/5 wait=0.5s: no short rows and no explicit no-short message
[karauri] retry 2/5 wait=1.0s: no short rows and no explicit no-short message
[karauri] retry 1/5 wait=0.5s: no short rows and no explicit no-short message
[karauri] retry 3/5 wait=2.0s: no short rows and no explicit no-short message
[karauri] retry 2/5 wait=1.0s: no short rows and no explicit no-short message
[karauri] retry 3/5 wait=2.0s: no short rows and no explicit no-short message
[karauri] retry 4/5 wait=4.0s: no short rows and no explicit no-short message
[karauri] retry 4/5 wait=4.0s: no short rows and no explicit no-short message
[karauri][PROGRESS] 2475/3587 rate=1.00/s elapsed=41.1m eta=18.5m
[karauri] retry 5/5 wait=8.0s: no short rows and no explicit no-short message
[karauri] retry 5/5 wait=8.0s: no short rows and no explicit no-short message
[karauri] retry 1/5 wait=0.5s: no short rows and no explicit no-short message
[karauri] retry 2/5 wait=1.0s: no short rows and no explicit no-short message
[karauri] retry 3/5 wait=2.0s: no short rows and no explicit no-short message
[karauri] retry 1/5 wait=0.5s: no short rows and no explicit no-short message
[karauri] retry 2/5 wait=1.0s: no short rows and no explicit no-short message
[karauri] retry 4/5 wait=4.0s: no short rows and no explicit no-short message
[karauri] retry 3/5 wait=2.0s: no short rows and no explicit no-short message
[karauri] retry 1/5 wait=0.5s: no short rows and no explicit no-short message
[karauri] retry 4/5 wait=4.0s: no short rows and no explicit no-short message
[karauri] retry 2/5 wait=1.0s: no short rows and no explicit no-short message
[karauri] retry 3/5 wait=2.0s: no short rows and no explicit no-short message
[karauri] retry 5/5 wait=8.0s: no short rows and no explicit no-short message
[karauri] retry 4/5 wait=4.0s: no short rows and no explicit no-short message
[karauri] retry 5/5 wait=8.0s: no short rows and no explicit no-short message
[karauri] retry 5/5 wait=8.0s: no short rows and no explicit no-short message
[karauri][PROGRESS] 2500/3587 rate=1.00/s elapsed=41.7m eta=18.1m
[karauri][COMMIT] 2500/3587 ok=2204 fail=296 no_short=0
[karauri] retry 1/5 wait=0.5s: no short rows and no explicit no-short message
[karauri] retry 2/5 wait=1.0s: no short rows and no explicit no-short message
[karauri] retry 3/5 wait=2.0s: no short rows and no explicit no-short message
[karauri] retry 4/5 wait=4.0s: no short rows and no explicit no-short message
[karauri] retry 1/5 wait=0.5s: no short rows and no explicit no-short message
[karauri] retry 2/5 wait=1.0s: no short rows and no explicit no-short message
[karauri] retry 3/5 wait=2.0s: no short rows and no explicit no-short message
[karauri] retry 5/5 wait=8.0s: no short rows and no explicit no-short message
[karauri] retry 4/5 wait=4.0s: no short rows and no explicit no-short message
[karauri] retry 5/5 wait=8.0s: no short rows and no explicit no-short message
[karauri] retry 1/5 wait=0.5s: no short rows and no explicit no-short message
[karauri] retry 2/5 wait=1.0s: no short rows and no explicit no-short message
[karauri] retry 3/5 wait=2.0s: no short rows and no explicit no-short message
[karauri][PROGRESS] 2525/3587 rate=1.00/s elapsed=42.1m eta=17.7m
[karauri] retry 4/5 wait=4.0s: no short rows and no explicit no-short message
[karauri] retry 1/5 wait=0.5s: no short rows and no explicit no-short message
[karauri] retry 2/5 wait=1.0s: no short rows and no explicit no-short message
[karauri] retry 5/5 wait=8.0s: no short rows and no explicit no-short message
[karauri] retry 3/5 wait=2.0s: no short rows and no explicit no-short message
[karauri] retry 1/5 wait=0.5s: no short rows and no explicit no-short message
[karauri] retry 2/5 wait=1.0s: no short rows and no explicit no-short message
[karauri] retry 4/5 wait=4.0s: no short rows and no explicit no-short message
[karauri] retry 3/5 wait=2.0s: no short rows and no explicit no-short message
[karauri] retry 1/5 wait=0.5s: no short rows and no explicit no-short message
[karauri] retry 2/5 wait=1.0s: no short rows and no explicit no-short message
[karauri] retry 4/5 wait=4.0s: no short rows and no explicit no-short message
[karauri] retry 3/5 wait=2.0s: no short rows and no explicit no-short message
[karauri] retry 5/5 wait=8.0s: no short rows and no explicit no-short message
[karauri] retry 1/5 wait=0.5s: no short rows and no explicit no-short message
[karauri] retry 4/5 wait=4.0s: no short rows and no explicit no-short message
[karauri] retry 2/5 wait=1.0s: no short rows and no explicit no-short message
[karauri] retry 3/5 wait=2.0s: no short rows and no explicit no-short message
[karauri] retry 5/5 wait=8.0s: no short rows and no explicit no-short message
[karauri] retry 4/5 wait=4.0s: no short rows and no explicit no-short message
[karauri] retry 5/5 wait=8.0s: no short rows and no explicit no-short message
[karauri] retry 5/5 wait=8.0s: no short rows and no explicit no-short message
[karauri] retry 1/5 wait=0.5s: no short rows and no explicit no-short message
[karauri] retry 1/5 wait=0.5s: no short rows and no explicit no-short message
[karauri] retry 2/5 wait=1.0s: no short rows and no explicit no-short message
[karauri] retry 2/5 wait=1.0s: no short rows and no explicit no-short message
[karauri] retry 3/5 wait=2.0s: no short rows and no explicit no-short message
[karauri] retry 3/5 wait=2.0s: no short rows and no explicit no-short message
[karauri] retry 1/5 wait=0.5s: no short rows and no explicit no-short message
[karauri] retry 2/5 wait=1.0s: no short rows and no explicit no-short message
[karauri] retry 4/5 wait=4.0s: no short rows and no explicit no-short message
[karauri][PROGRESS] 2550/3587 rate=1.00/s elapsed=42.6m eta=17.3m
[karauri] retry 3/5 wait=2.0s: no short rows and no explicit no-short message
[karauri] retry 1/5 wait=0.5s: no short rows and no explicit no-short message
[karauri] retry 4/5 wait=4.0s: no short rows and no explicit no-short message
[karauri] retry 2/5 wait=1.0s: no short rows and no explicit no-short message
[karauri] retry 3/5 wait=2.0s: no short rows and no explicit no-short message
[karauri] retry 4/5 wait=4.0s: no short rows and no explicit no-short message
[karauri] retry 5/5 wait=8.0s: no short rows and no explicit no-short message
[karauri] retry 4/5 wait=4.0s: no short rows and no explicit no-short message
[karauri] retry 5/5 wait=8.0s: no short rows and no explicit no-short message
[karauri] retry 5/5 wait=8.0s: no short rows and no explicit no-short message
[karauri] retry 5/5 wait=8.0s: no short rows and no explicit no-short message
[karauri] retry 1/5 wait=0.5s: no short rows and no explicit no-short message
[karauri] retry 2/5 wait=1.0s: no short rows and no explicit no-short message
[karauri] retry 3/5 wait=2.0s: no short rows and no explicit no-short message
[karauri] retry 4/5 wait=4.0s: no short rows and no explicit no-short message
[karauri][PROGRESS] 2575/3587 rate=1.00/s elapsed=42.9m eta=16.9m
[karauri] retry 5/5 wait=8.0s: no short rows and no explicit no-short message
[karauri][PROGRESS] 2600/3587 rate=1.00/s elapsed=43.2m eta=16.4m
[karauri][COMMIT] 2600/3587 ok=2292 fail=308 no_short=0
[karauri] retry 1/5 wait=0.5s: no short rows and no explicit no-short message
[karauri] retry 2/5 wait=1.0s: no short rows and no explicit no-short message
[karauri] retry 3/5 wait=2.0s: no short rows and no explicit no-short message
[karauri] retry 4/5 wait=4.0s: no short rows and no explicit no-short message
[karauri] retry 1/5 wait=0.5s: no short rows and no explicit no-short message
[karauri] retry 2/5 wait=1.0s: no short rows and no explicit no-short message
[karauri] retry 3/5 wait=2.0s: no short rows and no explicit no-short message
[karauri] retry 5/5 wait=8.0s: no short rows and no explicit no-short message
[karauri] retry 4/5 wait=4.0s: no short rows and no explicit no-short message
[karauri] retry 5/5 wait=8.0s: no short rows and no explicit no-short message
[karauri] retry 1/5 wait=0.5s: no short rows and no explicit no-short message
[karauri] retry 2/5 wait=1.0s: no short rows and no explicit no-short message
[karauri] retry 3/5 wait=2.0s: no short rows and no explicit no-short message
[karauri] retry 4/5 wait=4.0s: no short rows and no explicit no-short message
[karauri] retry 5/5 wait=8.0s: no short rows and no explicit no-short message
[karauri] retry 1/5 wait=0.5s: no short rows and no explicit no-short message
[karauri] retry 2/5 wait=1.0s: no short rows and no explicit no-short message
[karauri][PROGRESS] 2625/3587 rate=1.00/s elapsed=43.7m eta=16.0m
[karauri] retry 3/5 wait=2.0s: no short rows and no explicit no-short message
[karauri] retry 4/5 wait=4.0s: no short rows and no explicit no-short message
[karauri] retry 1/5 wait=0.5s: no short rows and no explicit no-short message
[karauri] retry 2/5 wait=1.0s: no short rows and no explicit no-short message
[karauri] retry 5/5 wait=8.0s: no short rows and no explicit no-short message
[karauri] retry 3/5 wait=2.0s: no short rows and no explicit no-short message
[karauri] retry 4/5 wait=4.0s: no short rows and no explicit no-short message
[karauri] retry 5/5 wait=8.0s: no short rows and no explicit no-short message
[karauri] retry 1/5 wait=0.5s: no short rows and no explicit no-short message
[karauri] retry 2/5 wait=1.0s: no short rows and no explicit no-short message
[karauri] retry 3/5 wait=2.0s: no short rows and no explicit no-short message
[karauri][PROGRESS] 2650/3587 rate=1.00/s elapsed=44.1m eta=15.6m
[karauri] retry 1/5 wait=0.5s: no short rows and no explicit no-short message
[karauri] retry 4/5 wait=4.0s: no short rows and no explicit no-short message
[karauri] retry 2/5 wait=1.0s: no short rows and no explicit no-short message
[karauri] retry 3/5 wait=2.0s: no short rows and no explicit no-short message
[karauri] retry 4/5 wait=4.0s: no short rows and no explicit no-short message
[karauri] retry 5/5 wait=8.0s: no short rows and no explicit no-short message
[karauri] retry 1/5 wait=0.5s: no short rows and no explicit no-short message
[karauri] retry 2/5 wait=1.0s: no short rows and no explicit no-short message
[karauri] retry 1/5 wait=0.5s: no short rows and no explicit no-short message
[karauri] retry 5/5 wait=8.0s: no short rows and no explicit no-short message
[karauri] retry 2/5 wait=1.0s: no short rows and no explicit no-short message
[karauri] retry 3/5 wait=2.0s: no short rows and no explicit no-short message
[karauri] retry 3/5 wait=2.0s: no short rows and no explicit no-short message
[karauri] retry 1/5 wait=0.5s: no short rows and no explicit no-short message
[karauri] retry 4/5 wait=4.0s: no short rows and no explicit no-short message
[karauri] retry 2/5 wait=1.0s: no short rows and no explicit no-short message
[karauri] retry 4/5 wait=4.0s: no short rows and no explicit no-short message
[karauri] retry 3/5 wait=2.0s: no short rows and no explicit no-short message
[karauri] retry 1/5 wait=0.5s: no short rows and no explicit no-short message
[karauri] retry 2/5 wait=1.0s: no short rows and no explicit no-short message
[karauri] retry 3/5 wait=2.0s: no short rows and no explicit no-short message
[karauri] retry 4/5 wait=4.0s: no short rows and no explicit no-short message
[karauri] retry 1/5 wait=0.5s: no short rows and no explicit no-short message
[karauri] retry 5/5 wait=8.0s: no short rows and no explicit no-short message
[karauri] retry 5/5 wait=8.0s: no short rows and no explicit no-short message
[karauri] retry 4/5 wait=4.0s: no short rows and no explicit no-short message
[karauri] retry 2/5 wait=1.0s: no short rows and no explicit no-short message
[karauri] retry 3/5 wait=2.0s: no short rows and no explicit no-short message
[karauri] retry 5/5 wait=8.0s: no short rows and no explicit no-short message
[karauri] retry 4/5 wait=4.0s: no short rows and no explicit no-short message
[karauri] retry 5/5 wait=8.0s: no short rows and no explicit no-short message
[karauri][PROGRESS] 2675/3587 rate=1.00/s elapsed=44.5m eta=15.2m
[karauri] retry 5/5 wait=8.0s: no short rows and no explicit no-short message
[karauri] retry 1/5 wait=0.5s: no short rows and no explicit no-short message
[karauri] retry 1/5 wait=0.5s: no short rows and no explicit no-short message
[karauri] retry 2/5 wait=1.0s: no short rows and no explicit no-short message
[karauri] retry 2/5 wait=1.0s: no short rows and no explicit no-short message
[karauri] retry 3/5 wait=2.0s: no short rows and no explicit no-short message
[karauri] retry 3/5 wait=2.0s: no short rows and no explicit no-short message
[karauri] retry 1/5 wait=0.5s: no short rows and no explicit no-short message
[karauri] retry 2/5 wait=1.0s: no short rows and no explicit no-short message
[karauri] retry 4/5 wait=4.0s: no short rows and no explicit no-short message
[karauri] retry 3/5 wait=2.0s: no short rows and no explicit no-short message
[karauri] retry 4/5 wait=4.0s: no short rows and no explicit no-short message
[karauri] retry 4/5 wait=4.0s: no short rows and no explicit no-short message
[karauri] retry 5/5 wait=8.0s: no short rows and no explicit no-short message
[karauri] retry 5/5 wait=8.0s: no short rows and no explicit no-short message
[karauri] retry 5/5 wait=8.0s: no short rows and no explicit no-short message
[karauri][PROGRESS] 2700/3587 rate=1.00/s elapsed=45.0m eta=14.8m
[karauri][COMMIT] 2700/3587 ok=2377 fail=323 no_short=0
[karauri] retry 1/5 wait=0.5s: no short rows and no explicit no-short message
[karauri] retry 2/5 wait=1.0s: no short rows and no explicit no-short message
[karauri] retry 3/5 wait=2.0s: no short rows and no explicit no-short message
[karauri] retry 1/5 wait=0.5s: no short rows and no explicit no-short message
[karauri] retry 2/5 wait=1.0s: no short rows and no explicit no-short message
[karauri] retry 4/5 wait=4.0s: no short rows and no explicit no-short message
[karauri] retry 3/5 wait=2.0s: no short rows and no explicit no-short message
[karauri] retry 4/5 wait=4.0s: no short rows and no explicit no-short message
[karauri] retry 5/5 wait=8.0s: no short rows and no explicit no-short message
[karauri] retry 1/5 wait=0.5s: no short rows and no explicit no-short message
[karauri] retry 2/5 wait=1.0s: no short rows and no explicit no-short message
[karauri] retry 3/5 wait=2.0s: no short rows and no explicit no-short message
[karauri] retry 5/5 wait=8.0s: no short rows and no explicit no-short message
[karauri] retry 4/5 wait=4.0s: no short rows and no explicit no-short message
[karauri] retry 5/5 wait=8.0s: no short rows and no explicit no-short message
[karauri][PROGRESS] 2725/3587 rate=1.00/s elapsed=45.4m eta=14.4m
[karauri] retry 1/5 wait=0.5s: no short rows and no explicit no-short message
[karauri] retry 2/5 wait=1.0s: no short rows and no explicit no-short message
[karauri] retry 3/5 wait=2.0s: no short rows and no explicit no-short message
[karauri] retry 4/5 wait=4.0s: no short rows and no explicit no-short message
[karauri] retry 5/5 wait=8.0s: no short rows and no explicit no-short message
[karauri] retry 1/5 wait=0.5s: no short rows and no explicit no-short message
[karauri] retry 2/5 wait=1.0s: no short rows and no explicit no-short message
[karauri] retry 3/5 wait=2.0s: no short rows and no explicit no-short message
[karauri][PROGRESS] 2750/3587 rate=1.00/s elapsed=45.8m eta=13.9m
[karauri] retry 4/5 wait=4.0s: no short rows and no explicit no-short message
[karauri] retry 5/5 wait=8.0s: no short rows and no explicit no-short message
[karauri] retry 1/5 wait=0.5s: no short rows and no explicit no-short message
[karauri] retry 2/5 wait=1.0s: no short rows and no explicit no-short message
[karauri] retry 3/5 wait=2.0s: no short rows and no explicit no-short message
[karauri] retry 4/5 wait=4.0s: no short rows and no explicit no-short message
[karauri] retry 1/5 wait=0.5s: no short rows and no explicit no-short message
[karauri] retry 1/5 wait=0.5s: no short rows and no explicit no-short message
[karauri] retry 2/5 wait=1.0s: no short rows and no explicit no-short message
[karauri] retry 5/5 wait=8.0s: no short rows and no explicit no-short message
[karauri] retry 2/5 wait=1.0s: no short rows and no explicit no-short message
[karauri] retry 3/5 wait=2.0s: no short rows and no explicit no-short message
[karauri] retry 3/5 wait=2.0s: no short rows and no explicit no-short message
[karauri] retry 4/5 wait=4.0s: no short rows and no explicit no-short message
[karauri] retry 4/5 wait=4.0s: no short rows and no explicit no-short message
[karauri][PROGRESS] 2775/3587 rate=1.00/s elapsed=46.2m eta=13.5m
[karauri] retry 5/5 wait=8.0s: no short rows and no explicit no-short message
[karauri] retry 5/5 wait=8.0s: no short rows and no explicit no-short message
[karauri] retry 1/5 wait=0.5s: no short rows and no explicit no-short message
[karauri] retry 2/5 wait=1.0s: no short rows and no explicit no-short message
[karauri] retry 3/5 wait=2.0s: no short rows and no explicit no-short message
[karauri] retry 4/5 wait=4.0s: no short rows and no explicit no-short message
[karauri] retry 1/5 wait=0.5s: no short rows and no explicit no-short message
[karauri] retry 2/5 wait=1.0s: no short rows and no explicit no-short message
[karauri] retry 5/5 wait=8.0s: no short rows and no explicit no-short message
[karauri] retry 3/5 wait=2.0s: no short rows and no explicit no-short message
[karauri] retry 4/5 wait=4.0s: no short rows and no explicit no-short message
[karauri] retry 5/5 wait=8.0s: no short rows and no explicit no-short message
[karauri][PROGRESS] 2800/3587 rate=1.00/s elapsed=46.8m eta=13.1m
[karauri][COMMIT] 2800/3587 ok=2467 fail=333 no_short=0
[karauri] retry 1/5 wait=0.5s: no short rows and no explicit no-short message
[karauri] retry 2/5 wait=1.0s: no short rows and no explicit no-short message
[karauri] retry 3/5 wait=2.0s: no short rows and no explicit no-short message
[karauri] retry 4/5 wait=4.0s: no short rows and no explicit no-short message
[karauri] retry 5/5 wait=8.0s: no short rows and no explicit no-short message
[karauri][PROGRESS] 2825/3587 rate=1.00/s elapsed=47.2m eta=12.7m
[karauri] retry 1/5 wait=0.5s: no short rows and no explicit no-short message
[karauri] retry 2/5 wait=1.0s: no short rows and no explicit no-short message
[karauri] retry 3/5 wait=2.0s: no short rows and no explicit no-short message
[karauri] retry 4/5 wait=4.0s: no short rows and no explicit no-short message
[karauri] retry 5/5 wait=8.0s: no short rows and no explicit no-short message
[karauri] retry 1/5 wait=0.5s: no short rows and no explicit no-short message
[karauri] retry 2/5 wait=1.0s: no short rows and no explicit no-short message
[karauri] retry 3/5 wait=2.0s: no short rows and no explicit no-short message
[karauri][PROGRESS] 2850/3587 rate=1.00/s elapsed=47.7m eta=12.3m
[karauri] retry 4/5 wait=4.0s: no short rows and no explicit no-short message
[karauri] retry 1/5 wait=0.5s: no short rows and no explicit no-short message
[karauri] retry 2/5 wait=1.0s: no short rows and no explicit no-short message
[karauri] retry 5/5 wait=8.0s: no short rows and no explicit no-short message
[karauri] retry 3/5 wait=2.0s: no short rows and no explicit no-short message
[karauri] retry 4/5 wait=4.0s: no short rows and no explicit no-short message
[karauri] retry 1/5 wait=0.5s: no short rows and no explicit no-short message
[karauri] retry 2/5 wait=1.0s: no short rows and no explicit no-short message
[karauri] retry 3/5 wait=2.0s: no short rows and no explicit no-short message
[karauri] retry 5/5 wait=8.0s: no short rows and no explicit no-short message
[karauri] retry 4/5 wait=4.0s: no short rows and no explicit no-short message
[karauri] retry 1/5 wait=0.5s: no short rows and no explicit no-short message
[karauri] retry 2/5 wait=1.0s: no short rows and no explicit no-short message
[karauri] retry 3/5 wait=2.0s: no short rows and no explicit no-short message
[karauri] retry 5/5 wait=8.0s: no short rows and no explicit no-short message
[karauri] retry 4/5 wait=4.0s: no short rows and no explicit no-short message
[karauri] retry 5/5 wait=8.0s: no short rows and no explicit no-short message
[karauri][PROGRESS] 2875/3587 rate=1.00/s elapsed=48.1m eta=11.9m
[karauri] retry 1/5 wait=0.5s: no short rows and no explicit no-short message
[karauri] retry 2/5 wait=1.0s: no short rows and no explicit no-short message
[karauri] retry 3/5 wait=2.0s: no short rows and no explicit no-short message
[karauri] retry 4/5 wait=4.0s: no short rows and no explicit no-short message
[karauri] retry 1/5 wait=0.5s: no short rows and no explicit no-short message
[karauri] retry 2/5 wait=1.0s: no short rows and no explicit no-short message
[karauri] retry 5/5 wait=8.0s: no short rows and no explicit no-short message
[karauri] retry 3/5 wait=2.0s: no short rows and no explicit no-short message
[karauri] retry 4/5 wait=4.0s: no short rows and no explicit no-short message
[karauri] retry 5/5 wait=8.0s: no short rows and no explicit no-short message
[karauri][PROGRESS] 2900/3587 rate=0.99/s elapsed=48.6m eta=11.5m
[karauri][COMMIT] 2900/3587 ok=2559 fail=341 no_short=0
[karauri] retry 1/5 wait=0.5s: no short rows and no explicit no-short message
[karauri] retry 1/5 wait=0.5s: no short rows and no explicit no-short message
[karauri] retry 2/5 wait=1.0s: no short rows and no explicit no-short message
[karauri] retry 2/5 wait=1.0s: no short rows and no explicit no-short message
[karauri] retry 3/5 wait=2.0s: no short rows and no explicit no-short message
[karauri] retry 3/5 wait=2.0s: no short rows and no explicit no-short message
[karauri] retry 4/5 wait=4.0s: no short rows and no explicit no-short message
[karauri] retry 4/5 wait=4.0s: no short rows and no explicit no-short message
[karauri] retry 5/5 wait=8.0s: no short rows and no explicit no-short message
[karauri] retry 5/5 wait=8.0s: no short rows and no explicit no-short message
[karauri] retry 1/5 wait=0.5s: no short rows and no explicit no-short message
[karauri] retry 2/5 wait=1.0s: no short rows and no explicit no-short message
[karauri] retry 3/5 wait=2.0s: no short rows and no explicit no-short message
[karauri] retry 4/5 wait=4.0s: no short rows and no explicit no-short message
[karauri] retry 5/5 wait=8.0s: no short rows and no explicit no-short message
[karauri] retry 1/5 wait=0.5s: no short rows and no explicit no-short message
[karauri] retry 2/5 wait=1.0s: no short rows and no explicit no-short message
[karauri] retry 3/5 wait=2.0s: no short rows and no explicit no-short message
[karauri] retry 4/5 wait=4.0s: no short rows and no explicit no-short message
[karauri] retry 1/5 wait=0.5s: no short rows and no explicit no-short message
[karauri] retry 2/5 wait=1.0s: no short rows and no explicit no-short message
[karauri] retry 3/5 wait=2.0s: no short rows and no explicit no-short message
[karauri][PROGRESS] 2925/3587 rate=0.99/s elapsed=49.1m eta=11.1m
[karauri] retry 5/5 wait=8.0s: no short rows and no explicit no-short message
[karauri] retry 4/5 wait=4.0s: no short rows and no explicit no-short message
[karauri] retry 1/5 wait=0.5s: no short rows and no explicit no-short message
[karauri] retry 2/5 wait=1.0s: no short rows and no explicit no-short message
[karauri] retry 1/5 wait=0.5s: no short rows and no explicit no-short message
[karauri] retry 3/5 wait=2.0s: no short rows and no explicit no-short message
[karauri] retry 5/5 wait=8.0s: no short rows and no explicit no-short message
[karauri] retry 2/5 wait=1.0s: no short rows and no explicit no-short message
[karauri] retry 3/5 wait=2.0s: no short rows and no explicit no-short message
[karauri] retry 4/5 wait=4.0s: no short rows and no explicit no-short message
[karauri] retry 4/5 wait=4.0s: no short rows and no explicit no-short message
[karauri] retry 5/5 wait=8.0s: no short rows and no explicit no-short message
[karauri] retry 5/5 wait=8.0s: no short rows and no explicit no-short message
[karauri] retry 1/5 wait=0.5s: no short rows and no explicit no-short message
[karauri] retry 2/5 wait=1.0s: no short rows and no explicit no-short message
[karauri] retry 3/5 wait=2.0s: no short rows and no explicit no-short message
[karauri] retry 4/5 wait=4.0s: no short rows and no explicit no-short message
[karauri] retry 5/5 wait=8.0s: no short rows and no explicit no-short message
[karauri][PROGRESS] 2950/3587 rate=0.99/s elapsed=49.6m eta=10.7m
[karauri] retry 1/5 wait=0.5s: no short rows and no explicit no-short message
[karauri] retry 2/5 wait=1.0s: no short rows and no explicit no-short message
[karauri] retry 3/5 wait=2.0s: no short rows and no explicit no-short message
[karauri] retry 4/5 wait=4.0s: no short rows and no explicit no-short message
[karauri][PROGRESS] 2975/3587 rate=0.99/s elapsed=49.9m eta=10.3m
[karauri] retry 1/5 wait=0.5s: no short rows and no explicit no-short message
[karauri] retry 1/5 wait=0.5s: no short rows and no explicit no-short message
[karauri] retry 2/5 wait=1.0s: no short rows and no explicit no-short message
[karauri] retry 2/5 wait=1.0s: no short rows and no explicit no-short message
[karauri] retry 5/5 wait=8.0s: no short rows and no explicit no-short message
[karauri] retry 3/5 wait=2.0s: no short rows and no explicit no-short message
[karauri] retry 3/5 wait=2.0s: no short rows and no explicit no-short message
[karauri] retry 4/5 wait=4.0s: no short rows and no explicit no-short message
[karauri] retry 4/5 wait=4.0s: no short rows and no explicit no-short message
[karauri] retry 5/5 wait=8.0s: no short rows and no explicit no-short message
[karauri] retry 5/5 wait=8.0s: no short rows and no explicit no-short message
[karauri][PROGRESS] 3000/3587 rate=0.99/s elapsed=50.3m eta=9.8m
[karauri][COMMIT] 3000/3587 ok=2648 fail=352 no_short=0
[karauri] retry 1/5 wait=0.5s: no short rows and no explicit no-short message
[karauri] retry 1/5 wait=0.5s: no short rows and no explicit no-short message
[karauri] retry 2/5 wait=1.0s: no short rows and no explicit no-short message
[karauri] retry 2/5 wait=1.0s: no short rows and no explicit no-short message
[karauri] retry 3/5 wait=2.0s: no short rows and no explicit no-short message
[karauri] retry 3/5 wait=2.0s: no short rows and no explicit no-short message
[karauri] retry 4/5 wait=4.0s: no short rows and no explicit no-short message
[karauri] retry 4/5 wait=4.0s: no short rows and no explicit no-short message
[karauri] retry 5/5 wait=8.0s: no short rows and no explicit no-short message
[karauri] retry 5/5 wait=8.0s: no short rows and no explicit no-short message
[karauri][PROGRESS] 3025/3587 rate=0.99/s elapsed=50.8m eta=9.4m
[karauri] retry 1/5 wait=0.5s: no short rows and no explicit no-short message
[karauri] retry 2/5 wait=1.0s: no short rows and no explicit no-short message
[karauri] retry 3/5 wait=2.0s: no short rows and no explicit no-short message
[karauri] retry 4/5 wait=4.0s: no short rows and no explicit no-short message
[karauri] retry 1/5 wait=0.5s: no short rows and no explicit no-short message
[karauri] retry 2/5 wait=1.0s: no short rows and no explicit no-short message
[karauri] retry 3/5 wait=2.0s: no short rows and no explicit no-short message
[karauri] retry 5/5 wait=8.0s: no short rows and no explicit no-short message
[karauri] retry 1/5 wait=0.5s: no short rows and no explicit no-short message
[karauri] retry 4/5 wait=4.0s: no short rows and no explicit no-short message
[karauri] retry 2/5 wait=1.0s: no short rows and no explicit no-short message
[karauri] retry 3/5 wait=2.0s: no short rows and no explicit no-short message
[karauri] retry 4/5 wait=4.0s: no short rows and no explicit no-short message
[karauri] retry 5/5 wait=8.0s: no short rows and no explicit no-short message
[karauri] retry 5/5 wait=8.0s: no short rows and no explicit no-short message
[karauri] retry 1/5 wait=0.5s: no short rows and no explicit no-short message
[karauri][PROGRESS] 3050/3587 rate=0.99/s elapsed=51.2m eta=9.0m
[karauri] retry 2/5 wait=1.0s: no short rows and no explicit no-short message
[karauri] retry 3/5 wait=2.0s: no short rows and no explicit no-short message
[karauri] retry 4/5 wait=4.0s: no short rows and no explicit no-short message
[karauri] retry 5/5 wait=8.0s: no short rows and no explicit no-short message
[karauri] retry 1/5 wait=0.5s: no short rows and no explicit no-short message
[karauri][PROGRESS] 3075/3587 rate=0.99/s elapsed=51.7m eta=8.6m
[karauri] retry 2/5 wait=1.0s: no short rows and no explicit no-short message
[karauri] retry 3/5 wait=2.0s: no short rows and no explicit no-short message
[karauri] retry 4/5 wait=4.0s: no short rows and no explicit no-short message
[karauri] retry 5/5 wait=8.0s: no short rows and no explicit no-short message
[karauri] retry 1/5 wait=0.5s: no short rows and no explicit no-short message
[karauri] retry 2/5 wait=1.0s: no short rows and no explicit no-short message
[karauri] retry 3/5 wait=2.0s: no short rows and no explicit no-short message
[karauri] retry 4/5 wait=4.0s: no short rows and no explicit no-short message
[karauri] retry 5/5 wait=8.0s: no short rows and no explicit no-short message
[karauri][PROGRESS] 3100/3587 rate=0.99/s elapsed=52.1m eta=8.2m
[karauri][COMMIT] 3100/3587 ok=2740 fail=360 no_short=0
[karauri][PROGRESS] 3125/3587 rate=0.99/s elapsed=52.6m eta=7.8m
[karauri] retry 1/5 wait=0.5s: no short rows and no explicit no-short message
[karauri] retry 2/5 wait=1.0s: no short rows and no explicit no-short message
[karauri] retry 3/5 wait=2.0s: no short rows and no explicit no-short message
[karauri] retry 4/5 wait=4.0s: no short rows and no explicit no-short message
[karauri] retry 1/5 wait=0.5s: no short rows and no explicit no-short message
[karauri] retry 5/5 wait=8.0s: no short rows and no explicit no-short message
[karauri] retry 2/5 wait=1.0s: no short rows and no explicit no-short message
[karauri] retry 3/5 wait=2.0s: no short rows and no explicit no-short message
[karauri] retry 4/5 wait=4.0s: no short rows and no explicit no-short message
[karauri] retry 5/5 wait=8.0s: no short rows and no explicit no-short message
[karauri] retry 1/5 wait=0.5s: no short rows and no explicit no-short message
[karauri] retry 2/5 wait=1.0s: no short rows and no explicit no-short message
[karauri] retry 3/5 wait=2.0s: no short rows and no explicit no-short message
[karauri] retry 4/5 wait=4.0s: no short rows and no explicit no-short message
[karauri][PROGRESS] 3150/3587 rate=0.99/s elapsed=53.1m eta=7.4m
[karauri] retry 5/5 wait=8.0s: no short rows and no explicit no-short message
[karauri] retry 1/5 wait=0.5s: no short rows and no explicit no-short message
[karauri] retry 2/5 wait=1.0s: no short rows and no explicit no-short message
[karauri] retry 3/5 wait=2.0s: no short rows and no explicit no-short message
[karauri] retry 4/5 wait=4.0s: no short rows and no explicit no-short message
[karauri] retry 5/5 wait=8.0s: no short rows and no explicit no-short message
[karauri][PROGRESS] 3175/3587 rate=0.99/s elapsed=53.6m eta=6.9m
[karauri] retry 1/5 wait=0.5s: no short rows and no explicit no-short message
[karauri] retry 2/5 wait=1.0s: no short rows and no explicit no-short message
[karauri] retry 3/5 wait=2.0s: no short rows and no explicit no-short message
[karauri] retry 4/5 wait=4.0s: no short rows and no explicit no-short message
[karauri] retry 5/5 wait=8.0s: no short rows and no explicit no-short message
[karauri][PROGRESS] 3200/3587 rate=0.99/s elapsed=54.0m eta=6.5m
[karauri][COMMIT] 3200/3587 ok=2835 fail=365 no_short=0
[karauri] retry 1/5 wait=0.5s: no short rows and no explicit no-short message
[karauri] retry 2/5 wait=1.0s: no short rows and no explicit no-short message
[karauri] retry 3/5 wait=2.0s: no short rows and no explicit no-short message
[karauri] retry 4/5 wait=4.0s: no short rows and no explicit no-short message
[karauri] retry 5/5 wait=8.0s: no short rows and no explicit no-short message
[karauri] retry 1/5 wait=0.5s: no short rows and no explicit no-short message
[karauri] retry 2/5 wait=1.0s: no short rows and no explicit no-short message
[karauri] retry 3/5 wait=2.0s: no short rows and no explicit no-short message
[karauri] retry 4/5 wait=4.0s: no short rows and no explicit no-short message
[karauri] retry 5/5 wait=8.0s: no short rows and no explicit no-short message
[karauri] retry 1/5 wait=0.5s: no short rows and no explicit no-short message
[karauri] retry 2/5 wait=1.0s: no short rows and no explicit no-short message
[karauri] retry 3/5 wait=2.0s: no short rows and no explicit no-short message
[karauri][PROGRESS] 3225/3587 rate=0.99/s elapsed=54.6m eta=6.1m
[karauri] retry 4/5 wait=4.0s: no short rows and no explicit no-short message
[karauri] retry 5/5 wait=8.0s: no short rows and no explicit no-short message
[karauri] retry 1/5 wait=0.5s: no short rows and no explicit no-short message
[karauri] retry 2/5 wait=1.0s: no short rows and no explicit no-short message
[karauri] retry 3/5 wait=2.0s: no short rows and no explicit no-short message
[karauri] retry 4/5 wait=4.0s: no short rows and no explicit no-short message
[karauri] retry 5/5 wait=8.0s: no short rows and no explicit no-short message
[karauri][PROGRESS] 3250/3587 rate=0.99/s elapsed=55.0m eta=5.7m
[karauri] retry 1/5 wait=0.5s: no short rows and no explicit no-short message
[karauri] retry 2/5 wait=1.0s: no short rows and no explicit no-short message
[karauri] retry 1/5 wait=0.5s: no short rows and no explicit no-short message
[karauri] retry 2/5 wait=1.0s: no short rows and no explicit no-short message
[karauri] retry 3/5 wait=2.0s: no short rows and no explicit no-short message
[karauri] retry 3/5 wait=2.0s: no short rows and no explicit no-short message
[karauri] retry 4/5 wait=4.0s: no short rows and no explicit no-short message
[karauri] retry 4/5 wait=4.0s: no short rows and no explicit no-short message
[karauri] retry 5/5 wait=8.0s: no short rows and no explicit no-short message
[karauri] retry 1/5 wait=0.5s: no short rows and no explicit no-short message
[karauri] retry 5/5 wait=8.0s: no short rows and no explicit no-short message
[karauri] retry 2/5 wait=1.0s: no short rows and no explicit no-short message
[karauri] retry 3/5 wait=2.0s: no short rows and no explicit no-short message
[karauri][PROGRESS] 3275/3587 rate=0.99/s elapsed=55.4m eta=5.3m
[karauri] retry 4/5 wait=4.0s: no short rows and no explicit no-short message
[karauri] retry 5/5 wait=8.0s: no short rows and no explicit no-short message
[karauri] retry 1/5 wait=0.5s: no short rows and no explicit no-short message
[karauri] retry 2/5 wait=1.0s: no short rows and no explicit no-short message
[karauri] retry 3/5 wait=2.0s: no short rows and no explicit no-short message
[karauri] retry 1/5 wait=0.5s: no short rows and no explicit no-short message
[karauri] retry 4/5 wait=4.0s: no short rows and no explicit no-short message
[karauri] retry 2/5 wait=1.0s: no short rows and no explicit no-short message
[karauri] retry 3/5 wait=2.0s: no short rows and no explicit no-short message
[karauri] retry 4/5 wait=4.0s: no short rows and no explicit no-short message
[karauri] retry 5/5 wait=8.0s: no short rows and no explicit no-short message
[karauri] retry 5/5 wait=8.0s: no short rows and no explicit no-short message
[karauri][PROGRESS] 3300/3587 rate=0.99/s elapsed=55.8m eta=4.9m
[karauri][COMMIT] 3300/3587 ok=2926 fail=374 no_short=0
[karauri] retry 1/5 wait=0.5s: no short rows and no explicit no-short message
[karauri] retry 1/5 wait=0.5s: no short rows and no explicit no-short message
[karauri] retry 2/5 wait=1.0s: no short rows and no explicit no-short message
[karauri] retry 2/5 wait=1.0s: no short rows and no explicit no-short message
[karauri] retry 3/5 wait=2.0s: no short rows and no explicit no-short message
[karauri] retry 3/5 wait=2.0s: no short rows and no explicit no-short message
[karauri] retry 4/5 wait=4.0s: no short rows and no explicit no-short message
[karauri] retry 4/5 wait=4.0s: no short rows and no explicit no-short message
[karauri] retry 1/5 wait=0.5s: no short rows and no explicit no-short message
[karauri] retry 2/5 wait=1.0s: no short rows and no explicit no-short message
[karauri] retry 5/5 wait=8.0s: no short rows and no explicit no-short message
[karauri] retry 5/5 wait=8.0s: no short rows and no explicit no-short message
[karauri] retry 3/5 wait=2.0s: no short rows and no explicit no-short message
[karauri] retry 4/5 wait=4.0s: no short rows and no explicit no-short message
[karauri] retry 5/5 wait=8.0s: no short rows and no explicit no-short message
[karauri] retry 1/5 wait=0.5s: no short rows and no explicit no-short message
[karauri] retry 2/5 wait=1.0s: no short rows and no explicit no-short message
[karauri] retry 3/5 wait=2.0s: no short rows and no explicit no-short message
[karauri] retry 4/5 wait=4.0s: no short rows and no explicit no-short message
[karauri] retry 5/5 wait=8.0s: no short rows and no explicit no-short message
[karauri][PROGRESS] 3325/3587 rate=0.98/s elapsed=56.3m eta=4.4m
[karauri] retry 1/5 wait=0.5s: no short rows and no explicit no-short message
[karauri] retry 1/5 wait=0.5s: no short rows and no explicit no-short message
[karauri] retry 2/5 wait=1.0s: no short rows and no explicit no-short message
[karauri] retry 2/5 wait=1.0s: no short rows and no explicit no-short message
[karauri] retry 3/5 wait=2.0s: no short rows and no explicit no-short message
[karauri] retry 3/5 wait=2.0s: no short rows and no explicit no-short message
[karauri] retry 4/5 wait=4.0s: no short rows and no explicit no-short message
[karauri] retry 4/5 wait=4.0s: no short rows and no explicit no-short message
[karauri] retry 5/5 wait=8.0s: no short rows and no explicit no-short message
[karauri] retry 5/5 wait=8.0s: no short rows and no explicit no-short message
[karauri] retry 1/5 wait=0.5s: no short rows and no explicit no-short message
[karauri][PROGRESS] 3350/3587 rate=0.98/s elapsed=56.8m eta=4.0m
[karauri] retry 2/5 wait=1.0s: no short rows and no explicit no-short message
[karauri] retry 3/5 wait=2.0s: no short rows and no explicit no-short message
[karauri] retry 4/5 wait=4.0s: no short rows and no explicit no-short message
[karauri] retry 5/5 wait=8.0s: no short rows and no explicit no-short message
[karauri][PROGRESS] 3375/3587 rate=0.98/s elapsed=57.3m eta=3.6m
[karauri] retry 1/5 wait=0.5s: no short rows and no explicit no-short message
[karauri] retry 2/5 wait=1.0s: no short rows and no explicit no-short message
[karauri] retry 3/5 wait=2.0s: no short rows and no explicit no-short message
[karauri] retry 4/5 wait=4.0s: no short rows and no explicit no-short message
[karauri] retry 1/5 wait=0.5s: no short rows and no explicit no-short message
[karauri] retry 5/5 wait=8.0s: no short rows and no explicit no-short message
[karauri] retry 2/5 wait=1.0s: no short rows and no explicit no-short message
[karauri] retry 3/5 wait=2.0s: no short rows and no explicit no-short message
[karauri] retry 4/5 wait=4.0s: no short rows and no explicit no-short message
[karauri] retry 5/5 wait=8.0s: no short rows and no explicit no-short message
[karauri][PROGRESS] 3400/3587 rate=0.98/s elapsed=57.8m eta=3.2m
[karauri][COMMIT] 3400/3587 ok=3017 fail=383 no_short=0
[karauri] retry 1/5 wait=0.5s: no short rows and no explicit no-short message
[karauri] retry 1/5 wait=0.5s: no short rows and no explicit no-short message
[karauri] retry 2/5 wait=1.0s: no short rows and no explicit no-short message
[karauri] retry 2/5 wait=1.0s: no short rows and no explicit no-short message
[karauri] retry 3/5 wait=2.0s: no short rows and no explicit no-short message
[karauri] retry 3/5 wait=2.0s: no short rows and no explicit no-short message
[karauri] retry 4/5 wait=4.0s: no short rows and no explicit no-short message
[karauri] retry 4/5 wait=4.0s: no short rows and no explicit no-short message
[karauri] retry 5/5 wait=8.0s: no short rows and no explicit no-short message
[karauri] retry 5/5 wait=8.0s: no short rows and no explicit no-short message
[karauri] retry 1/5 wait=0.5s: no short rows and no explicit no-short message
[karauri] retry 2/5 wait=1.0s: no short rows and no explicit no-short message
[karauri] retry 3/5 wait=2.0s: no short rows and no explicit no-short message
[karauri] retry 4/5 wait=4.0s: no short rows and no explicit no-short message
[karauri] retry 5/5 wait=8.0s: no short rows and no explicit no-short message
[karauri] retry 1/5 wait=0.5s: no short rows and no explicit no-short message
[karauri] retry 2/5 wait=1.0s: no short rows and no explicit no-short message
[karauri] retry 3/5 wait=2.0s: no short rows and no explicit no-short message
[karauri] retry 4/5 wait=4.0s: no short rows and no explicit no-short message
[karauri][PROGRESS] 3425/3587 rate=0.98/s elapsed=58.5m eta=2.8m
[karauri] retry 5/5 wait=8.0s: no short rows and no explicit no-short message
[karauri] retry 1/5 wait=0.5s: no short rows and no explicit no-short message
[karauri] retry 2/5 wait=1.0s: no short rows and no explicit no-short message
[karauri] retry 3/5 wait=2.0s: no short rows and no explicit no-short message
[karauri] retry 4/5 wait=4.0s: no short rows and no explicit no-short message
[karauri] retry 5/5 wait=8.0s: no short rows and no explicit no-short message
[karauri][PROGRESS] 3450/3587 rate=0.97/s elapsed=59.0m eta=2.3m
[karauri] retry 1/5 wait=0.5s: no short rows and no explicit no-short message
[karauri] retry 1/5 wait=0.5s: no short rows and no explicit no-short message
[karauri] retry 2/5 wait=1.0s: no short rows and no explicit no-short message
[karauri] retry 2/5 wait=1.0s: no short rows and no explicit no-short message
[karauri] retry 3/5 wait=2.0s: no short rows and no explicit no-short message
[karauri] retry 3/5 wait=2.0s: no short rows and no explicit no-short message
[karauri] retry 4/5 wait=4.0s: no short rows and no explicit no-short message
[karauri] retry 4/5 wait=4.0s: no short rows and no explicit no-short message
[karauri] retry 1/5 wait=0.5s: no short rows and no explicit no-short message
[karauri] retry 2/5 wait=1.0s: no short rows and no explicit no-short message
[karauri] retry 3/5 wait=2.0s: no short rows and no explicit no-short message
[karauri] retry 5/5 wait=8.0s: no short rows and no explicit no-short message
[karauri] retry 5/5 wait=8.0s: no short rows and no explicit no-short message
[karauri] retry 4/5 wait=4.0s: no short rows and no explicit no-short message
[karauri] retry 1/5 wait=0.5s: no short rows and no explicit no-short message
[karauri] retry 2/5 wait=1.0s: no short rows and no explicit no-short message
[karauri] retry 3/5 wait=2.0s: no short rows and no explicit no-short message
[karauri] retry 5/5 wait=8.0s: no short rows and no explicit no-short message
[karauri] retry 4/5 wait=4.0s: no short rows and no explicit no-short message
[karauri] retry 5/5 wait=8.0s: no short rows and no explicit no-short message
[karauri] retry 1/5 wait=0.5s: no short rows and no explicit no-short message
[karauri] retry 2/5 wait=1.0s: no short rows and no explicit no-short message
[karauri] retry 3/5 wait=2.0s: no short rows and no explicit no-short message
[karauri][PROGRESS] 3475/3587 rate=0.97/s elapsed=59.5m eta=1.9m
[karauri] retry 4/5 wait=4.0s: no short rows and no explicit no-short message
[karauri] retry 5/5 wait=8.0s: no short rows and no explicit no-short message
[karauri][PROGRESS] 3500/3587 rate=0.97/s elapsed=59.9m eta=1.5m
[karauri][COMMIT] 3500/3587 ok=3107 fail=393 no_short=0
[karauri] retry 1/5 wait=0.5s: no short rows and no explicit no-short message
[karauri] retry 2/5 wait=1.0s: no short rows and no explicit no-short message
[karauri] retry 3/5 wait=2.0s: no short rows and no explicit no-short message
[karauri] retry 4/5 wait=4.0s: no short rows and no explicit no-short message
[karauri] retry 5/5 wait=8.0s: no short rows and no explicit no-short message
[karauri] retry 1/5 wait=0.5s: no short rows and no explicit no-short message
[karauri] retry 2/5 wait=1.0s: no short rows and no explicit no-short message
[karauri] retry 3/5 wait=2.0s: no short rows and no explicit no-short message
[karauri] retry 1/5 wait=0.5s: no short rows and no explicit no-short message
[karauri] retry 2/5 wait=1.0s: no short rows and no explicit no-short message
[karauri] retry 4/5 wait=4.0s: no short rows and no explicit no-short message
[karauri] retry 3/5 wait=2.0s: no short rows and no explicit no-short message
[karauri] retry 4/5 wait=4.0s: no short rows and no explicit no-short message
[karauri] retry 5/5 wait=8.0s: no short rows and no explicit no-short message
[karauri] retry 5/5 wait=8.0s: no short rows and no explicit no-short message
[karauri][PROGRESS] 3525/3587 rate=0.97/s elapsed=60.5m eta=1.1m
[karauri] retry 1/5 wait=0.5s: no short rows and no explicit no-short message
[karauri] retry 2/5 wait=1.0s: no short rows and no explicit no-short message
[karauri] retry 3/5 wait=2.0s: no short rows and no explicit no-short message
[karauri] retry 4/5 wait=4.0s: no short rows and no explicit no-short message
[karauri] retry 5/5 wait=8.0s: no short rows and no explicit no-short message
[karauri] retry 1/5 wait=0.5s: no short rows and no explicit no-short message
[karauri] retry 2/5 wait=1.0s: no short rows and no explicit no-short message
[karauri][PROGRESS] 3550/3587 rate=0.97/s elapsed=60.9m eta=0.6m
[karauri] retry 3/5 wait=2.0s: no short rows and no explicit no-short message
[karauri] retry 4/5 wait=4.0s: no short rows and no explicit no-short message
[karauri] retry 5/5 wait=8.0s: no short rows and no explicit no-short message
[karauri] retry 1/5 wait=0.5s: no short rows and no explicit no-short message
[karauri] retry 2/5 wait=1.0s: no short rows and no explicit no-short message
[karauri] retry 3/5 wait=2.0s: no short rows and no explicit no-short message
[karauri] retry 4/5 wait=4.0s: no short rows and no explicit no-short message
[karauri][PROGRESS] 3575/3587 rate=0.97/s elapsed=61.4m eta=0.2m
[karauri] retry 1/5 wait=0.5s: no short rows and no explicit no-short message
[karauri] retry 2/5 wait=1.0s: no short rows and no explicit no-short message
[karauri] retry 3/5 wait=2.0s: no short rows and no explicit no-short message
[karauri] retry 4/5 wait=4.0s: no short rows and no explicit no-short message
[karauri] retry 5/5 wait=8.0s: no short rows and no explicit no-short message
[karauri] retry 5/5 wait=8.0s: no short rows and no explicit no-short message
[karauri][PROGRESS] 3587/3587 rate=0.97/s elapsed=61.7m eta=0.0m
[karauri][COMMIT] 3587/3587 ok=3187 fail=400 no_short=0
[karauri] 今回 ok=3187 fail=400 no_short=0
[karauri][PARTIAL] 未完了=400 sample=['1381', '1438', '1444', '1718', '1736', '1764', '1768', '1770', '1773', '1788']
===== 2026-08-17T09:05:50 END status=partial rc=2 =====
